Date,Plant_ID,Plant_Name,Generation_Type,Region,Capacity_MW,Actual_Generation_MWh,Expected_Generation_MWh,Generation_Variance_MWh,Generation_Variance_Pct,Capacity_Factor,Availability_Percent,Available_Hours,Planned_Downtime_Hours,Unplanned_Downtime_Hours,Total_Downtime_Hours,Maintenance_Cost,Maintenance_Events,Safety_Incidents,Generation_Imputed,Maintenance_Cost_Corrected,Year,Month,Month_Name
2025-01-01,BAT-01,Summit Storage,Battery Energy Storage,North Ridge,75,329.5,320.9,8.6,2.7,0.1831,100.0,24,0,0,0,0.0,0,0,False,False,2025,1,January
2025-01-02,BAT-01,Summit Storage,Battery Energy Storage,North Ridge,75,319.7,322.2,-2.5,-0.8,0.1776,100.0,24,0,0,0,0.0,0,0,False,False,2025,1,January
2025-01-03,BAT-01,Summit Storage,Battery Energy Storage,North Ridge,75,315.0,323.4,-8.4,-2.6,0.175,100.0,24,0,0,0,0.0,0,0,False,False,2025,1,January
2025-01-04,BAT-01,Summit Storage,Battery Energy Storage,North Ridge,75,189.8,201.2,-11.4,-5.7,0.1054,100.0,24,0,0,0,0.0,0,0,False,False,2025,1,January
2025-01-05,BAT-01,Summit Storage,Battery Energy Storage,North Ridge,75,225.4,201.9,23.5,11.6,0.1252,100.0,24,0,0,0,0.0,0,0,False,False,2025,1,January
2025-01-06,BAT-01,Summit Storage,Battery Energy Storage,North Ridge,75,327.6,326.6,1.0,0.3,0.182,100.0,24,0,0,0,0.0,0,0,False,False,2025,1,January
2025-01-07,BAT-01,Summit Storage,Battery Energy Storage,North Ridge,75,293.3,327.4,-34.1,-10.4,0.1629,100.0,24,0,0,0,0.0,0,0,False,False,2025,1,January
2025-01-08,BAT-01,Summit Storage,Battery Energy Storage,North Ridge,75,334.7,328.2,6.5,2.0,0.1859,100.0,24,0,0,0,0.0,0,0,False,False,2025,1,January
2025-01-09,BAT-01,Summit Storage,Battery Energy Storage,North Ridge,75,352.6,328.8,23.8,7.2,0.1959,100.0,24,0,0,0,0.0,0,0,False,False,2025,1,January
2025-01-10,BAT-01,Summit Storage,Battery Energy Storage,North Ridge,75,332.5,329.4,3.1,0.9,0.1847,100.0,24,0,0,0,0.0,0,0,False,False,2025,1,January
2025-01-11,BAT-01,Summit Storage,Battery Energy Storage,North Ridge,75,193.4,204.5,-11.1,-5.4,0.1074,100.0,24,0,0,0,0.0,0,0,False,False,2025,1,January
2025-01-12,BAT-01,Summit Storage,Battery Energy Storage,North Ridge,75,192.5,204.7,-12.2,-6.0,0.1069,100.0,24,0,0,0,0.0,0,0,False,False,2025,1,January
2025-01-13,BAT-01,Summit Storage,Battery Energy Storage,North Ridge,75,312.2,330.4,-18.2,-5.5,0.1734,100.0,24,0,0,0,0.0,0,0,False,False,2025,1,January
2025-01-14,BAT-01,Summit Storage,Battery Energy Storage,North Ridge,75,360.7,330.5,30.2,9.1,0.2004,100.0,24,0,0,0,0.0,0,0,False,False,2025,1,January
2025-01-15,BAT-01,Summit Storage,Battery Energy Storage,North Ridge,75,329.1,330.5,-1.4,-0.4,0.1828,100.0,24,0,0,0,0.0,0,0,False,False,2025,1,January
2025-01-16,BAT-01,Summit Storage,Battery Energy Storage,North Ridge,75,297.2,330.5,-33.3,-10.1,0.1651,100.0,24,0,0,0,0.0,0,0,False,False,2025,1,January
2025-01-17,BAT-01,Summit Storage,Battery Energy Storage,North Ridge,75,337.9,330.3,7.6,2.3,0.1877,100.0,24,0,0,0,0.0,0,0,False,False,2025,1,January
2025-01-18,BAT-01,Summit Storage,Battery Energy Storage,North Ridge,75,206.3,204.6,1.7,0.8,0.1146,100.0,24,0,0,0,0.0,0,0,False,False,2025,1,January
2025-01-19,BAT-01,Summit Storage,Battery Energy Storage,North Ridge,75,198.8,204.3,-5.5,-2.7,0.1104,100.0,24,0,0,0,0.0,0,0,False,False,2025,1,January
2025-01-20,BAT-01,Summit Storage,Battery Energy Storage,North Ridge,75,308.9,329.0,-20.1,-6.1,0.1716,100.0,24,0,0,0,0.0,0,0,False,False,2025,1,January
2025-01-21,BAT-01,Summit Storage,Battery Energy Storage,North Ridge,75,307.4,328.4,-21.0,-6.4,0.1708,100.0,24,0,0,0,0.0,0,0,False,False,2025,1,January
2025-01-22,BAT-01,Summit Storage,Battery Energy Storage,North Ridge,75,349.0,327.6,21.4,6.5,0.1939,100.0,24,0,0,0,0.0,0,0,False,False,2025,1,January
2025-01-23,BAT-01,Summit Storage,Battery Energy Storage,North Ridge,75,331.7,326.8,4.9,1.5,0.1843,100.0,24,0,0,0,0.0,0,0,False,False,2025,1,January
2025-01-24,BAT-01,Summit Storage,Battery Energy Storage,North Ridge,75,335.3,325.9,9.4,2.9,0.1863,100.0,24,0,0,0,0.0,0,0,False,False,2025,1,January
2025-01-25,BAT-01,Summit Storage,Battery Energy Storage,North Ridge,75,204.4,201.5,2.9,1.4,0.1136,100.0,24,0,0,0,0.0,0,0,False,False,2025,1,January
2025-01-26,BAT-01,Summit Storage,Battery Energy Storage,North Ridge,75,204.7,200.8,3.9,1.9,0.1137,100.0,24,0,0,0,0.0,0,0,False,False,2025,1,January
2025-01-27,BAT-01,Summit Storage,Battery Energy Storage,North Ridge,75,313.6,322.7,-9.1,-2.8,0.1742,100.0,24,0,0,0,0.0,0,0,False,False,2025,1,January
2025-01-28,BAT-01,Summit Storage,Battery Energy Storage,North Ridge,75,317.4,321.4,-4.0,-1.2,0.1763,100.0,24,0,0,0,0.0,0,0,False,False,2025,1,January
2025-01-29,BAT-01,Summit Storage,Battery Energy Storage,North Ridge,75,342.3,320.0,22.3,7.0,0.1902,100.0,24,0,0,0,0.0,0,0,False,False,2025,1,January
2025-01-30,BAT-01,Summit Storage,Battery Energy Storage,North Ridge,75,345.5,318.5,27.0,8.5,0.1919,100.0,24,0,0,0,0.0,0,0,False,False,2025,1,January
2025-01-31,BAT-01,Summit Storage,Battery Energy Storage,North Ridge,75,293.7,316.9,-23.2,-7.3,0.1632,100.0,24,0,0,0,0.0,0,0,False,False,2025,1,January
2025-02-01,BAT-01,Summit Storage,Battery Energy Storage,North Ridge,75,193.0,195.5,-2.5,-1.3,0.1072,100.0,24,0,0,0,0.0,0,0,False,False,2025,2,February
2025-02-02,BAT-01,Summit Storage,Battery Energy Storage,North Ridge,75,204.2,194.4,9.8,5.0,0.1134,100.0,24,0,0,0,0.0,0,0,False,False,2025,2,February
2025-02-03,BAT-01,Summit Storage,Battery Energy Storage,North Ridge,75,347.0,311.8,35.2,11.3,0.1928,100.0,24,0,0,0,0.0,0,0,False,False,2025,2,February
2025-02-04,BAT-01,Summit Storage,Battery Energy Storage,North Ridge,75,343.0,309.9,33.1,10.7,0.1906,100.0,24,0,0,0,0.0,0,0,False,False,2025,2,February
2025-02-05,BAT-01,Summit Storage,Battery Energy Storage,North Ridge,75,293.2,307.9,-14.7,-4.8,0.1629,100.0,24,0,0,0,0.0,0,0,False,False,2025,2,February
2025-02-06,BAT-01,Summit Storage,Battery Energy Storage,North Ridge,75,329.3,305.9,23.4,7.6,0.1829,100.0,24,0,0,0,0.0,0,0,False,False,2025,2,February
2025-02-07,BAT-01,Summit Storage,Battery Energy Storage,North Ridge,75,304.9,303.8,1.1,0.4,0.1694,100.0,24,0,0,0,0.0,0,0,False,False,2025,2,February
2025-02-08,BAT-01,Summit Storage,Battery Energy Storage,North Ridge,75,198.7,187.0,11.7,6.3,0.1104,100.0,24,0,0,0,0.0,0,0,False,False,2025,2,February
2025-02-09,BAT-01,Summit Storage,Battery Energy Storage,North Ridge,75,194.4,185.7,8.7,4.7,0.108,100.0,24,0,0,0,0.0,0,0,False,False,2025,2,February
2025-02-10,BAT-01,Summit Storage,Battery Energy Storage,North Ridge,75,274.6,297.2,-22.6,-7.6,0.1526,100.0,24,0,0,0,0.0,0,0,False,False,2025,2,February
2025-02-11,BAT-01,Summit Storage,Battery Energy Storage,North Ridge,75,304.6,294.9,9.7,3.3,0.1692,100.0,24,0,0,0,0.0,0,0,False,False,2025,2,February
2025-02-12,BAT-01,Summit Storage,Battery Energy Storage,North Ridge,75,310.1,292.5,17.6,6.0,0.1723,100.0,24,0,0,0,0.0,0,0,False,False,2025,2,February
2025-02-13,BAT-01,Summit Storage,Battery Energy Storage,North Ridge,75,289.7,290.1,-0.4,-0.1,0.1609,100.0,24,0,0,0,0.0,0,0,False,False,2025,2,February
2025-02-14,BAT-01,Summit Storage,Battery Energy Storage,North Ridge,75,283.4,287.6,-4.2,-1.5,0.1574,100.0,24,0,0,0,0.0,0,0,False,False,2025,2,February
2025-02-15,BAT-01,Summit Storage,Battery Energy Storage,North Ridge,75,160.1,176.8,-16.7,-9.4,0.0889,100.0,24,0,0,0,0.0,0,0,False,False,2025,2,February
2025-02-16,BAT-01,Summit Storage,Battery Energy Storage,North Ridge,75,182.4,175.2,7.2,4.1,0.1013,100.0,24,0,0,0,0.0,0,0,False,False,2025,2,February
2025-02-17,BAT-01,Summit Storage,Battery Energy Storage,North Ridge,75,283.6,280.1,3.5,1.2,0.1576,100.0,24,0,0,0,0.0,0,0,False,False,2025,2,February
2025-02-18,BAT-01,Summit Storage,Battery Energy Storage,North Ridge,75,262.1,277.5,-15.4,-5.5,0.1456,100.0,24,0,0,0,0.0,0,0,False,False,2025,2,February
2025-02-19,BAT-01,Summit Storage,Battery Energy Storage,North Ridge,75,269.5,274.9,-5.4,-2.0,0.1497,100.0,24,0,0,0,0.0,0,0,False,False,2025,2,February
2025-02-20,BAT-01,Summit Storage,Battery Energy Storage,North Ridge,75,274.8,272.3,2.5,0.9,0.1527,100.0,24,0,0,0,0.0,0,0,False,False,2025,2,February
2025-02-21,BAT-01,Summit Storage,Battery Energy Storage,North Ridge,75,260.6,269.6,-9.0,-3.3,0.1448,100.0,24,0,0,0,0.0,0,0,False,False,2025,2,February
2025-02-22,BAT-01,Summit Storage,Battery Energy Storage,North Ridge,75,165.6,165.5,0.1,0.1,0.092,100.0,24,0,0,0,0.0,0,0,False,False,2025,2,February
2025-02-23,BAT-01,Summit Storage,Battery Energy Storage,North Ridge,75,146.7,163.9,-17.2,-10.5,0.0815,100.0,24,0,0,0,0.0,0,0,False,False,2025,2,February
2025-02-24,BAT-01,Summit Storage,Battery Energy Storage,North Ridge,75,282.9,261.7,21.2,8.1,0.1572,100.0,24,0,0,0,0.0,0,0,False,False,2025,2,February
2025-02-25,BAT-01,Summit Storage,Battery Energy Storage,North Ridge,75,259.3,259.1,0.2,0.1,0.1441,100.0,24,0,0,0,0.0,0,0,False,False,2025,2,February
2025-02-26,BAT-01,Summit Storage,Battery Energy Storage,North Ridge,75,239.5,256.5,-17.0,-6.6,0.1331,100.0,24,0,0,0,0.0,0,0,False,False,2025,2,February
2025-02-27,BAT-01,Summit Storage,Battery Energy Storage,North Ridge,75,216.4,253.8,-37.4,-14.7,0.1202,100.0,24,0,0,0,0.0,0,0,False,False,2025,2,February
2025-02-28,BAT-01,Summit Storage,Battery Energy Storage,North Ridge,75,266.7,251.2,15.5,6.2,0.1482,100.0,24,0,0,0,0.0,0,0,False,False,2025,2,February
2025-03-01,BAT-01,Summit Storage,Battery Energy Storage,North Ridge,75,159.3,154.2,5.1,3.3,0.0885,100.0,24,0,0,0,0.0,0,0,False,False,2025,3,March
2025-03-02,BAT-01,Summit Storage,Battery Energy Storage,North Ridge,75,154.5,152.6,1.9,1.2,0.0858,100.0,24,0,0,0,0.0,0,0,False,False,2025,3,March
2025-03-03,BAT-01,Summit Storage,Battery Energy Storage,North Ridge,75,256.1,243.5,12.6,5.2,0.1423,100.0,24,0,0,0,0.0,0,0,False,False,2025,3,March
2025-03-04,BAT-01,Summit Storage,Battery Energy Storage,North Ridge,75,253.5,241.0,12.5,5.2,0.1408,100.0,24,0,0,0,0.0,0,0,False,False,2025,3,March
2025-03-05,BAT-01,Summit Storage,Battery Energy Storage,North Ridge,75,241.3,238.5,2.8,1.2,0.1341,100.0,24,0,0,0,0.0,0,0,False,False,2025,3,March
2025-03-06,BAT-01,Summit Storage,Battery Energy Storage,North Ridge,75,232.5,236.1,-3.6,-1.5,0.1292,100.0,24,0,0,0,0.0,0,0,False,False,2025,3,March
2025-03-07,BAT-01,Summit Storage,Battery Energy Storage,North Ridge,75,227.8,233.6,-5.8,-2.5,0.1266,100.0,24,0,0,0,0.0,0,0,False,False,2025,3,March
2025-03-08,BAT-01,Summit Storage,Battery Energy Storage,North Ridge,75,147.0,143.4,3.6,2.5,0.0817,100.0,24,0,0,0,0.0,0,0,False,False,2025,3,March
2025-03-09,BAT-01,Summit Storage,Battery Energy Storage,North Ridge,75,153.8,141.9,11.9,8.4,0.0854,100.0,24,0,0,0,0.0,0,0,False,False,2025,3,March
2025-03-10,BAT-01,Summit Storage,Battery Energy Storage,North Ridge,75,225.2,226.6,-1.4,-0.6,0.1251,100.0,24,0,0,0,0.0,0,0,False,False,2025,3,March
2025-03-11,BAT-01,Summit Storage,Battery Energy Storage,North Ridge,75,244.3,224.4,19.9,8.9,0.1357,100.0,24,0,0,0,0.0,0,0,False,False,2025,3,March
2025-03-12,BAT-01,Summit Storage,Battery Energy Storage,North Ridge,75,227.2,222.2,5.0,2.3,0.1262,100.0,24,0,0,0,0.0,0,0,False,False,2025,3,March
2025-03-13,BAT-01,Summit Storage,Battery Energy Storage,North Ridge,75,225.1,220.1,5.0,2.3,0.1251,100.0,24,0,0,0,0.0,0,0,False,False,2025,3,March
2025-03-14,BAT-01,Summit Storage,Battery Energy Storage,North Ridge,75,249.4,218.0,31.4,14.4,0.1386,100.0,24,0,0,0,0.0,0,0,False,False,2025,3,March
2025-03-15,BAT-01,Summit Storage,Battery Energy Storage,North Ridge,75,147.2,133.9,13.3,9.9,0.0818,100.0,24,0,0,0,0.0,0,0,False,False,2025,3,March
2025-03-16,BAT-01,Summit Storage,Battery Energy Storage,North Ridge,75,146.0,132.7,13.3,10.0,0.0811,100.0,24,0,0,0,0.0,0,0,False,False,2025,3,March
2025-03-17,BAT-01,Summit Storage,Battery Energy Storage,North Ridge,75,201.9,212.1,-10.2,-4.8,0.1122,100.0,24,0,0,0,0.0,0,0,False,False,2025,3,March
2025-03-18,BAT-01,Summit Storage,Battery Energy Storage,North Ridge,75,237.9,210.2,27.7,13.2,0.1322,100.0,24,0,0,0,0.0,0,0,False,False,2025,3,March
2025-03-19,BAT-01,Summit Storage,Battery Energy Storage,North Ridge,75,207.4,208.4,-1.0,-0.5,0.1152,100.0,24,0,0,0,0.0,0,0,False,False,2025,3,March
2025-03-20,BAT-01,Summit Storage,Battery Energy Storage,North Ridge,75,203.9,206.7,-2.8,-1.4,0.1133,100.0,24,0,0,0,0.0,0,0,False,False,2025,3,March
2025-03-21,BAT-01,Summit Storage,Battery Energy Storage,North Ridge,75,178.5,205.1,-26.6,-13.0,0.0992,100.0,24,0,0,0,0.0,0,0,False,False,2025,3,March
2025-03-22,BAT-01,Summit Storage,Battery Energy Storage,North Ridge,75,128.6,126.2,2.4,1.9,0.0714,100.0,24,0,0,0,0.0,0,0,False,False,2025,3,March
2025-03-23,BAT-01,Summit Storage,Battery Energy Storage,North Ridge,75,117.1,125.2,-8.1,-6.5,0.0651,100.0,24,0,0,0,0.0,0,0,False,False,2025,3,March
2025-03-24,BAT-01,Summit Storage,Battery Energy Storage,North Ridge,75,205.5,200.6,4.9,2.4,0.1142,100.0,24,0,0,0,0.0,0,0,False,False,2025,3,March
2025-03-25,BAT-01,Summit Storage,Battery Energy Storage,North Ridge,75,185.3,199.2,-13.9,-7.0,0.1029,100.0,24,0,0,0,0.0,0,0,False,False,2025,3,March
2025-03-26,BAT-01,Summit Storage,Battery Energy Storage,North Ridge,75,219.3,197.9,21.4,10.8,0.1218,100.0,24,0,0,0,0.0,0,0,False,False,2025,3,March
2025-03-27,BAT-01,Summit Storage,Battery Energy Storage,North Ridge,75,203.2,196.7,6.5,3.3,0.1129,100.0,24,0,0,0,0.0,0,0,False,False,2025,3,March
2025-03-28,BAT-01,Summit Storage,Battery Energy Storage,North Ridge,75,222.4,195.6,26.8,13.7,0.1236,100.0,24,0,0,0,0.0,0,0,False,False,2025,3,March
2025-03-29,BAT-01,Summit Storage,Battery Energy Storage,North Ridge,75,113.2,120.6,-7.4,-6.1,0.0629,100.0,24,0,0,0,0.0,0,0,False,False,2025,3,March
2025-03-30,BAT-01,Summit Storage,Battery Energy Storage,North Ridge,75,131.2,120.0,11.2,9.3,0.0729,100.0,24,0,0,0,0.0,0,0,False,False,2025,3,March
2025-03-31,BAT-01,Summit Storage,Battery Energy Storage,North Ridge,75,171.9,192.7,-20.8,-10.8,0.0955,100.0,24,0,0,0,0.0,0,0,False,False,2025,3,March
2025-04-01,BAT-01,Summit Storage,Battery Energy Storage,North Ridge,75,194.3,191.9,2.4,1.3,0.1079,100.0,24,0,0,0,0.0,0,0,False,False,2025,4,April
2025-04-02,BAT-01,Summit Storage,Battery Energy Storage,North Ridge,75,183.9,191.2,-7.3,-3.8,0.1022,100.0,24,0,0,0,0.0,0,0,False,False,2025,4,April
2025-04-03,BAT-01,Summit Storage,Battery Energy Storage,North Ridge,75,185.4,190.5,-5.1,-2.7,0.103,100.0,24,0,0,0,0.0,0,0,False,False,2025,4,April
2025-04-04,BAT-01,Summit Storage,Battery Energy Storage,North Ridge,75,184.1,189.9,-5.8,-3.1,0.1023,100.0,24,0,0,0,0.0,0,0,False,False,2025,4,April
2025-04-05,BAT-01,Summit Storage,Battery Energy Storage,North Ridge,75,111.0,117.5,-6.5,-5.5,0.0617,100.0,24,0,0,0,0.0,0,0,False,False,2025,4,April
2025-04-06,BAT-01,Summit Storage,Battery Energy Storage,North Ridge,75,108.4,117.2,-8.8,-7.5,0.0602,100.0,24,0,0,0,0.0,0,0,False,False,2025,4,April
2025-04-07,BAT-01,Summit Storage,Battery Energy Storage,North Ridge,75,183.7,188.7,-5.0,-2.6,0.1021,100.0,24,0,0,0,0.0,0,0,False,False,2025,4,April
2025-04-08,BAT-01,Summit Storage,Battery Energy Storage,North Ridge,75,189.8,188.5,1.3,0.7,0.1054,100.0,24,0,0,0,0.0,0,0,False,False,2025,4,April
2025-04-09,BAT-01,Summit Storage,Battery Energy Storage,North Ridge,75,201.5,188.3,13.2,7.0,0.1119,100.0,24,0,0,0,0.0,0,0,False,False,2025,4,April
2025-04-10,BAT-01,Summit Storage,Battery Energy Storage,North Ridge,75,191.6,188.3,3.3,1.8,0.1064,100.0,24,0,0,0,0.0,0,0,False,False,2025,4,April
2025-04-11,BAT-01,Summit Storage,Battery Energy Storage,North Ridge,75,201.5,188.3,13.2,7.0,0.1119,100.0,24,0,0,0,0.0,0,0,False,False,2025,4,April
2025-04-12,BAT-01,Summit Storage,Battery Energy Storage,North Ridge,75,106.4,116.8,-10.4,-8.9,0.0591,100.0,24,0,0,0,0.0,0,0,False,False,2025,4,April
2025-04-13,BAT-01,Summit Storage,Battery Energy Storage,North Ridge,75,113.9,116.9,-3.0,-2.6,0.0633,100.0,24,0,0,0,0.0,0,0,False,False,2025,4,April
2025-04-14,BAT-01,Summit Storage,Battery Energy Storage,North Ridge,75,196.9,188.8,8.1,4.3,0.1094,100.0,24,0,0,0,0.0,0,0,False,False,2025,4,April
2025-04-15,BAT-01,Summit Storage,Battery Energy Storage,North Ridge,75,193.0,189.1,3.9,2.1,0.1072,100.0,24,0,0,0,0.0,0,0,False,False,2025,4,April
2025-04-16,BAT-01,Summit Storage,Battery Energy Storage,North Ridge,75,179.8,189.6,-9.8,-5.2,0.0999,100.0,24,0,0,0,0.0,0,0,False,False,2025,4,April
2025-04-17,BAT-01,Summit Storage,Battery Energy Storage,North Ridge,75,200.7,190.1,10.6,5.6,0.1115,100.0,24,0,0,0,0.0,0,0,False,False,2025,4,April
2025-04-18,BAT-01,Summit Storage,Battery Energy Storage,North Ridge,75,184.6,190.6,-6.0,-3.1,0.1026,100.0,24,0,0,0,0.0,0,0,False,False,2025,4,April
2025-04-19,BAT-01,Summit Storage,Battery Energy Storage,North Ridge,75,113.1,118.6,-5.5,-4.6,0.0628,100.0,24,0,0,0,0.0,0,0,False,False,2025,4,April
2025-04-20,BAT-01,Summit Storage,Battery Energy Storage,North Ridge,75,91.9,89.3,2.6,2.9,0.0511,75.0,18,6,0,6,2873.39,1,0,False,False,2025,4,April
2025-04-21,BAT-01,Summit Storage,Battery Energy Storage,North Ridge,75,192.9,192.9,0.0,0.0,0.1072,100.0,24,0,0,0,0.0,0,0,False,False,2025,4,April
2025-04-22,BAT-01,Summit Storage,Battery Energy Storage,North Ridge,75,187.7,193.8,-6.1,-3.1,0.1043,100.0,24,0,0,0,0.0,0,0,False,False,2025,4,April
2025-04-23,BAT-01,Summit Storage,Battery Energy Storage,North Ridge,75,188.2,194.7,-6.5,-3.3,0.1046,100.0,24,0,0,0,0.0,0,0,False,False,2025,4,April
2025-04-24,BAT-01,Summit Storage,Battery Energy Storage,North Ridge,75,183.2,195.8,-12.6,-6.4,0.1018,100.0,24,0,0,0,0.0,0,0,False,False,2025,4,April
2025-04-25,BAT-01,Summit Storage,Battery Energy Storage,North Ridge,75,192.2,196.9,-4.7,-2.4,0.1068,100.0,24,0,0,0,0.0,0,0,False,False,2025,4,April
2025-04-26,BAT-01,Summit Storage,Battery Energy Storage,North Ridge,75,130.9,122.8,8.1,6.6,0.0727,100.0,24,0,0,0,0.0,0,0,False,False,2025,4,April
2025-04-27,BAT-01,Summit Storage,Battery Energy Storage,North Ridge,75,125.4,123.6,1.8,1.5,0.0697,100.0,24,0,0,0,0.0,0,0,False,False,2025,4,April
2025-04-28,BAT-01,Summit Storage,Battery Energy Storage,North Ridge,75,212.3,200.8,11.5,5.7,0.1179,100.0,24,0,0,0,0.0,0,0,False,False,2025,4,April
2025-04-29,BAT-01,Summit Storage,Battery Energy Storage,North Ridge,75,208.4,202.2,6.2,3.1,0.1158,100.0,24,0,0,0,0.0,0,0,False,False,2025,4,April
2025-04-30,BAT-01,Summit Storage,Battery Energy Storage,North Ridge,75,196.2,203.7,-7.5,-3.7,0.109,100.0,24,0,0,0,0.0,0,0,False,False,2025,4,April
2025-05-01,BAT-01,Summit Storage,Battery Energy Storage,North Ridge,75,184.9,205.3,-20.4,-9.9,0.1027,100.0,24,0,0,0,0.0,0,0,False,False,2025,5,May
2025-05-02,BAT-01,Summit Storage,Battery Energy Storage,North Ridge,75,195.4,206.9,-11.5,-5.6,0.1086,100.0,24,0,0,0,0.0,0,0,False,False,2025,5,May
2025-05-03,BAT-01,Summit Storage,Battery Energy Storage,North Ridge,75,124.1,129.3,-5.2,-4.0,0.0689,100.0,24,0,0,0,0.0,0,0,False,False,2025,5,May
2025-05-04,BAT-01,Summit Storage,Battery Energy Storage,North Ridge,75,124.6,130.4,-5.8,-4.4,0.0692,100.0,24,0,0,0,0.0,0,0,False,False,2025,5,May
2025-05-05,BAT-01,Summit Storage,Battery Energy Storage,North Ridge,75,224.7,212.2,12.5,5.9,0.1248,100.0,24,0,0,0,0.0,0,0,False,False,2025,5,May
2025-05-06,BAT-01,Summit Storage,Battery Energy Storage,North Ridge,75,226.6,214.1,12.5,5.8,0.1259,100.0,24,0,0,0,0.0,0,0,False,False,2025,5,May
2025-05-07,BAT-01,Summit Storage,Battery Energy Storage,North Ridge,75,244.8,216.1,28.7,13.3,0.136,100.0,24,0,0,0,0.0,0,0,False,False,2025,5,May
2025-05-08,BAT-01,Summit Storage,Battery Energy Storage,North Ridge,75,208.1,218.1,-10.0,-4.6,0.1156,100.0,24,0,0,0,0.0,0,0,False,False,2025,5,May
2025-05-09,BAT-01,Summit Storage,Battery Energy Storage,North Ridge,75,241.3,220.2,21.1,9.6,0.1341,100.0,24,0,0,0,0.0,0,0,False,False,2025,5,May
2025-05-10,BAT-01,Summit Storage,Battery Energy Storage,North Ridge,75,151.0,137.9,13.1,9.5,0.0839,100.0,24,0,0,0,0.0,0,0,False,False,2025,5,May
2025-05-11,BAT-01,Summit Storage,Battery Energy Storage,North Ridge,75,137.3,139.2,-1.9,-1.4,0.0763,100.0,24,0,0,0,0.0,0,0,False,False,2025,5,May
2025-05-12,BAT-01,Summit Storage,Battery Energy Storage,North Ridge,75,233.3,226.9,6.4,2.8,0.1296,100.0,24,0,0,0,0.0,0,0,False,False,2025,5,May
2025-05-13,BAT-01,Summit Storage,Battery Energy Storage,North Ridge,75,246.2,229.2,17.0,7.4,0.1368,100.0,24,0,0,0,0.0,0,0,False,False,2025,5,May
2025-05-14,BAT-01,Summit Storage,Battery Energy Storage,North Ridge,75,230.7,231.6,-0.9,-0.4,0.1282,100.0,24,0,0,0,0.0,0,0,False,False,2025,5,May
2025-05-15,BAT-01,Summit Storage,Battery Energy Storage,North Ridge,75,232.1,234.0,-1.9,-0.8,0.1289,100.0,24,0,0,0,0.0,0,0,False,False,2025,5,May
2025-05-16,BAT-01,Summit Storage,Battery Energy Storage,North Ridge,75,227.6,236.5,-8.9,-3.8,0.1264,100.0,24,0,0,0,0.0,0,0,False,False,2025,5,May
2025-05-17,BAT-01,Summit Storage,Battery Energy Storage,North Ridge,75,127.2,148.2,-21.0,-14.2,0.0707,100.0,24,0,0,0,0.0,0,0,False,False,2025,5,May
2025-05-18,BAT-01,Summit Storage,Battery Energy Storage,North Ridge,75,150.4,149.8,0.6,0.4,0.0836,100.0,24,0,0,0,0.0,0,0,False,False,2025,5,May
2025-05-19,BAT-01,Summit Storage,Battery Energy Storage,North Ridge,75,233.8,244.2,-10.4,-4.3,0.1299,100.0,24,0,0,0,0.0,0,0,False,False,2025,5,May
2025-05-20,BAT-01,Summit Storage,Battery Energy Storage,North Ridge,75,230.9,246.9,-16.0,-6.5,0.1283,100.0,24,0,0,0,0.0,0,1,False,False,2025,5,May
2025-05-21,BAT-01,Summit Storage,Battery Energy Storage,North Ridge,75,255.9,249.6,6.3,2.5,0.1422,100.0,24,0,0,0,0.0,0,0,False,False,2025,5,May
2025-05-22,BAT-01,Summit Storage,Battery Energy Storage,North Ridge,75,230.3,252.3,-22.0,-8.7,0.1279,100.0,24,0,0,0,0.0,0,0,False,False,2025,5,May
2025-05-23,BAT-01,Summit Storage,Battery Energy Storage,North Ridge,75,267.4,255.1,12.3,4.8,0.1486,100.0,24,0,0,0,0.0,0,0,False,False,2025,5,May
2025-05-24,BAT-01,Summit Storage,Battery Energy Storage,North Ridge,75,164.5,159.9,4.6,2.9,0.0914,100.0,24,0,0,0,0.0,0,0,False,False,2025,5,May
2025-05-25,BAT-01,Summit Storage,Battery Energy Storage,North Ridge,75,157.8,161.7,-3.9,-2.4,0.0877,100.0,24,0,0,0,0.0,0,0,False,False,2025,5,May
2025-05-26,BAT-01,Summit Storage,Battery Energy Storage,North Ridge,75,262.6,263.6,-1.0,-0.4,0.1459,100.0,24,0,0,0,0.0,0,0,False,False,2025,5,May
2025-05-27,BAT-01,Summit Storage,Battery Energy Storage,North Ridge,75,247.5,266.5,-19.0,-7.1,0.1375,100.0,24,0,0,0,0.0,0,0,False,False,2025,5,May
2025-05-28,BAT-01,Summit Storage,Battery Energy Storage,North Ridge,75,281.6,269.4,12.2,4.5,0.1564,100.0,24,0,0,0,0.0,0,0,False,False,2025,5,May
2025-05-29,BAT-01,Summit Storage,Battery Energy Storage,North Ridge,75,275.5,272.4,3.1,1.1,0.1531,100.0,24,0,0,0,0.0,0,0,False,False,2025,5,May
2025-05-30,BAT-01,Summit Storage,Battery Energy Storage,North Ridge,75,279.7,275.4,4.3,1.6,0.1554,100.0,24,0,0,0,0.0,0,0,False,False,2025,5,May
2025-05-31,BAT-01,Summit Storage,Battery Energy Storage,North Ridge,75,177.8,172.6,5.2,3.0,0.0988,100.0,24,0,0,0,0.0,0,0,False,False,2025,5,May
2025-06-01,BAT-01,Summit Storage,Battery Energy Storage,North Ridge,75,167.7,174.4,-6.7,-3.8,0.0932,100.0,24,0,0,0,0.0,0,0,False,False,2025,6,June
2025-06-02,BAT-01,Summit Storage,Battery Energy Storage,North Ridge,75,258.4,284.4,-26.0,-9.1,0.1436,100.0,24,0,0,0,0.0,0,0,False,False,2025,6,June
2025-06-03,BAT-01,Summit Storage,Battery Energy Storage,North Ridge,75,303.9,287.4,16.5,5.7,0.1688,100.0,24,0,0,0,0.0,0,0,False,False,2025,6,June
2025-06-04,BAT-01,Summit Storage,Battery Energy Storage,North Ridge,75,302.4,290.4,12.0,4.1,0.168,100.0,24,0,0,0,0.0,0,0,False,False,2025,6,June
2025-06-05,BAT-01,Summit Storage,Battery Energy Storage,North Ridge,75,284.0,293.5,-9.5,-3.2,0.1578,100.0,24,0,0,0,0.0,0,0,False,False,2025,6,June
2025-06-06,BAT-01,Summit Storage,Battery Energy Storage,North Ridge,75,303.8,296.5,7.3,2.5,0.1688,100.0,24,0,0,0,0.0,0,0,False,False,2025,6,June
2025-06-07,BAT-01,Summit Storage,Battery Energy Storage,North Ridge,75,199.7,185.7,14.0,7.5,0.1109,100.0,24,0,0,0,0.0,0,0,False,False,2025,6,June
2025-06-08,BAT-01,Summit Storage,Battery Energy Storage,North Ridge,75,200.4,187.6,12.8,6.8,0.1113,100.0,24,0,0,0,0.0,0,0,False,False,2025,6,June
2025-06-09,BAT-01,Summit Storage,Battery Energy Storage,North Ridge,75,295.2,305.6,-10.4,-3.4,0.164,100.0,24,0,0,0,0.0,0,0,False,False,2025,6,June
2025-06-10,BAT-01,Summit Storage,Battery Energy Storage,North Ridge,75,281.0,308.6,-27.6,-8.9,0.1561,100.0,24,0,0,0,0.0,0,0,False,False,2025,6,June
2025-06-11,BAT-01,Summit Storage,Battery Energy Storage,North Ridge,75,287.0,311.6,-24.6,-7.9,0.1594,100.0,24,0,0,0,0.0,0,0,False,False,2025,6,June
2025-06-12,BAT-01,Summit Storage,Battery Energy Storage,North Ridge,75,308.7,314.6,-5.9,-1.9,0.1715,100.0,24,0,0,0,0.0,0,0,False,False,2025,6,June
2025-06-13,BAT-01,Summit Storage,Battery Energy Storage,North Ridge,75,345.4,317.6,27.8,8.8,0.1919,100.0,24,0,0,0,0.0,0,0,False,False,2025,6,June
2025-06-14,BAT-01,Summit Storage,Battery Energy Storage,North Ridge,75,190.0,198.7,-8.7,-4.4,0.1056,100.0,24,0,0,0,0.0,0,0,False,False,2025,6,June
2025-06-15,BAT-01,Summit Storage,Battery Energy Storage,North Ridge,75,193.3,200.5,-7.2,-3.6,0.1074,100.0,24,0,0,0,0.0,0,0,False,False,2025,6,June
2025-06-16,BAT-01,Summit Storage,Battery Energy Storage,North Ridge,75,314.2,326.3,-12.1,-3.7,0.1746,100.0,24,0,0,0,0.0,0,0,False,False,2025,6,June
2025-06-17,BAT-01,Summit Storage,Battery Energy Storage,North Ridge,75,318.7,329.2,-10.5,-3.2,0.1771,100.0,24,0,0,0,0.0,0,0,False,False,2025,6,June
2025-06-18,BAT-01,Summit Storage,Battery Energy Storage,North Ridge,75,331.8,332.0,-0.2,-0.1,0.1843,100.0,24,0,0,0,0.0,0,0,False,False,2025,6,June
2025-06-19,BAT-01,Summit Storage,Battery Energy Storage,North Ridge,75,309.1,334.8,-25.7,-7.7,0.1717,100.0,24,0,0,0,0.0,0,0,False,False,2025,6,June
2025-06-20,BAT-01,Summit Storage,Battery Energy Storage,North Ridge,75,359.5,337.6,21.9,6.5,0.1997,100.0,24,0,0,0,0.0,0,0,False,False,2025,6,June
2025-06-21,BAT-01,Summit Storage,Battery Energy Storage,North Ridge,75,209.1,211.0,-1.9,-0.9,0.1162,100.0,24,0,0,0,0.0,0,0,False,False,2025,6,June
2025-06-22,BAT-01,Summit Storage,Battery Energy Storage,North Ridge,75,244.3,212.6,31.7,14.9,0.1357,100.0,24,0,0,0,0.0,0,0,False,False,2025,6,June
2025-06-23,BAT-01,Summit Storage,Battery Energy Storage,North Ridge,75,321.2,345.6,-24.4,-7.1,0.1784,100.0,24,0,0,0,0.0,0,0,False,False,2025,6,June
2025-06-24,BAT-01,Summit Storage,Battery Energy Storage,North Ridge,75,381.3,348.1,33.2,9.5,0.2118,100.0,24,0,0,0,0.0,0,0,False,False,2025,6,June
2025-06-25,BAT-01,Summit Storage,Battery Energy Storage,North Ridge,75,379.9,350.6,29.3,8.4,0.2111,100.0,24,0,0,0,0.0,0,0,False,False,2025,6,June
2025-06-26,BAT-01,Summit Storage,Battery Energy Storage,North Ridge,75,344.4,353.1,-8.7,-2.5,0.1913,100.0,24,0,0,0,0.0,0,0,False,False,2025,6,June
2025-06-27,BAT-01,Summit Storage,Battery Energy Storage,North Ridge,75,347.1,355.5,-8.4,-2.4,0.1928,100.0,24,0,0,0,0.0,0,0,False,False,2025,6,June
2025-06-28,BAT-01,Summit Storage,Battery Energy Storage,North Ridge,75,209.6,221.9,-12.3,-5.5,0.1164,100.0,24,0,0,0,0.0,0,0,False,False,2025,6,June
2025-06-29,BAT-01,Summit Storage,Battery Energy Storage,North Ridge,75,211.1,223.3,-12.2,-5.5,0.1173,100.0,24,0,0,0,0.0,0,0,False,False,2025,6,June
2025-06-30,BAT-01,Summit Storage,Battery Energy Storage,North Ridge,75,362.3,362.3,0.0,0.0,0.2013,100.0,24,0,0,0,0.0,0,0,False,False,2025,6,June
2025-07-01,BAT-01,Summit Storage,Battery Energy Storage,North Ridge,75,364.9,364.5,0.4,0.1,0.2027,100.0,24,0,0,0,0.0,0,0,False,False,2025,7,July
2025-07-02,BAT-01,Summit Storage,Battery Energy Storage,North Ridge,75,331.3,366.5,-35.2,-9.6,0.1841,100.0,24,0,0,0,0.0,0,0,False,False,2025,7,July
2025-07-03,BAT-01,Summit Storage,Battery Energy Storage,North Ridge,75,419.2,368.5,50.7,13.8,0.2329,100.0,24,0,0,0,0.0,0,0,False,False,2025,7,July
2025-07-04,BAT-01,Summit Storage,Battery Energy Storage,North Ridge,75,364.7,370.4,-5.7,-1.5,0.2026,100.0,24,0,0,0,0.0,0,0,False,False,2025,7,July
2025-07-05,BAT-01,Summit Storage,Battery Energy Storage,North Ridge,75,231.7,230.8,0.9,0.4,0.1287,100.0,24,0,0,0,0.0,0,0,False,False,2025,7,July
2025-07-06,BAT-01,Summit Storage,Battery Energy Storage,North Ridge,75,223.2,231.9,-8.7,-3.8,0.124,100.0,24,0,0,0,0.0,0,0,False,False,2025,7,July
2025-07-07,BAT-01,Summit Storage,Battery Energy Storage,North Ridge,75,369.0,375.0,-6.0,-1.6,0.205,100.0,24,0,0,0,0.0,0,0,False,False,2025,7,July
2025-07-08,BAT-01,Summit Storage,Battery Energy Storage,North Ridge,75,366.9,375.0,-8.1,-2.2,0.2038,100.0,24,0,0,0,0.0,0,0,False,False,2025,7,July
2025-07-09,BAT-01,Summit Storage,Battery Energy Storage,North Ridge,75,374.9,375.0,-0.1,-0.0,0.2083,100.0,24,0,0,0,0.0,0,0,False,False,2025,7,July
2025-07-10,BAT-01,Summit Storage,Battery Energy Storage,North Ridge,75,374.7,375.0,-0.3,-0.1,0.2082,100.0,24,0,0,0,0.0,0,0,False,False,2025,7,July
2025-07-11,BAT-01,Summit Storage,Battery Energy Storage,North Ridge,75,393.1,375.0,18.1,4.8,0.2184,100.0,24,0,0,0,0.0,0,0,False,False,2025,7,July
2025-07-12,BAT-01,Summit Storage,Battery Energy Storage,North Ridge,75,240.6,237.3,3.3,1.4,0.1337,100.0,24,0,0,0,0.0,0,0,False,False,2025,7,July
2025-07-13,BAT-01,Summit Storage,Battery Energy Storage,North Ridge,75,248.1,238.0,10.1,4.2,0.1378,100.0,24,0,0,0,0.0,0,0,False,False,2025,7,July
2025-07-14,BAT-01,Summit Storage,Battery Energy Storage,North Ridge,75,374.8,375.0,-0.2,-0.1,0.2082,100.0,24,0,0,0,0.0,0,0,False,False,2025,7,July
2025-07-15,BAT-01,Summit Storage,Battery Energy Storage,North Ridge,75,380.2,375.0,5.2,1.4,0.2112,100.0,24,0,0,0,0.0,0,0,False,False,2025,7,July
2025-07-16,BAT-01,Summit Storage,Battery Energy Storage,North Ridge,75,369.6,375.0,-5.4,-1.4,0.2053,100.0,24,0,0,0,0.0,0,0,False,False,2025,7,July
2025-07-17,BAT-01,Summit Storage,Battery Energy Storage,North Ridge,75,397.6,375.0,22.6,6.0,0.2209,100.0,24,0,0,0,0.0,0,0,False,False,2025,7,July
2025-07-18,BAT-01,Summit Storage,Battery Energy Storage,North Ridge,75,382.3,375.0,7.3,1.9,0.2124,100.0,24,0,0,0,0.0,0,0,False,False,2025,7,July
2025-07-19,BAT-01,Summit Storage,Battery Energy Storage,North Ridge,75,238.7,241.0,-2.3,-1.0,0.1326,100.0,24,0,0,0,0.0,0,0,False,False,2025,7,July
2025-07-20,BAT-01,Summit Storage,Battery Energy Storage,North Ridge,75,238.6,241.3,-2.7,-1.1,0.1326,100.0,24,0,0,0,0.0,0,0,False,False,2025,7,July
2025-07-21,BAT-01,Summit Storage,Battery Energy Storage,North Ridge,75,372.5,375.0,-2.5,-0.7,0.2069,100.0,24,0,0,0,0.0,0,0,False,False,2025,7,July
2025-07-22,BAT-01,Summit Storage,Battery Energy Storage,North Ridge,75,375.7,375.0,0.7,0.2,0.2087,100.0,24,0,0,0,0.0,0,0,False,False,2025,7,July
2025-07-23,BAT-01,Summit Storage,Battery Energy Storage,North Ridge,75,373.7,375.0,-1.3,-0.3,0.2076,100.0,24,0,0,0,0.0,0,0,False,False,2025,7,July
2025-07-24,BAT-01,Summit Storage,Battery Energy Storage,North Ridge,75,362.4,375.0,-12.6,-3.4,0.2013,100.0,24,0,0,0,0.0,0,0,False,False,2025,7,July
2025-07-25,BAT-01,Summit Storage,Battery Energy Storage,North Ridge,75,392.2,375.0,17.2,4.6,0.2179,100.0,24,0,0,0,0.0,0,0,False,False,2025,7,July
2025-07-26,BAT-01,Summit Storage,Battery Energy Storage,North Ridge,75,253.7,241.7,12.0,5.0,0.1409,100.0,24,0,0,0,0.0,0,0,False,False,2025,7,July
2025-07-27,BAT-01,Summit Storage,Battery Energy Storage,North Ridge,75,267.4,241.5,25.9,10.7,0.1486,100.0,24,0,0,0,0.0,0,0,False,False,2025,7,July
2025-07-28,BAT-01,Summit Storage,Battery Energy Storage,North Ridge,75,361.4,375.0,-13.6,-3.6,0.2008,100.0,24,0,0,0,0.0,0,0,False,False,2025,7,July
2025-07-29,BAT-01,Summit Storage,Battery Energy Storage,North Ridge,75,390.0,375.0,15.0,4.0,0.2167,100.0,24,0,0,0,0.0,0,0,False,False,2025,7,July
2025-07-30,BAT-01,Summit Storage,Battery Energy Storage,North Ridge,75,332.0,375.0,-43.0,-11.5,0.1844,100.0,24,0,0,0,0.0,0,0,False,False,2025,7,July
2025-07-31,BAT-01,Summit Storage,Battery Energy Storage,North Ridge,75,393.7,375.0,18.7,5.0,0.2187,100.0,24,0,0,0,0.0,0,0,False,False,2025,7,July
2025-08-01,BAT-01,Summit Storage,Battery Energy Storage,North Ridge,75,342.2,375.0,-32.8,-8.7,0.1901,100.0,24,0,0,0,0.0,0,0,False,False,2025,8,August
2025-08-02,BAT-01,Summit Storage,Battery Energy Storage,North Ridge,75,225.2,239.3,-14.1,-5.9,0.1251,100.0,24,0,0,0,0.0,0,0,False,False,2025,8,August
2025-08-03,BAT-01,Summit Storage,Battery Energy Storage,North Ridge,75,243.5,238.7,4.8,2.0,0.1353,100.0,24,0,0,0,0.0,0,0,False,False,2025,8,August
2025-08-04,BAT-01,Summit Storage,Battery Energy Storage,North Ridge,75,361.0,375.0,-14.0,-3.7,0.2006,100.0,24,0,0,0,0.0,0,0,False,False,2025,8,August
2025-08-05,BAT-01,Summit Storage,Battery Energy Storage,North Ridge,75,357.9,375.0,-17.1,-4.6,0.1988,100.0,24,0,0,0,0.0,0,0,False,False,2025,8,August
2025-08-06,BAT-01,Summit Storage,Battery Energy Storage,North Ridge,75,364.1,375.0,-10.9,-2.9,0.2023,100.0,24,0,0,0,0.0,0,0,False,False,2025,8,August
2025-08-07,BAT-01,Summit Storage,Battery Energy Storage,North Ridge,75,391.4,375.0,16.4,4.4,0.2174,100.0,24,0,0,0,0.0,0,0,False,False,2025,8,August
2025-08-08,BAT-01,Summit Storage,Battery Energy Storage,North Ridge,75,354.0,375.0,-21.0,-5.6,0.1967,100.0,24,0,0,0,0.0,0,0,False,False,2025,8,August
2025-08-09,BAT-01,Summit Storage,Battery Energy Storage,North Ridge,75,233.2,234.0,-0.8,-0.3,0.1296,100.0,24,0,0,0,0.0,0,0,False,False,2025,8,August
2025-08-10,BAT-01,Summit Storage,Battery Energy Storage,North Ridge,75,227.7,233.0,-5.3,-2.3,0.1265,100.0,24,0,0,0,0.0,0,0,False,False,2025,8,August
2025-08-11,BAT-01,Summit Storage,Battery Energy Storage,North Ridge,75,392.6,374.2,18.4,4.9,0.2181,100.0,24,0,0,0,0.0,0,0,False,False,2025,8,August
2025-08-12,BAT-01,Summit Storage,Battery Energy Storage,North Ridge,75,391.4,372.4,19.0,5.1,0.2174,100.0,24,0,0,0,0.0,0,0,False,False,2025,8,August
2025-08-13,BAT-01,Summit Storage,Battery Energy Storage,North Ridge,75,329.8,370.6,-40.8,-11.0,0.1832,100.0,24,0,0,0,0.0,0,0,False,False,2025,8,August
2025-08-14,BAT-01,Summit Storage,Battery Energy Storage,North Ridge,75,293.9,276.5,17.4,6.3,0.1633,75.0,18,6,0,6,3232.22,1,0,False,False,2025,8,August
2025-08-15,BAT-01,Summit Storage,Battery Energy Storage,North Ridge,75,353.3,366.7,-13.4,-3.7,0.1963,100.0,24,0,0,0,0.0,0,0,False,False,2025,8,August
2025-08-16,BAT-01,Summit Storage,Battery Energy Storage,North Ridge,75,229.3,226.1,3.2,1.4,0.1274,100.0,24,0,0,0,0.0,0,0,False,False,2025,8,August
2025-08-17,BAT-01,Summit Storage,Battery Energy Storage,North Ridge,75,212.1,224.8,-12.7,-5.6,0.1178,100.0,24,0,0,0,0.0,0,0,False,False,2025,8,August
2025-08-18,BAT-01,Summit Storage,Battery Energy Storage,North Ridge,75,368.4,360.4,8.0,2.2,0.2047,100.0,24,0,0,0,0.0,0,0,False,False,2025,8,August
2025-08-19,BAT-01,Summit Storage,Battery Energy Storage,North Ridge,75,412.9,358.1,54.8,15.3,0.2294,100.0,24,0,0,0,0.0,0,0,False,False,2025,8,August
2025-08-20,BAT-01,Summit Storage,Battery Energy Storage,North Ridge,75,358.5,355.8,2.7,0.8,0.1992,100.0,24,0,0,0,0.0,0,0,False,False,2025,8,August
2025-08-21,BAT-01,Summit Storage,Battery Energy Storage,North Ridge,75,343.7,353.4,-9.7,-2.7,0.1909,100.0,24,0,0,0,0.0,0,0,False,False,2025,8,August
2025-08-22,BAT-01,Summit Storage,Battery Energy Storage,North Ridge,75,346.1,351.0,-4.9,-1.4,0.1923,100.0,24,0,0,0,0.0,0,0,False,False,2025,8,August
2025-08-23,BAT-01,Summit Storage,Battery Energy Storage,North Ridge,75,197.0,216.1,-19.1,-8.8,0.1094,100.0,24,0,0,0,0.0,0,0,False,False,2025,8,August
2025-08-24,BAT-01,Summit Storage,Battery Energy Storage,North Ridge,75,233.1,214.5,18.6,8.7,0.1295,100.0,24,0,0,0,0.0,0,0,False,False,2025,8,August
2025-08-25,BAT-01,Summit Storage,Battery Energy Storage,North Ridge,75,349.8,343.4,6.4,1.9,0.1943,100.0,24,0,0,0,0.0,0,0,False,False,2025,8,August
2025-08-26,BAT-01,Summit Storage,Battery Energy Storage,North Ridge,75,319.3,340.7,-21.4,-6.3,0.1774,100.0,24,0,0,0,0.0,0,0,False,False,2025,8,August
2025-08-27,BAT-01,Summit Storage,Battery Energy Storage,North Ridge,75,317.4,338.0,-20.6,-6.1,0.1763,100.0,24,0,0,0,0.0,0,0,False,False,2025,8,August
2025-08-28,BAT-01,Summit Storage,Battery Energy Storage,North Ridge,75,335.6,335.3,0.3,0.1,0.1864,100.0,24,0,0,0,0.0,0,0,False,False,2025,8,August
2025-08-29,BAT-01,Summit Storage,Battery Energy Storage,North Ridge,75,351.2,332.6,18.6,5.6,0.1951,100.0,24,0,0,0,0.0,0,0,False,False,2025,8,August
2025-08-30,BAT-01,Summit Storage,Battery Energy Storage,North Ridge,75,190.3,204.5,-14.2,-6.9,0.1057,100.0,24,0,0,0,0.0,0,0,False,False,2025,8,August
2025-08-31,BAT-01,Summit Storage,Battery Energy Storage,North Ridge,75,216.3,202.7,13.6,6.7,0.1202,100.0,24,0,0,0,0.0,0,0,False,False,2025,8,August
2025-09-01,BAT-01,Summit Storage,Battery Energy Storage,North Ridge,75,322.3,324.1,-1.8,-0.6,0.1791,100.0,24,0,0,0,0.0,0,0,False,False,2025,9,September
2025-09-02,BAT-01,Summit Storage,Battery Energy Storage,North Ridge,75,303.3,321.3,-18.0,-5.6,0.1685,100.0,24,0,0,0,0.0,0,0,False,False,2025,9,September
2025-09-03,BAT-01,Summit Storage,Battery Energy Storage,North Ridge,75,309.4,318.4,-9.0,-2.8,0.1719,100.0,24,0,0,0,0.0,0,0,False,False,2025,9,September
2025-09-04,BAT-01,Summit Storage,Battery Energy Storage,North Ridge,75,348.6,315.5,33.1,10.5,0.1937,100.0,24,0,0,0,0.0,0,0,False,False,2025,9,September
2025-09-05,BAT-01,Summit Storage,Battery Energy Storage,North Ridge,75,286.5,312.5,-26.0,-8.3,0.1592,100.0,24,0,0,0,0.0,0,0,False,False,2025,9,September
2025-09-06,BAT-01,Summit Storage,Battery Energy Storage,North Ridge,75,183.5,192.0,-8.5,-4.4,0.1019,100.0,24,0,0,0,0.0,0,0,False,False,2025,9,September
2025-09-07,BAT-01,Summit Storage,Battery Energy Storage,North Ridge,75,201.0,190.1,10.9,5.7,0.1117,100.0,24,0,0,0,0.0,0,0,False,False,2025,9,September
2025-09-08,BAT-01,Summit Storage,Battery Energy Storage,North Ridge,75,307.7,303.7,4.0,1.3,0.1709,100.0,24,0,0,0,0.0,0,0,False,False,2025,9,September
2025-09-09,BAT-01,Summit Storage,Battery Energy Storage,North Ridge,75,286.5,300.8,-14.3,-4.8,0.1592,100.0,24,0,0,0,0.0,0,0,False,False,2025,9,September
2025-09-10,BAT-01,Summit Storage,Battery Energy Storage,North Ridge,75,315.1,297.8,17.3,5.8,0.1751,100.0,24,0,0,0,0.0,0,0,False,False,2025,9,September
2025-09-11,BAT-01,Summit Storage,Battery Energy Storage,North Ridge,75,312.8,294.9,17.9,6.1,0.1738,100.0,24,0,0,0,0.0,0,0,False,False,2025,9,September
2025-09-12,BAT-01,Summit Storage,Battery Energy Storage,North Ridge,75,297.8,292.0,5.8,2.0,0.1654,100.0,24,0,0,0,0.0,0,0,False,False,2025,9,September
2025-09-13,BAT-01,Summit Storage,Battery Energy Storage,North Ridge,75,172.6,179.2,-6.6,-3.7,0.0959,100.0,24,0,0,0,0.0,0,0,False,False,2025,9,September
2025-09-14,BAT-01,Summit Storage,Battery Energy Storage,North Ridge,75,172.5,177.4,-4.9,-2.8,0.0958,100.0,24,0,0,0,0.0,0,0,False,False,2025,9,September
2025-09-15,BAT-01,Summit Storage,Battery Energy Storage,North Ridge,75,288.1,283.2,4.9,1.7,0.1601,100.0,24,0,0,0,0.0,0,0,False,False,2025,9,September
2025-09-16,BAT-01,Summit Storage,Battery Energy Storage,North Ridge,75,258.3,280.3,-22.0,-7.8,0.1435,100.0,24,0,0,0,0.0,0,0,False,False,2025,9,September
2025-09-17,BAT-01,Summit Storage,Battery Energy Storage,North Ridge,75,299.6,277.5,22.1,8.0,0.1664,100.0,24,0,0,0,0.0,0,0,False,False,2025,9,September
2025-09-18,BAT-01,Summit Storage,Battery Energy Storage,North Ridge,75,302.7,274.7,28.0,10.2,0.1682,100.0,24,0,0,0,0.0,0,0,False,False,2025,9,September
2025-09-19,BAT-01,Summit Storage,Battery Energy Storage,North Ridge,75,268.0,271.9,-3.9,-1.4,0.1489,100.0,24,0,0,0,0.0,0,0,False,False,2025,9,September
2025-09-20,BAT-01,Summit Storage,Battery Energy Storage,North Ridge,75,170.4,166.8,3.6,2.2,0.0947,100.0,24,0,0,0,0.0,0,0,False,False,2025,9,September
2025-09-21,BAT-01,Summit Storage,Battery Energy Storage,North Ridge,75,176.9,165.1,11.8,7.1,0.0983,100.0,24,0,0,0,0.0,0,0,False,False,2025,9,September
2025-09-22,BAT-01,Summit Storage,Battery Energy Storage,North Ridge,75,294.6,263.6,31.0,11.8,0.1637,100.0,24,0,0,0,0.0,0,0,False,False,2025,9,September
2025-09-23,BAT-01,Summit Storage,Battery Energy Storage,North Ridge,75,285.4,261.0,24.4,9.3,0.1586,100.0,24,0,0,0,0.0,0,0,False,False,2025,9,September
2025-09-24,BAT-01,Summit Storage,Battery Energy Storage,North Ridge,75,231.5,258.4,-26.9,-10.4,0.1286,100.0,24,0,0,0,0.0,0,0,False,False,2025,9,September
2025-09-25,BAT-01,Summit Storage,Battery Energy Storage,North Ridge,75,250.9,255.8,-4.9,-1.9,0.1394,100.0,24,0,0,0,0.0,0,0,False,False,2025,9,September
2025-09-26,BAT-01,Summit Storage,Battery Energy Storage,North Ridge,75,260.8,253.2,7.6,3.0,0.1449,100.0,24,0,0,0,0.0,0,0,False,False,2025,9,September
2025-09-27,BAT-01,Summit Storage,Battery Energy Storage,North Ridge,75,150.9,155.5,-4.6,-3.0,0.0838,100.0,24,0,0,0,0.0,0,0,False,False,2025,9,September
2025-09-28,BAT-01,Summit Storage,Battery Energy Storage,North Ridge,75,170.4,154.0,16.4,10.6,0.0947,100.0,24,0,0,0,0.0,0,0,False,False,2025,9,September
2025-09-29,BAT-01,Summit Storage,Battery Energy Storage,North Ridge,75,270.0,245.9,24.1,9.8,0.15,100.0,24,0,0,0,0.0,0,0,False,False,2025,9,September
2025-09-30,BAT-01,Summit Storage,Battery Energy Storage,North Ridge,75,231.7,243.6,-11.9,-4.9,0.1287,100.0,24,0,0,0,0.0,0,0,False,False,2025,9,September
2025-10-01,BAT-01,Summit Storage,Battery Energy Storage,North Ridge,75,239.0,241.4,-2.4,-1.0,0.1328,100.0,24,0,0,0,0.0,0,0,False,False,2025,10,October
2025-10-02,BAT-01,Summit Storage,Battery Energy Storage,North Ridge,75,228.4,239.1,-10.7,-4.5,0.1269,100.0,24,0,0,0,0.0,0,0,False,False,2025,10,October
2025-10-03,BAT-01,Summit Storage,Battery Energy Storage,North Ridge,75,234.2,237.0,-2.8,-1.2,0.1301,100.0,24,0,0,0,0.0,0,0,False,False,2025,10,October
2025-10-04,BAT-01,Summit Storage,Battery Energy Storage,North Ridge,75,143.7,145.7,-2.0,-1.4,0.0798,100.0,24,0,0,0,0.0,0,0,False,False,2025,10,October
2025-10-05,BAT-01,Summit Storage,Battery Energy Storage,North Ridge,75,152.7,144.4,8.3,5.7,0.0848,100.0,24,0,0,0,0.0,0,0,False,False,2025,10,October
2025-10-06,BAT-01,Summit Storage,Battery Energy Storage,North Ridge,75,218.6,231.0,-12.4,-5.4,0.1214,100.0,24,0,0,0,0.0,0,0,False,False,2025,10,October
2025-10-07,BAT-01,Summit Storage,Battery Energy Storage,North Ridge,75,193.1,229.1,-36.0,-15.7,0.1073,100.0,24,0,0,0,0.0,0,0,False,False,2025,10,October
2025-10-08,BAT-01,Summit Storage,Battery Energy Storage,North Ridge,75,205.4,227.3,-21.9,-9.6,0.1141,100.0,24,0,0,0,0.0,0,0,False,False,2025,10,October
2025-10-09,BAT-01,Summit Storage,Battery Energy Storage,North Ridge,75,211.6,225.5,-13.9,-6.2,0.1176,100.0,24,0,0,0,0.0,0,0,False,False,2025,10,October
2025-10-10,BAT-01,Summit Storage,Battery Energy Storage,North Ridge,75,215.1,223.9,-8.8,-3.9,0.1195,100.0,24,0,0,0,0.0,0,0,False,False,2025,10,October
2025-10-11,BAT-01,Summit Storage,Battery Energy Storage,North Ridge,75,139.4,137.8,1.6,1.2,0.0774,100.0,24,0,0,0,0.0,0,0,False,False,2025,10,October
2025-10-12,BAT-01,Summit Storage,Battery Energy Storage,North Ridge,75,128.0,136.9,-8.9,-6.5,0.0711,100.0,24,0,0,0,0.0,0,0,False,False,2025,10,October
2025-10-13,BAT-01,Summit Storage,Battery Energy Storage,North Ridge,75,203.4,219.4,-16.0,-7.3,0.113,100.0,24,0,0,0,0.0,0,0,False,False,2025,10,October
2025-10-14,BAT-01,Summit Storage,Battery Energy Storage,North Ridge,75,205.9,218.0,-12.1,-5.6,0.1144,100.0,24,0,0,0,0.0,0,0,False,False,2025,10,October
2025-10-15,BAT-01,Summit Storage,Battery Energy Storage,North Ridge,75,202.3,216.8,-14.5,-6.7,0.1124,100.0,24,0,0,0,0.0,0,0,False,False,2025,10,October
2025-10-16,BAT-01,Summit Storage,Battery Energy Storage,North Ridge,75,208.4,215.6,-7.2,-3.3,0.1158,100.0,24,0,0,0,0.0,0,0,False,False,2025,10,October
2025-10-17,BAT-01,Summit Storage,Battery Energy Storage,North Ridge,75,206.8,214.5,-7.7,-3.6,0.1149,100.0,24,0,0,0,0.0,0,0,False,False,2025,10,October
2025-10-18,BAT-01,Summit Storage,Battery Energy Storage,North Ridge,75,137.8,132.4,5.4,4.1,0.0766,100.0,24,0,0,0,0.0,0,0,False,False,2025,10,October
2025-10-19,BAT-01,Summit Storage,Battery Energy Storage,North Ridge,75,124.0,131.8,-7.8,-5.9,0.0689,100.0,24,0,0,0,0.0,0,0,False,False,2025,10,October
2025-10-20,BAT-01,Summit Storage,Battery Energy Storage,North Ridge,75,207.2,211.7,-4.5,-2.1,0.1151,100.0,24,0,0,0,0.0,0,0,False,False,2025,10,October
2025-10-21,BAT-01,Summit Storage,Battery Energy Storage,North Ridge,75,204.1,211.0,-6.9,-3.3,0.1134,100.0,24,0,0,0,0.0,0,0,False,False,2025,10,October
2025-10-22,BAT-01,Summit Storage,Battery Energy Storage,North Ridge,75,220.5,210.3,10.2,4.9,0.1225,100.0,24,0,0,0,0.0,0,0,False,False,2025,10,October
2025-10-23,BAT-01,Summit Storage,Battery Energy Storage,North Ridge,75,207.8,209.7,-1.9,-0.9,0.1154,100.0,24,0,0,0,0.0,0,0,False,False,2025,10,October
2025-10-24,BAT-01,Summit Storage,Battery Energy Storage,North Ridge,75,222.5,209.3,13.2,6.3,0.1236,100.0,24,0,0,0,0.0,0,0,False,False,2025,10,October
2025-10-25,BAT-01,Summit Storage,Battery Energy Storage,North Ridge,75,120.5,129.5,-9.0,-6.9,0.0669,100.0,24,0,0,0,0.0,0,0,False,False,2025,10,October
2025-10-26,BAT-01,Summit Storage,Battery Energy Storage,North Ridge,75,128.9,129.3,-0.4,-0.3,0.0716,100.0,24,0,0,0,0.0,0,0,False,False,2025,10,October
2025-10-27,BAT-01,Summit Storage,Battery Energy Storage,North Ridge,75,201.2,208.4,-7.2,-3.5,0.1118,100.0,24,0,0,0,0.0,0,0,False,False,2025,10,October
2025-10-28,BAT-01,Summit Storage,Battery Energy Storage,North Ridge,75,192.9,208.2,-15.3,-7.3,0.1072,100.0,24,0,0,0,0.0,0,0,False,False,2025,10,October
2025-10-29,BAT-01,Summit Storage,Battery Energy Storage,North Ridge,75,207.4,208.2,-0.8,-0.4,0.1152,100.0,24,0,0,0,0.0,0,0,False,False,2025,10,October
2025-10-30,BAT-01,Summit Storage,Battery Energy Storage,North Ridge,75,229.9,208.3,21.6,10.4,0.1277,100.0,24,0,0,0,0.0,0,0,False,False,2025,10,October
2025-10-31,BAT-01,Summit Storage,Battery Energy Storage,North Ridge,75,197.8,208.4,-10.6,-5.1,0.1099,100.0,24,0,0,0,0.0,0,0,False,False,2025,10,October
2025-11-01,BAT-01,Summit Storage,Battery Energy Storage,North Ridge,75,128.4,129.4,-1.0,-0.8,0.0713,100.0,24,0,0,0,0.0,0,0,False,False,2025,11,November
2025-11-02,BAT-01,Summit Storage,Battery Energy Storage,North Ridge,75,129.6,129.6,0.0,0.0,0.072,100.0,24,0,0,0,0.0,0,0,True,False,2025,11,November
2025-11-03,BAT-01,Summit Storage,Battery Energy Storage,North Ridge,75,191.1,209.4,-18.3,-8.7,0.1062,100.0,24,0,0,0,0.0,0,0,False,False,2025,11,November
2025-11-04,BAT-01,Summit Storage,Battery Energy Storage,North Ridge,75,200.0,210.0,-10.0,-4.8,0.1111,100.0,24,0,0,0,0.0,0,0,False,False,2025,11,November
2025-11-05,BAT-01,Summit Storage,Battery Energy Storage,North Ridge,75,204.9,210.6,-5.7,-2.7,0.1138,100.0,24,0,0,0,0.0,0,0,False,False,2025,11,November
2025-11-06,BAT-01,Summit Storage,Battery Energy Storage,North Ridge,75,206.1,211.3,-5.2,-2.5,0.1145,100.0,24,0,0,0,0.0,0,0,False,False,2025,11,November
2025-11-07,BAT-01,Summit Storage,Battery Energy Storage,North Ridge,75,209.2,212.0,-2.8,-1.3,0.1162,100.0,24,0,0,0,0.0,0,0,False,False,2025,11,November
2025-11-08,BAT-01,Summit Storage,Battery Energy Storage,North Ridge,75,118.9,132.0,-13.1,-9.9,0.0661,100.0,24,0,0,0,0.0,0,0,False,False,2025,11,November
2025-11-09,BAT-01,Summit Storage,Battery Energy Storage,North Ridge,75,127.6,132.6,-5.0,-3.8,0.0709,100.0,24,0,0,0,0.0,0,0,False,False,2025,11,November
2025-11-10,BAT-01,Summit Storage,Battery Energy Storage,North Ridge,75,221.4,214.9,6.5,3.0,0.123,100.0,24,0,0,0,0.0,0,0,False,False,2025,11,November
2025-11-11,BAT-01,Summit Storage,Battery Energy Storage,North Ridge,75,198.4,216.0,-17.6,-8.1,0.1102,100.0,24,0,0,0,0.0,0,0,False,False,2025,11,November
2025-11-12,BAT-01,Summit Storage,Battery Energy Storage,North Ridge,75,177.2,181.0,-3.8,-2.1,0.0984,83.3,20,4,0,4,1924.99,1,0,False,False,2025,11,November
2025-11-13,BAT-01,Summit Storage,Battery Energy Storage,North Ridge,75,222.3,218.5,3.8,1.7,0.1235,100.0,24,0,0,0,0.0,0,0,False,False,2025,11,November
2025-11-14,BAT-01,Summit Storage,Battery Energy Storage,North Ridge,75,209.5,219.9,-10.4,-4.7,0.1164,100.0,24,0,0,0,0.0,0,0,False,False,2025,11,November
2025-11-15,BAT-01,Summit Storage,Battery Energy Storage,North Ridge,75,140.0,137.2,2.8,2.0,0.0778,100.0,24,0,0,0,0.0,0,0,False,False,2025,11,November
2025-11-16,BAT-01,Summit Storage,Battery Energy Storage,North Ridge,75,125.5,138.1,-12.6,-9.1,0.0697,100.0,24,0,0,0,0.0,0,0,False,False,2025,11,November
2025-11-17,BAT-01,Summit Storage,Battery Energy Storage,North Ridge,75,236.3,224.4,11.9,5.3,0.1313,100.0,24,0,0,0,0.0,0,0,False,False,2025,11,November
2025-11-18,BAT-01,Summit Storage,Battery Energy Storage,North Ridge,75,231.0,226.0,5.0,2.2,0.1283,100.0,24,0,0,0,0.0,0,0,False,False,2025,11,November
2025-11-19,BAT-01,Summit Storage,Battery Energy Storage,North Ridge,75,228.5,227.8,0.7,0.3,0.1269,100.0,24,0,0,0,0.0,0,0,False,False,2025,11,November
2025-11-20,BAT-01,Summit Storage,Battery Energy Storage,North Ridge,75,245.0,229.5,15.5,6.8,0.1361,100.0,24,0,0,0,0.0,0,0,False,False,2025,11,November
2025-11-21,BAT-01,Summit Storage,Battery Energy Storage,North Ridge,75,226.8,231.4,-4.6,-2.0,0.126,100.0,24,0,0,0,0.0,0,0,False,False,2025,11,November
2025-11-22,BAT-01,Summit Storage,Battery Energy Storage,North Ridge,75,139.3,144.7,-5.4,-3.7,0.0774,100.0,24,0,0,0,0.0,0,0,False,False,2025,11,November
2025-11-23,BAT-01,Summit Storage,Battery Energy Storage,North Ridge,75,157.9,145.9,12.0,8.2,0.0877,100.0,24,0,0,0,0.0,0,0,False,False,2025,11,November
2025-11-24,BAT-01,Summit Storage,Battery Energy Storage,North Ridge,75,263.5,237.3,26.2,11.0,0.1464,100.0,24,0,0,0,0.0,0,0,False,False,2025,11,November
2025-11-25,BAT-01,Summit Storage,Battery Energy Storage,North Ridge,75,229.4,239.4,-10.0,-4.2,0.1274,100.0,24,0,0,0,0.0,0,0,False,False,2025,11,November
2025-11-26,BAT-01,Summit Storage,Battery Energy Storage,North Ridge,75,239.9,241.5,-1.6,-0.7,0.1333,100.0,24,0,0,0,0.0,0,0,False,False,2025,11,November
2025-11-27,BAT-01,Summit Storage,Battery Energy Storage,North Ridge,75,259.0,243.7,15.3,6.3,0.1439,100.0,24,0,0,0,0.0,0,0,False,False,2025,11,November
2025-11-28,BAT-01,Summit Storage,Battery Energy Storage,North Ridge,75,244.8,245.9,-1.1,-0.4,0.136,100.0,24,0,0,0,0.0,0,0,False,False,2025,11,November
2025-11-29,BAT-01,Summit Storage,Battery Energy Storage,North Ridge,75,159.4,153.9,5.5,3.6,0.0886,100.0,24,0,0,0,0.0,0,0,False,False,2025,11,November
2025-11-30,BAT-01,Summit Storage,Battery Energy Storage,North Ridge,75,162.6,155.3,7.3,4.7,0.0903,100.0,24,0,0,0,0.0,0,0,False,False,2025,11,November
2025-12-01,BAT-01,Summit Storage,Battery Energy Storage,North Ridge,75,244.3,252.8,-8.5,-3.4,0.1357,100.0,24,0,0,0,0.0,0,0,False,False,2025,12,December
2025-12-02,BAT-01,Summit Storage,Battery Energy Storage,North Ridge,75,261.6,255.2,6.4,2.5,0.1453,100.0,24,0,0,0,0.0,0,0,False,False,2025,12,December
2025-12-03,BAT-01,Summit Storage,Battery Energy Storage,North Ridge,75,257.5,257.6,-0.1,-0.0,0.1431,100.0,24,0,0,0,0.0,0,0,False,False,2025,12,December
2025-12-04,BAT-01,Summit Storage,Battery Energy Storage,North Ridge,75,241.0,260.0,-19.0,-7.3,0.1339,100.0,24,0,0,0,0.0,0,0,False,False,2025,12,December
2025-12-05,BAT-01,Summit Storage,Battery Energy Storage,North Ridge,75,246.8,262.4,-15.6,-5.9,0.1371,100.0,24,0,0,0,0.0,0,0,False,False,2025,12,December
2025-12-06,BAT-01,Summit Storage,Battery Energy Storage,North Ridge,75,157.8,164.2,-6.4,-3.9,0.0877,100.0,24,0,0,0,0.0,0,0,False,False,2025,12,December
2025-12-07,BAT-01,Summit Storage,Battery Energy Storage,North Ridge,75,175.0,165.7,9.3,5.6,0.0972,100.0,24,0,0,0,0.0,0,0,False,False,2025,12,December
2025-12-08,BAT-01,Summit Storage,Battery Energy Storage,North Ridge,75,237.8,224.8,13.0,5.8,0.1321,83.3,20,4,0,4,2356.74,1,0,False,False,2025,12,December
2025-12-09,BAT-01,Summit Storage,Battery Energy Storage,North Ridge,75,284.5,272.2,12.3,4.5,0.1581,100.0,24,0,0,0,0.0,0,0,False,False,2025,12,December
2025-12-10,BAT-01,Summit Storage,Battery Energy Storage,North Ridge,75,282.0,274.7,7.3,2.7,0.1567,100.0,24,0,0,0,0.0,0,0,False,False,2025,12,December
2025-12-11,BAT-01,Summit Storage,Battery Energy Storage,North Ridge,75,284.0,277.2,6.8,2.5,0.1578,100.0,24,0,0,0,0.0,0,0,False,False,2025,12,December
2025-12-12,BAT-01,Summit Storage,Battery Energy Storage,North Ridge,75,284.3,279.6,4.7,1.7,0.1579,100.0,24,0,0,0,0.0,0,0,False,False,2025,12,December
2025-12-13,BAT-01,Summit Storage,Battery Energy Storage,North Ridge,75,179.2,174.9,4.3,2.5,0.0996,100.0,24,0,0,0,0.0,0,0,False,False,2025,12,December
2025-12-14,BAT-01,Summit Storage,Battery Energy Storage,North Ridge,75,181.4,176.4,5.0,2.8,0.1008,100.0,24,0,0,0,0.0,0,0,False,False,2025,12,December
2025-12-15,BAT-01,Summit Storage,Battery Energy Storage,North Ridge,75,262.7,286.9,-24.2,-8.4,0.1459,100.0,24,0,0,0,0.0,0,0,False,False,2025,12,December
2025-12-16,BAT-01,Summit Storage,Battery Energy Storage,North Ridge,75,275.5,289.3,-13.8,-4.8,0.1531,100.0,24,0,0,0,0.0,0,0,False,False,2025,12,December
2025-12-17,BAT-01,Summit Storage,Battery Energy Storage,North Ridge,75,273.6,291.6,-18.0,-6.2,0.152,100.0,24,0,0,0,0.0,0,0,False,False,2025,12,December
2025-12-18,BAT-01,Summit Storage,Battery Energy Storage,North Ridge,75,313.4,293.9,19.5,6.6,0.1741,100.0,24,0,0,0,0.0,0,0,False,False,2025,12,December
2025-12-19,BAT-01,Summit Storage,Battery Energy Storage,North Ridge,75,325.6,296.2,29.4,9.9,0.1809,100.0,24,0,0,0,0.0,0,0,False,False,2025,12,December
2025-12-20,BAT-01,Summit Storage,Battery Energy Storage,North Ridge,75,160.9,185.0,-24.1,-13.0,0.0894,100.0,24,0,0,0,0.0,0,0,False,False,2025,12,December
2025-12-21,BAT-01,Summit Storage,Battery Energy Storage,North Ridge,75,203.9,186.4,17.5,9.4,0.1133,100.0,24,0,0,0,0.0,0,0,False,False,2025,12,December
2025-12-22,BAT-01,Summit Storage,Battery Energy Storage,North Ridge,75,304.3,302.7,1.6,0.5,0.1691,100.0,24,0,0,0,0.0,0,0,False,False,2025,12,December
2025-12-23,BAT-01,Summit Storage,Battery Energy Storage,North Ridge,75,323.3,304.8,18.5,6.1,0.1796,100.0,24,0,0,0,0.0,0,0,False,False,2025,12,December
2025-12-24,BAT-01,Summit Storage,Battery Energy Storage,North Ridge,75,316.2,306.8,9.4,3.1,0.1757,100.0,24,0,0,0,0.0,0,0,False,False,2025,12,December
2025-12-25,BAT-01,Summit Storage,Battery Energy Storage,North Ridge,75,335.5,308.8,26.7,8.6,0.1864,100.0,24,0,0,0,0.0,0,0,False,False,2025,12,December
2025-12-26,BAT-01,Summit Storage,Battery Energy Storage,North Ridge,75,314.6,310.7,3.9,1.3,0.1748,100.0,24,0,0,0,0.0,0,0,False,False,2025,12,December
2025-12-27,BAT-01,Summit Storage,Battery Energy Storage,North Ridge,75,177.9,193.8,-15.9,-8.2,0.0988,100.0,24,0,0,0,0.0,0,0,False,False,2025,12,December
2025-12-28,BAT-01,Summit Storage,Battery Energy Storage,North Ridge,75,193.6,194.9,-1.3,-0.7,0.1076,100.0,24,0,0,0,0.0,0,0,False,False,2025,12,December
2025-12-29,BAT-01,Summit Storage,Battery Energy Storage,North Ridge,75,325.7,316.0,9.7,3.1,0.1809,100.0,24,0,0,0,0.0,0,0,False,False,2025,12,December
2025-12-30,BAT-01,Summit Storage,Battery Energy Storage,North Ridge,75,313.4,317.6,-4.2,-1.3,0.1741,100.0,24,0,0,0,0.0,0,0,False,False,2025,12,December
2025-12-31,BAT-01,Summit Storage,Battery Energy Storage,North Ridge,75,331.7,319.1,12.6,3.9,0.1843,100.0,24,0,0,0,0.0,0,0,False,False,2025,12,December
2025-01-01,BAT-02,Harbor Storage,Battery Energy Storage,Coastal Plain,50,219.4,213.9,5.5,2.6,0.1828,100.0,24,0,0,0,0.0,0,0,False,False,2025,1,January
2025-01-02,BAT-02,Harbor Storage,Battery Energy Storage,Coastal Plain,50,205.9,214.8,-8.9,-4.1,0.1716,100.0,24,0,0,0,0.0,0,0,False,False,2025,1,January
2025-01-03,BAT-02,Harbor Storage,Battery Energy Storage,Coastal Plain,50,226.7,215.6,11.1,5.1,0.1889,100.0,24,0,0,0,0.0,0,0,False,False,2025,1,January
2025-01-04,BAT-02,Harbor Storage,Battery Energy Storage,Coastal Plain,50,136.0,134.2,1.8,1.3,0.1133,100.0,24,0,0,0,0.0,0,0,False,False,2025,1,January
2025-01-05,BAT-02,Harbor Storage,Battery Energy Storage,Coastal Plain,50,134.0,134.6,-0.6,-0.4,0.1117,100.0,24,0,0,0,0.0,0,0,False,False,2025,1,January
2025-01-06,BAT-02,Harbor Storage,Battery Energy Storage,Coastal Plain,50,204.1,217.7,-13.6,-6.2,0.1701,100.0,24,0,0,0,0.0,0,0,False,False,2025,1,January
2025-01-07,BAT-02,Harbor Storage,Battery Energy Storage,Coastal Plain,50,213.4,218.3,-4.9,-2.2,0.1778,100.0,24,0,0,0,0.0,0,0,False,False,2025,1,January
2025-01-08,BAT-02,Harbor Storage,Battery Energy Storage,Coastal Plain,50,228.5,218.8,9.7,4.4,0.1904,100.0,24,0,0,0,0.0,0,0,False,False,2025,1,January
2025-01-09,BAT-02,Harbor Storage,Battery Energy Storage,Coastal Plain,50,225.9,219.2,6.7,3.1,0.1882,100.0,24,0,0,0,0.0,0,0,False,False,2025,1,January
2025-01-10,BAT-02,Harbor Storage,Battery Energy Storage,Coastal Plain,50,213.3,219.6,-6.3,-2.9,0.1778,100.0,24,0,0,0,0.0,0,0,False,False,2025,1,January
2025-01-11,BAT-02,Harbor Storage,Battery Energy Storage,Coastal Plain,50,115.0,136.3,-21.3,-15.6,0.0958,100.0,24,0,0,0,0.0,0,0,False,False,2025,1,January
2025-01-12,BAT-02,Harbor Storage,Battery Energy Storage,Coastal Plain,50,130.9,136.5,-5.6,-4.1,0.1091,100.0,24,0,0,0,0.0,0,0,False,False,2025,1,January
2025-01-13,BAT-02,Harbor Storage,Battery Energy Storage,Coastal Plain,50,213.9,220.3,-6.4,-2.9,0.1782,100.0,24,0,0,0,0.0,0,0,False,False,2025,1,January
2025-01-14,BAT-02,Harbor Storage,Battery Energy Storage,Coastal Plain,50,208.4,220.4,-12.0,-5.4,0.1737,100.0,24,0,0,0,0.0,0,0,False,False,2025,1,January
2025-01-15,BAT-02,Harbor Storage,Battery Energy Storage,Coastal Plain,50,214.9,220.4,-5.5,-2.5,0.1791,100.0,24,0,0,0,0.0,0,0,False,False,2025,1,January
2025-01-16,BAT-02,Harbor Storage,Battery Energy Storage,Coastal Plain,50,231.1,220.3,10.8,4.9,0.1926,100.0,24,0,0,0,0.0,0,0,False,False,2025,1,January
2025-01-17,BAT-02,Harbor Storage,Battery Energy Storage,Coastal Plain,50,219.7,220.2,-0.5,-0.2,0.1831,100.0,24,0,0,0,0.0,0,0,False,False,2025,1,January
2025-01-18,BAT-02,Harbor Storage,Battery Energy Storage,Coastal Plain,50,144.5,136.4,8.1,5.9,0.1204,100.0,24,0,0,0,0.0,0,0,False,False,2025,1,January
2025-01-19,BAT-02,Harbor Storage,Battery Energy Storage,Coastal Plain,50,123.9,136.2,-12.3,-9.0,0.1032,100.0,24,0,0,0,0.0,0,0,False,False,2025,1,January
2025-01-20,BAT-02,Harbor Storage,Battery Energy Storage,Coastal Plain,50,215.3,219.3,-4.0,-1.8,0.1794,100.0,24,0,0,0,0.0,0,0,False,False,2025,1,January
2025-01-21,BAT-02,Harbor Storage,Battery Energy Storage,Coastal Plain,50,193.4,218.9,-25.5,-11.6,0.1612,100.0,24,0,0,0,0.0,0,0,False,False,2025,1,January
2025-01-22,BAT-02,Harbor Storage,Battery Energy Storage,Coastal Plain,50,212.8,218.4,-5.6,-2.6,0.1773,100.0,24,0,0,0,0.0,0,0,False,False,2025,1,January
2025-01-23,BAT-02,Harbor Storage,Battery Energy Storage,Coastal Plain,50,204.2,217.9,-13.7,-6.3,0.1702,100.0,24,0,0,0,0.0,0,0,False,False,2025,1,January
2025-01-24,BAT-02,Harbor Storage,Battery Energy Storage,Coastal Plain,50,234.0,217.3,16.7,7.7,0.195,100.0,24,0,0,0,0.0,0,0,False,False,2025,1,January
2025-01-25,BAT-02,Harbor Storage,Battery Energy Storage,Coastal Plain,50,137.6,134.3,3.3,2.5,0.1147,100.0,24,0,0,0,0.0,0,0,False,False,2025,1,January
2025-01-26,BAT-02,Harbor Storage,Battery Energy Storage,Coastal Plain,50,142.0,133.9,8.1,6.0,0.1183,100.0,24,0,0,0,0.0,0,0,False,False,2025,1,January
2025-01-27,BAT-02,Harbor Storage,Battery Energy Storage,Coastal Plain,50,209.6,215.1,-5.5,-2.6,0.1747,100.0,24,0,0,0,0.0,0,0,False,False,2025,1,January
2025-01-28,BAT-02,Harbor Storage,Battery Energy Storage,Coastal Plain,50,201.1,214.2,-13.1,-6.1,0.1676,100.0,24,0,0,0,0.0,0,0,False,False,2025,1,January
2025-01-29,BAT-02,Harbor Storage,Battery Energy Storage,Coastal Plain,50,199.9,213.3,-13.4,-6.3,0.1666,100.0,24,0,0,0,0.0,0,0,False,False,2025,1,January
2025-01-30,BAT-02,Harbor Storage,Battery Energy Storage,Coastal Plain,50,215.7,212.3,3.4,1.6,0.1798,100.0,24,0,0,0,0.0,0,0,False,False,2025,1,January
2025-01-31,BAT-02,Harbor Storage,Battery Energy Storage,Coastal Plain,50,234.2,211.3,22.9,10.8,0.1952,100.0,24,0,0,0,0.0,0,0,False,False,2025,1,January
2025-02-01,BAT-02,Harbor Storage,Battery Energy Storage,Coastal Plain,50,133.6,130.3,3.3,2.5,0.1113,100.0,24,0,0,0,0.0,0,0,False,False,2025,2,February
2025-02-02,BAT-02,Harbor Storage,Battery Energy Storage,Coastal Plain,50,126.7,129.6,-2.9,-2.2,0.1056,100.0,24,0,0,0,0.0,0,0,False,False,2025,2,February
2025-02-03,BAT-02,Harbor Storage,Battery Energy Storage,Coastal Plain,50,205.5,207.8,-2.3,-1.1,0.1713,100.0,24,0,0,0,0.0,0,0,False,False,2025,2,February
2025-02-04,BAT-02,Harbor Storage,Battery Energy Storage,Coastal Plain,50,206.2,206.6,-0.4,-0.2,0.1718,100.0,24,0,0,0,0.0,0,0,False,False,2025,2,February
2025-02-05,BAT-02,Harbor Storage,Battery Energy Storage,Coastal Plain,50,230.2,205.3,24.9,12.1,0.1918,100.0,24,0,0,0,0.0,0,0,False,False,2025,2,February
2025-02-06,BAT-02,Harbor Storage,Battery Energy Storage,Coastal Plain,50,219.0,203.9,15.1,7.4,0.1825,100.0,24,0,0,0,0.0,0,0,False,False,2025,2,February
2025-02-07,BAT-02,Harbor Storage,Battery Energy Storage,Coastal Plain,50,205.7,202.5,3.2,1.6,0.1714,100.0,24,0,0,0,0.0,0,0,False,False,2025,2,February
2025-02-08,BAT-02,Harbor Storage,Battery Energy Storage,Coastal Plain,50,125.5,124.7,0.8,0.6,0.1046,100.0,24,0,0,0,0.0,0,0,False,False,2025,2,February
2025-02-09,BAT-02,Harbor Storage,Battery Energy Storage,Coastal Plain,50,126.0,123.8,2.2,1.8,0.105,100.0,24,0,0,0,0.0,0,0,False,False,2025,2,February
2025-02-10,BAT-02,Harbor Storage,Battery Energy Storage,Coastal Plain,50,204.0,198.1,5.9,3.0,0.17,100.0,24,0,0,0,0.0,0,0,False,False,2025,2,February
2025-02-11,BAT-02,Harbor Storage,Battery Energy Storage,Coastal Plain,50,191.7,196.6,-4.9,-2.5,0.1598,100.0,24,0,0,0,0.0,0,0,False,False,2025,2,February
2025-02-12,BAT-02,Harbor Storage,Battery Energy Storage,Coastal Plain,50,185.1,195.0,-9.9,-5.1,0.1542,100.0,24,0,0,0,0.0,0,0,False,False,2025,2,February
2025-02-13,BAT-02,Harbor Storage,Battery Energy Storage,Coastal Plain,50,205.4,193.4,12.0,6.2,0.1712,100.0,24,0,0,0,0.0,0,0,False,False,2025,2,February
2025-02-14,BAT-02,Harbor Storage,Battery Energy Storage,Coastal Plain,50,192.0,191.7,0.3,0.2,0.16,100.0,24,0,0,0,0.0,0,0,False,False,2025,2,February
2025-02-15,BAT-02,Harbor Storage,Battery Energy Storage,Coastal Plain,50,124.6,117.9,6.7,5.7,0.1038,100.0,24,0,0,0,0.0,0,0,False,False,2025,2,February
2025-02-16,BAT-02,Harbor Storage,Battery Energy Storage,Coastal Plain,50,128.3,116.8,11.5,9.8,0.1069,100.0,24,0,0,0,0.0,0,0,False,False,2025,2,February
2025-02-17,BAT-02,Harbor Storage,Battery Energy Storage,Coastal Plain,50,192.5,186.7,5.8,3.1,0.1604,100.0,24,0,0,0,0.0,0,0,False,False,2025,2,February
2025-02-18,BAT-02,Harbor Storage,Battery Energy Storage,Coastal Plain,50,189.0,185.0,4.0,2.2,0.1575,100.0,24,0,0,0,0.0,0,0,False,False,2025,2,February
2025-02-19,BAT-02,Harbor Storage,Battery Energy Storage,Coastal Plain,50,218.4,183.3,35.1,19.1,0.182,100.0,24,0,0,0,0.0,0,0,False,False,2025,2,February
2025-02-20,BAT-02,Harbor Storage,Battery Energy Storage,Coastal Plain,50,183.8,181.5,2.3,1.3,0.1532,100.0,24,0,0,0,0.0,0,0,False,False,2025,2,February
2025-02-21,BAT-02,Harbor Storage,Battery Energy Storage,Coastal Plain,50,168.0,179.8,-11.8,-6.6,0.14,100.0,24,0,0,0,0.0,0,0,False,False,2025,2,February
2025-02-22,BAT-02,Harbor Storage,Battery Energy Storage,Coastal Plain,50,108.5,110.4,-1.9,-1.7,0.0904,100.0,24,0,0,0,0.0,0,0,False,False,2025,2,February
2025-02-23,BAT-02,Harbor Storage,Battery Energy Storage,Coastal Plain,50,119.4,109.3,10.1,9.2,0.0995,100.0,24,0,0,0,0.0,0,0,False,False,2025,2,February
2025-02-24,BAT-02,Harbor Storage,Battery Energy Storage,Coastal Plain,50,160.9,174.5,-13.6,-7.8,0.1341,100.0,24,0,0,0,0.0,0,0,False,False,2025,2,February
2025-02-25,BAT-02,Harbor Storage,Battery Energy Storage,Coastal Plain,50,164.9,172.7,-7.8,-4.5,0.1374,100.0,24,0,0,0,0.0,0,0,False,False,2025,2,February
2025-02-26,BAT-02,Harbor Storage,Battery Energy Storage,Coastal Plain,50,182.3,171.0,11.3,6.6,0.1519,100.0,24,0,0,0,0.0,0,0,False,False,2025,2,February
2025-02-27,BAT-02,Harbor Storage,Battery Energy Storage,Coastal Plain,50,166.5,169.2,-2.7,-1.6,0.1388,100.0,24,0,0,0,0.0,0,0,False,False,2025,2,February
2025-02-28,BAT-02,Harbor Storage,Battery Energy Storage,Coastal Plain,50,166.4,167.5,-1.1,-0.7,0.1387,100.0,24,0,0,0,0.0,0,0,False,False,2025,2,February
2025-03-01,BAT-02,Harbor Storage,Battery Energy Storage,Coastal Plain,50,109.4,102.8,6.6,6.4,0.0912,100.0,24,0,0,0,0.0,0,0,False,False,2025,3,March
2025-03-02,BAT-02,Harbor Storage,Battery Energy Storage,Coastal Plain,50,97.3,101.7,-4.4,-4.3,0.0811,100.0,24,0,0,0,0.0,0,0,False,False,2025,3,March
2025-03-03,BAT-02,Harbor Storage,Battery Energy Storage,Coastal Plain,50,148.0,162.4,-14.4,-8.9,0.1233,100.0,24,0,0,0,0.0,0,0,False,False,2025,3,March
2025-03-04,BAT-02,Harbor Storage,Battery Energy Storage,Coastal Plain,50,147.3,160.7,-13.4,-8.3,0.1228,100.0,24,0,0,0,0.0,0,0,False,False,2025,3,March
2025-03-05,BAT-02,Harbor Storage,Battery Energy Storage,Coastal Plain,50,164.6,159.0,5.6,3.5,0.1372,100.0,24,0,0,0,0.0,0,0,False,False,2025,3,March
2025-03-06,BAT-02,Harbor Storage,Battery Energy Storage,Coastal Plain,50,159.8,157.4,2.4,1.5,0.1332,100.0,24,0,0,0,0.0,0,0,False,False,2025,3,March
2025-03-07,BAT-02,Harbor Storage,Battery Energy Storage,Coastal Plain,50,149.3,155.8,-6.5,-4.2,0.1244,100.0,24,0,0,0,0.0,0,0,False,False,2025,3,March
2025-03-08,BAT-02,Harbor Storage,Battery Energy Storage,Coastal Plain,50,88.9,95.6,-6.7,-7.0,0.0741,100.0,24,0,0,0,0.0,0,0,False,False,2025,3,March
2025-03-09,BAT-02,Harbor Storage,Battery Energy Storage,Coastal Plain,50,93.1,94.6,-1.5,-1.6,0.0776,100.0,24,0,0,0,0.0,0,0,False,False,2025,3,March
2025-03-10,BAT-02,Harbor Storage,Battery Energy Storage,Coastal Plain,50,161.2,151.1,10.1,6.7,0.1343,100.0,24,0,0,0,0.0,0,0,False,False,2025,3,March
2025-03-11,BAT-02,Harbor Storage,Battery Energy Storage,Coastal Plain,50,142.1,149.6,-7.5,-5.0,0.1184,100.0,24,0,0,0,0.0,0,0,False,False,2025,3,March
2025-03-12,BAT-02,Harbor Storage,Battery Energy Storage,Coastal Plain,50,142.2,148.1,-5.9,-4.0,0.1185,100.0,24,0,0,0,0.0,0,0,False,False,2025,3,March
2025-03-13,BAT-02,Harbor Storage,Battery Energy Storage,Coastal Plain,50,136.2,146.7,-10.5,-7.2,0.1135,100.0,24,0,0,0,0.0,0,0,False,False,2025,3,March
2025-03-14,BAT-02,Harbor Storage,Battery Energy Storage,Coastal Plain,50,94.7,145.3,-50.6,-34.8,0.0789,66.7,16,0,8,8,7434.0,1,0,False,False,2025,3,March
2025-03-15,BAT-02,Harbor Storage,Battery Energy Storage,Coastal Plain,50,91.1,89.3,1.8,2.0,0.0759,100.0,24,0,0,0,0.0,0,0,False,False,2025,3,March
2025-03-16,BAT-02,Harbor Storage,Battery Energy Storage,Coastal Plain,50,99.7,88.4,11.3,12.8,0.0831,100.0,24,0,0,0,0.0,0,0,False,False,2025,3,March
2025-03-17,BAT-02,Harbor Storage,Battery Energy Storage,Coastal Plain,50,143.2,141.4,1.8,1.3,0.1193,100.0,24,0,0,0,0.0,0,0,False,False,2025,3,March
2025-03-18,BAT-02,Harbor Storage,Battery Energy Storage,Coastal Plain,50,128.1,140.1,-12.0,-8.6,0.1068,91.7,22,0,2,2,1858.5,1,0,False,False,2025,3,March
2025-03-19,BAT-02,Harbor Storage,Battery Energy Storage,Coastal Plain,50,146.2,139.0,7.2,5.2,0.1218,100.0,24,0,0,0,0.0,0,0,False,False,2025,3,March
2025-03-20,BAT-02,Harbor Storage,Battery Energy Storage,Coastal Plain,50,143.6,137.8,5.8,4.2,0.1197,100.0,24,0,0,0,0.0,0,0,False,False,2025,3,March
2025-03-21,BAT-02,Harbor Storage,Battery Energy Storage,Coastal Plain,50,132.0,136.7,-4.7,-3.4,0.11,100.0,24,0,0,0,0.0,0,0,False,False,2025,3,March
2025-03-22,BAT-02,Harbor Storage,Battery Energy Storage,Coastal Plain,50,95.7,84.1,11.6,13.8,0.0798,100.0,24,0,0,0,0.0,0,0,False,False,2025,3,March
2025-03-23,BAT-02,Harbor Storage,Battery Energy Storage,Coastal Plain,50,83.4,83.5,-0.1,-0.1,0.0695,100.0,24,0,0,0,0.0,0,0,False,False,2025,3,March
2025-03-24,BAT-02,Harbor Storage,Battery Energy Storage,Coastal Plain,50,135.6,133.7,1.9,1.4,0.113,100.0,24,0,0,0,0.0,0,0,False,False,2025,3,March
2025-03-25,BAT-02,Harbor Storage,Battery Energy Storage,Coastal Plain,50,137.2,132.8,4.4,3.3,0.1143,100.0,24,0,0,0,0.0,0,0,False,False,2025,3,March
2025-03-26,BAT-02,Harbor Storage,Battery Energy Storage,Coastal Plain,50,134.7,132.0,2.7,2.0,0.1122,100.0,24,0,0,0,0.0,0,0,False,False,2025,3,March
2025-03-27,BAT-02,Harbor Storage,Battery Energy Storage,Coastal Plain,50,143.2,131.2,12.0,9.1,0.1193,100.0,24,0,0,0,0.0,0,0,False,False,2025,3,March
2025-03-28,BAT-02,Harbor Storage,Battery Energy Storage,Coastal Plain,50,125.8,130.4,-4.6,-3.5,0.1048,100.0,24,0,0,0,0.0,0,0,False,False,2025,3,March
2025-03-29,BAT-02,Harbor Storage,Battery Energy Storage,Coastal Plain,50,84.2,80.4,3.8,4.7,0.0702,100.0,24,0,0,0,0.0,0,0,False,False,2025,3,March
2025-03-30,BAT-02,Harbor Storage,Battery Energy Storage,Coastal Plain,50,80.8,80.0,0.8,1.0,0.0673,100.0,24,0,0,0,0.0,0,0,False,False,2025,3,March
2025-03-31,BAT-02,Harbor Storage,Battery Energy Storage,Coastal Plain,50,136.0,128.5,7.5,5.8,0.1133,100.0,24,0,0,0,0.0,0,0,False,False,2025,3,March
2025-04-01,BAT-02,Harbor Storage,Battery Energy Storage,Coastal Plain,50,126.3,127.9,-1.6,-1.3,0.1052,100.0,24,0,0,0,0.0,0,0,False,False,2025,4,April
2025-04-02,BAT-02,Harbor Storage,Battery Energy Storage,Coastal Plain,50,124.8,127.4,-2.6,-2.0,0.104,100.0,24,0,0,0,0.0,0,0,False,False,2025,4,April
2025-04-03,BAT-02,Harbor Storage,Battery Energy Storage,Coastal Plain,50,132.6,127.0,5.6,4.4,0.1105,100.0,24,0,0,0,0.0,0,0,False,False,2025,4,April
2025-04-04,BAT-02,Harbor Storage,Battery Energy Storage,Coastal Plain,50,129.3,126.6,2.7,2.1,0.1078,100.0,24,0,0,0,0.0,0,0,False,False,2025,4,April
2025-04-05,BAT-02,Harbor Storage,Battery Energy Storage,Coastal Plain,50,74.5,78.3,-3.8,-4.9,0.0621,100.0,24,0,0,0,0.0,0,0,False,False,2025,4,April
2025-04-06,BAT-02,Harbor Storage,Battery Energy Storage,Coastal Plain,50,84.5,78.1,6.4,8.2,0.0704,100.0,24,0,0,0,0.0,0,0,False,False,2025,4,April
2025-04-07,BAT-02,Harbor Storage,Battery Energy Storage,Coastal Plain,50,131.4,125.8,5.6,4.5,0.1095,100.0,24,0,0,0,0.0,0,0,False,False,2025,4,April
2025-04-08,BAT-02,Harbor Storage,Battery Energy Storage,Coastal Plain,50,125.1,125.7,-0.6,-0.5,0.1042,100.0,24,0,0,0,0.0,0,0,False,False,2025,4,April
2025-04-09,BAT-02,Harbor Storage,Battery Energy Storage,Coastal Plain,50,122.0,125.6,-3.6,-2.9,0.1017,100.0,24,0,0,0,0.0,0,0,False,False,2025,4,April
2025-04-10,BAT-02,Harbor Storage,Battery Energy Storage,Coastal Plain,50,128.3,125.5,2.8,2.2,0.1069,100.0,24,0,0,0,0.0,0,0,False,False,2025,4,April
2025-04-11,BAT-02,Harbor Storage,Battery Energy Storage,Coastal Plain,50,130.5,125.5,5.0,4.0,0.1088,100.0,24,0,0,0,0.0,0,0,False,False,2025,4,April
2025-04-12,BAT-02,Harbor Storage,Battery Energy Storage,Coastal Plain,50,70.4,77.9,-7.5,-9.6,0.0587,100.0,24,0,0,0,0.0,0,0,False,False,2025,4,April
2025-04-13,BAT-02,Harbor Storage,Battery Energy Storage,Coastal Plain,50,79.7,77.9,1.8,2.3,0.0664,100.0,24,0,0,0,0.0,0,0,False,False,2025,4,April
2025-04-14,BAT-02,Harbor Storage,Battery Energy Storage,Coastal Plain,50,130.8,125.9,4.9,3.9,0.109,100.0,24,0,0,0,0.0,0,0,False,False,2025,4,April
2025-04-15,BAT-02,Harbor Storage,Battery Energy Storage,Coastal Plain,50,108.3,126.1,-17.8,-14.1,0.0902,100.0,24,0,0,0,0.0,0,0,False,False,2025,4,April
2025-04-16,BAT-02,Harbor Storage,Battery Energy Storage,Coastal Plain,50,127.9,126.4,1.5,1.2,0.1066,100.0,24,0,0,0,0.0,0,0,False,False,2025,4,April
2025-04-17,BAT-02,Harbor Storage,Battery Energy Storage,Coastal Plain,50,132.0,126.7,5.3,4.2,0.11,100.0,24,0,0,0,0.0,0,0,False,False,2025,4,April
2025-04-18,BAT-02,Harbor Storage,Battery Energy Storage,Coastal Plain,50,131.5,127.1,4.4,3.5,0.1096,100.0,24,0,0,0,0.0,0,0,False,False,2025,4,April
2025-04-19,BAT-02,Harbor Storage,Battery Energy Storage,Coastal Plain,50,82.9,79.1,3.8,4.8,0.0691,100.0,24,0,0,0,0.0,0,0,False,False,2025,4,April
2025-04-20,BAT-02,Harbor Storage,Battery Energy Storage,Coastal Plain,50,77.8,79.4,-1.6,-2.0,0.0648,100.0,24,0,0,0,0.0,0,0,False,False,2025,4,April
2025-04-21,BAT-02,Harbor Storage,Battery Energy Storage,Coastal Plain,50,120.6,128.6,-8.0,-6.2,0.1005,100.0,24,0,0,0,0.0,0,0,False,False,2025,4,April
2025-04-22,BAT-02,Harbor Storage,Battery Energy Storage,Coastal Plain,50,115.2,129.2,-14.0,-10.8,0.096,100.0,24,0,0,0,0.0,0,0,False,False,2025,4,April
2025-04-23,BAT-02,Harbor Storage,Battery Energy Storage,Coastal Plain,50,138.3,129.8,8.5,6.5,0.1152,100.0,24,0,0,0,0.0,0,0,False,False,2025,4,April
2025-04-24,BAT-02,Harbor Storage,Battery Energy Storage,Coastal Plain,50,136.0,130.5,5.5,4.2,0.1133,100.0,24,0,0,0,0.0,0,0,False,False,2025,4,April
2025-04-25,BAT-02,Harbor Storage,Battery Energy Storage,Coastal Plain,50,140.5,131.3,9.2,7.0,0.1171,100.0,24,0,0,0,0.0,0,0,False,False,2025,4,April
2025-04-26,BAT-02,Harbor Storage,Battery Energy Storage,Coastal Plain,50,78.3,81.9,-3.6,-4.4,0.0652,100.0,24,0,0,0,0.0,0,0,False,False,2025,4,April
2025-04-27,BAT-02,Harbor Storage,Battery Energy Storage,Coastal Plain,50,86.4,82.4,4.0,4.9,0.072,100.0,24,0,0,0,0.0,0,0,False,False,2025,4,April
2025-04-28,BAT-02,Harbor Storage,Battery Energy Storage,Coastal Plain,50,121.8,133.8,-12.0,-9.0,0.1015,100.0,24,0,0,0,0.0,0,0,False,False,2025,4,April
2025-04-29,BAT-02,Harbor Storage,Battery Energy Storage,Coastal Plain,50,127.8,134.8,-7.0,-5.2,0.1065,100.0,24,0,0,0,0.0,0,0,False,False,2025,4,April
2025-04-30,BAT-02,Harbor Storage,Battery Energy Storage,Coastal Plain,50,136.8,135.8,1.0,0.7,0.114,100.0,24,0,0,0,0.0,0,0,False,False,2025,4,April
2025-05-01,BAT-02,Harbor Storage,Battery Energy Storage,Coastal Plain,50,142.3,136.8,5.5,4.0,0.1186,100.0,24,0,0,0,0.0,0,0,False,False,2025,5,May
2025-05-02,BAT-02,Harbor Storage,Battery Energy Storage,Coastal Plain,50,151.8,137.9,13.9,10.1,0.1265,100.0,24,0,0,0,0.0,0,0,False,False,2025,5,May
2025-05-03,BAT-02,Harbor Storage,Battery Energy Storage,Coastal Plain,50,85.0,86.2,-1.2,-1.4,0.0708,100.0,24,0,0,0,0.0,0,0,False,False,2025,5,May
2025-05-04,BAT-02,Harbor Storage,Battery Energy Storage,Coastal Plain,50,61.8,65.2,-3.4,-5.2,0.0515,75.0,18,6,0,6,3308.02,1,0,False,False,2025,5,May
2025-05-05,BAT-02,Harbor Storage,Battery Energy Storage,Coastal Plain,50,133.7,141.5,-7.8,-5.5,0.1114,100.0,24,0,0,0,0.0,0,0,False,False,2025,5,May
2025-05-06,BAT-02,Harbor Storage,Battery Energy Storage,Coastal Plain,50,136.9,142.7,-5.8,-4.1,0.1141,100.0,24,0,0,0,0.0,0,0,False,False,2025,5,May
2025-05-07,BAT-02,Harbor Storage,Battery Energy Storage,Coastal Plain,50,163.3,144.1,19.2,13.3,0.1361,100.0,24,0,0,0,0.0,0,0,False,False,2025,5,May
2025-05-08,BAT-02,Harbor Storage,Battery Energy Storage,Coastal Plain,50,152.0,145.4,6.6,4.5,0.1267,100.0,24,0,0,0,0.0,0,0,False,False,2025,5,May
2025-05-09,BAT-02,Harbor Storage,Battery Energy Storage,Coastal Plain,50,156.6,146.8,9.8,6.7,0.1305,100.0,24,0,0,0,0.0,0,0,False,False,2025,5,May
2025-05-10,BAT-02,Harbor Storage,Battery Energy Storage,Coastal Plain,50,90.6,91.9,-1.3,-1.4,0.0755,100.0,24,0,0,0,0.0,0,0,False,False,2025,5,May
2025-05-11,BAT-02,Harbor Storage,Battery Energy Storage,Coastal Plain,50,92.8,92.8,0.0,0.0,0.0773,100.0,24,0,0,0,0.0,0,0,False,False,2025,5,May
2025-05-12,BAT-02,Harbor Storage,Battery Energy Storage,Coastal Plain,50,157.6,151.2,6.4,4.2,0.1313,100.0,24,0,0,0,0.0,0,0,False,False,2025,5,May
2025-05-13,BAT-02,Harbor Storage,Battery Energy Storage,Coastal Plain,50,148.2,152.8,-4.6,-3.0,0.1235,100.0,24,0,0,0,0.0,0,0,False,False,2025,5,May
2025-05-14,BAT-02,Harbor Storage,Battery Energy Storage,Coastal Plain,50,151.7,154.4,-2.7,-1.7,0.1264,100.0,24,0,0,0,0.0,0,0,False,False,2025,5,May
2025-05-15,BAT-02,Harbor Storage,Battery Energy Storage,Coastal Plain,50,149.7,156.0,-6.3,-4.0,0.1247,100.0,24,0,0,0,0.0,0,0,False,False,2025,5,May
2025-05-16,BAT-02,Harbor Storage,Battery Energy Storage,Coastal Plain,50,153.4,157.7,-4.3,-2.7,0.1278,100.0,24,0,0,0,0.0,0,0,False,False,2025,5,May
2025-05-17,BAT-02,Harbor Storage,Battery Energy Storage,Coastal Plain,50,99.1,98.8,0.3,0.3,0.0826,100.0,24,0,0,0,0.0,0,0,False,False,2025,5,May
2025-05-18,BAT-02,Harbor Storage,Battery Energy Storage,Coastal Plain,50,94.9,99.9,-5.0,-5.0,0.0791,100.0,24,0,0,0,0.0,0,0,False,False,2025,5,May
2025-05-19,BAT-02,Harbor Storage,Battery Energy Storage,Coastal Plain,50,165.6,162.8,2.8,1.7,0.138,100.0,24,0,0,0,0.0,0,0,False,False,2025,5,May
2025-05-20,BAT-02,Harbor Storage,Battery Energy Storage,Coastal Plain,50,167.4,164.6,2.8,1.7,0.1395,100.0,24,0,0,0,0.0,0,0,False,False,2025,5,May
2025-05-21,BAT-02,Harbor Storage,Battery Energy Storage,Coastal Plain,50,164.6,166.4,-1.8,-1.1,0.1372,100.0,24,0,0,0,0.0,0,0,False,False,2025,5,May
2025-05-22,BAT-02,Harbor Storage,Battery Energy Storage,Coastal Plain,50,159.9,168.2,-8.3,-4.9,0.1332,100.0,24,0,0,0,0.0,0,0,False,False,2025,5,May
2025-05-23,BAT-02,Harbor Storage,Battery Energy Storage,Coastal Plain,50,171.1,170.1,1.0,0.6,0.1426,100.0,24,0,0,0,0.0,0,0,False,False,2025,5,May
2025-05-24,BAT-02,Harbor Storage,Battery Energy Storage,Coastal Plain,50,103.4,106.6,-3.2,-3.0,0.0862,100.0,24,0,0,0,0.0,0,0,False,False,2025,5,May
2025-05-25,BAT-02,Harbor Storage,Battery Energy Storage,Coastal Plain,50,108.1,107.8,0.3,0.3,0.0901,100.0,24,0,0,0,0.0,0,0,False,False,2025,5,May
2025-05-26,BAT-02,Harbor Storage,Battery Energy Storage,Coastal Plain,50,187.3,175.7,11.6,6.6,0.1561,100.0,24,0,0,0,0.0,0,0,False,False,2025,5,May
2025-05-27,BAT-02,Harbor Storage,Battery Energy Storage,Coastal Plain,50,164.3,177.7,-13.4,-7.5,0.1369,100.0,24,0,0,0,0.0,0,0,False,False,2025,5,May
2025-05-28,BAT-02,Harbor Storage,Battery Energy Storage,Coastal Plain,50,203.1,179.6,23.5,13.1,0.1692,100.0,24,0,0,0,0.0,0,0,False,False,2025,5,May
2025-05-29,BAT-02,Harbor Storage,Battery Energy Storage,Coastal Plain,50,180.8,181.6,-0.8,-0.4,0.1507,100.0,24,0,0,0,0.0,0,0,False,False,2025,5,May
2025-05-30,BAT-02,Harbor Storage,Battery Energy Storage,Coastal Plain,50,188.1,183.6,4.5,2.5,0.1568,100.0,24,0,0,0,0.0,0,0,False,False,2025,5,May
2025-05-31,BAT-02,Harbor Storage,Battery Energy Storage,Coastal Plain,50,109.9,115.1,-5.2,-4.5,0.0916,100.0,24,0,0,0,0.0,0,0,False,False,2025,5,May
2025-06-01,BAT-02,Harbor Storage,Battery Energy Storage,Coastal Plain,50,124.3,116.3,8.0,6.9,0.1036,100.0,24,0,0,0,0.0,0,0,False,False,2025,6,June
2025-06-02,BAT-02,Harbor Storage,Battery Energy Storage,Coastal Plain,50,188.1,189.6,-1.5,-0.8,0.1568,100.0,24,0,0,0,0.0,0,0,False,False,2025,6,June
2025-06-03,BAT-02,Harbor Storage,Battery Energy Storage,Coastal Plain,50,187.1,191.6,-4.5,-2.3,0.1559,100.0,24,0,0,0,0.0,0,0,False,False,2025,6,June
2025-06-04,BAT-02,Harbor Storage,Battery Energy Storage,Coastal Plain,50,186.9,193.6,-6.7,-3.5,0.1558,100.0,24,0,0,0,0.0,0,0,False,False,2025,6,June
2025-06-05,BAT-02,Harbor Storage,Battery Energy Storage,Coastal Plain,50,192.5,195.6,-3.1,-1.6,0.1604,100.0,24,0,0,0,0.0,0,0,False,False,2025,6,June
2025-06-06,BAT-02,Harbor Storage,Battery Energy Storage,Coastal Plain,50,202.6,197.7,4.9,2.5,0.1688,100.0,24,0,0,0,0.0,0,0,False,False,2025,6,June
2025-06-07,BAT-02,Harbor Storage,Battery Energy Storage,Coastal Plain,50,125.1,123.8,1.3,1.1,0.1042,100.0,24,0,0,0,0.0,0,0,False,False,2025,6,June
2025-06-08,BAT-02,Harbor Storage,Battery Energy Storage,Coastal Plain,50,124.8,125.1,-0.3,-0.2,0.104,100.0,24,0,0,0,0.0,0,0,False,False,2025,6,June
2025-06-09,BAT-02,Harbor Storage,Battery Energy Storage,Coastal Plain,50,195.0,203.7,-8.7,-4.3,0.1625,100.0,24,0,0,0,0.0,0,0,False,False,2025,6,June
2025-06-10,BAT-02,Harbor Storage,Battery Energy Storage,Coastal Plain,50,196.2,205.7,-9.5,-4.6,0.1635,100.0,24,0,0,0,0.0,0,0,False,False,2025,6,June
2025-06-11,BAT-02,Harbor Storage,Battery Energy Storage,Coastal Plain,50,202.0,207.7,-5.7,-2.7,0.1683,100.0,24,0,0,0,0.0,0,0,False,False,2025,6,June
2025-06-12,BAT-02,Harbor Storage,Battery Energy Storage,Coastal Plain,50,215.5,209.7,5.8,2.8,0.1796,100.0,24,0,0,0,0.0,0,0,False,False,2025,6,June
2025-06-13,BAT-02,Harbor Storage,Battery Energy Storage,Coastal Plain,50,220.1,211.7,8.4,4.0,0.1834,100.0,24,0,0,0,0.0,0,0,False,False,2025,6,June
2025-06-14,BAT-02,Harbor Storage,Battery Energy Storage,Coastal Plain,50,138.8,132.5,6.3,4.8,0.1157,100.0,24,0,0,0,0.0,0,0,False,False,2025,6,June
2025-06-15,BAT-02,Harbor Storage,Battery Energy Storage,Coastal Plain,50,133.7,133.7,0.0,0.0,0.1114,100.0,24,0,0,0,0.0,0,0,False,False,2025,6,June
2025-06-16,BAT-02,Harbor Storage,Battery Energy Storage,Coastal Plain,50,222.6,217.5,5.1,2.3,0.1855,100.0,24,0,0,0,0.0,0,0,False,False,2025,6,June
2025-06-17,BAT-02,Harbor Storage,Battery Energy Storage,Coastal Plain,50,217.2,219.5,-2.3,-1.0,0.181,100.0,24,0,0,0,0.0,0,0,False,False,2025,6,June
2025-06-18,BAT-02,Harbor Storage,Battery Energy Storage,Coastal Plain,50,198.2,221.3,-23.1,-10.4,0.1652,100.0,24,0,0,0,0.0,0,0,False,False,2025,6,June
2025-06-19,BAT-02,Harbor Storage,Battery Energy Storage,Coastal Plain,50,220.3,223.2,-2.9,-1.3,0.1836,100.0,24,0,0,0,0.0,0,0,False,False,2025,6,June
2025-06-20,BAT-02,Harbor Storage,Battery Energy Storage,Coastal Plain,50,220.0,225.0,-5.0,-2.2,0.1833,100.0,24,0,0,0,0.0,0,0,False,False,2025,6,June
2025-06-21,BAT-02,Harbor Storage,Battery Energy Storage,Coastal Plain,50,131.9,140.6,-8.7,-6.2,0.1099,100.0,24,0,0,0,0.0,0,0,False,False,2025,6,June
2025-06-22,BAT-02,Harbor Storage,Battery Energy Storage,Coastal Plain,50,136.9,141.7,-4.8,-3.4,0.1141,100.0,24,0,0,0,0.0,0,0,False,False,2025,6,June
2025-06-23,BAT-02,Harbor Storage,Battery Energy Storage,Coastal Plain,50,232.2,230.4,1.8,0.8,0.1935,100.0,24,0,0,0,0.0,0,0,False,False,2025,6,June
2025-06-24,BAT-02,Harbor Storage,Battery Energy Storage,Coastal Plain,50,216.3,232.1,-15.8,-6.8,0.1803,100.0,24,0,0,0,0.0,0,0,False,False,2025,6,June
2025-06-25,BAT-02,Harbor Storage,Battery Energy Storage,Coastal Plain,50,223.8,233.8,-10.0,-4.3,0.1865,100.0,24,0,0,0,0.0,0,0,False,False,2025,6,June
2025-06-26,BAT-02,Harbor Storage,Battery Energy Storage,Coastal Plain,50,257.3,235.4,21.9,9.3,0.2144,100.0,24,0,0,0,0.0,0,0,False,False,2025,6,June
2025-06-27,BAT-02,Harbor Storage,Battery Energy Storage,Coastal Plain,50,214.2,237.0,-22.8,-9.6,0.1785,100.0,24,0,0,0,0.0,0,0,False,False,2025,6,June
2025-06-28,BAT-02,Harbor Storage,Battery Energy Storage,Coastal Plain,50,146.3,147.9,-1.6,-1.1,0.1219,100.0,24,0,0,0,0.0,0,0,False,False,2025,6,June
2025-06-29,BAT-02,Harbor Storage,Battery Energy Storage,Coastal Plain,50,138.4,148.9,-10.5,-7.1,0.1153,100.0,24,0,0,0,0.0,0,0,False,False,2025,6,June
2025-06-30,BAT-02,Harbor Storage,Battery Energy Storage,Coastal Plain,50,230.7,241.6,-10.9,-4.5,0.1922,100.0,24,0,0,0,0.0,0,0,False,False,2025,6,June
2025-07-01,BAT-02,Harbor Storage,Battery Energy Storage,Coastal Plain,50,240.1,243.0,-2.9,-1.2,0.2001,100.0,24,0,0,0,0.0,0,0,False,False,2025,7,July
2025-07-02,BAT-02,Harbor Storage,Battery Energy Storage,Coastal Plain,50,229.9,244.4,-14.5,-5.9,0.1916,100.0,24,0,0,0,0.0,0,0,False,False,2025,7,July
2025-07-03,BAT-02,Harbor Storage,Battery Energy Storage,Coastal Plain,50,254.1,245.7,8.4,3.4,0.2118,100.0,24,0,0,0,0.0,0,0,False,False,2025,7,July
2025-07-04,BAT-02,Harbor Storage,Battery Energy Storage,Coastal Plain,50,267.0,247.0,20.0,8.1,0.2225,100.0,24,0,0,0,0.0,0,0,False,False,2025,7,July
2025-07-05,BAT-02,Harbor Storage,Battery Energy Storage,Coastal Plain,50,161.6,153.9,7.7,5.0,0.1347,100.0,24,0,0,0,0.0,0,0,False,False,2025,7,July
2025-07-06,BAT-02,Harbor Storage,Battery Energy Storage,Coastal Plain,50,164.1,154.6,9.5,6.1,0.1367,100.0,24,0,0,0,0.0,0,0,False,False,2025,7,July
2025-07-07,BAT-02,Harbor Storage,Battery Energy Storage,Coastal Plain,50,229.3,250.0,-20.7,-8.3,0.1911,100.0,24,0,0,0,0.0,0,0,False,False,2025,7,July
2025-07-08,BAT-02,Harbor Storage,Battery Energy Storage,Coastal Plain,50,246.4,250.0,-3.6,-1.4,0.2053,100.0,24,0,0,0,0.0,0,0,False,False,2025,7,July
2025-07-09,BAT-02,Harbor Storage,Battery Energy Storage,Coastal Plain,50,257.0,250.0,7.0,2.8,0.2142,100.0,24,0,0,0,0.0,0,0,False,False,2025,7,July
2025-07-10,BAT-02,Harbor Storage,Battery Energy Storage,Coastal Plain,50,263.1,250.0,13.1,5.2,0.2193,100.0,24,0,0,0,0.0,0,0,False,False,2025,7,July
2025-07-11,BAT-02,Harbor Storage,Battery Energy Storage,Coastal Plain,50,276.3,250.0,26.3,10.5,0.2302,100.0,24,0,0,0,0.0,0,0,False,False,2025,7,July
2025-07-12,BAT-02,Harbor Storage,Battery Energy Storage,Coastal Plain,50,168.4,158.2,10.2,6.4,0.1403,100.0,24,0,0,0,0.0,0,0,False,False,2025,7,July
2025-07-13,BAT-02,Harbor Storage,Battery Energy Storage,Coastal Plain,50,167.2,158.7,8.5,5.4,0.1393,100.0,24,0,0,0,0.0,0,0,False,False,2025,7,July
2025-07-14,BAT-02,Harbor Storage,Battery Energy Storage,Coastal Plain,50,289.5,250.0,39.5,15.8,0.2412,100.0,24,0,0,0,0.0,0,0,False,False,2025,7,July
2025-07-15,BAT-02,Harbor Storage,Battery Energy Storage,Coastal Plain,50,251.4,250.0,1.4,0.6,0.2095,100.0,24,0,0,0,0.0,0,0,False,False,2025,7,July
2025-07-16,BAT-02,Harbor Storage,Battery Energy Storage,Coastal Plain,50,245.7,250.0,-4.3,-1.7,0.2047,100.0,24,0,0,0,0.0,0,0,False,False,2025,7,July
2025-07-17,BAT-02,Harbor Storage,Battery Energy Storage,Coastal Plain,50,252.7,250.0,2.7,1.1,0.2106,100.0,24,0,0,0,0.0,0,0,False,False,2025,7,July
2025-07-18,BAT-02,Harbor Storage,Battery Energy Storage,Coastal Plain,50,236.3,250.0,-13.7,-5.5,0.1969,100.0,24,0,0,0,0.0,0,0,False,False,2025,7,July
2025-07-19,BAT-02,Harbor Storage,Battery Energy Storage,Coastal Plain,50,161.3,160.7,0.6,0.4,0.1344,100.0,24,0,0,0,0.0,0,0,False,False,2025,7,July
2025-07-20,BAT-02,Harbor Storage,Battery Energy Storage,Coastal Plain,50,144.2,160.9,-16.7,-10.4,0.1202,100.0,24,0,0,0,0.0,0,0,False,False,2025,7,July
2025-07-21,BAT-02,Harbor Storage,Battery Energy Storage,Coastal Plain,50,242.1,250.0,-7.9,-3.2,0.2017,100.0,24,0,0,0,0.0,0,0,False,False,2025,7,July
2025-07-22,BAT-02,Harbor Storage,Battery Energy Storage,Coastal Plain,50,248.3,250.0,-1.7,-0.7,0.2069,100.0,24,0,0,0,0.0,0,0,False,False,2025,7,July
2025-07-23,BAT-02,Harbor Storage,Battery Energy Storage,Coastal Plain,50,264.2,250.0,14.2,5.7,0.2202,100.0,24,0,0,0,0.0,0,0,False,False,2025,7,July
2025-07-24,BAT-02,Harbor Storage,Battery Energy Storage,Coastal Plain,50,266.7,250.0,16.7,6.7,0.2222,100.0,24,0,0,0,0.0,0,0,False,False,2025,7,July
2025-07-25,BAT-02,Harbor Storage,Battery Energy Storage,Coastal Plain,50,235.5,250.0,-14.5,-5.8,0.1962,100.0,24,0,0,0,0.0,0,0,False,False,2025,7,July
2025-07-26,BAT-02,Harbor Storage,Battery Energy Storage,Coastal Plain,50,181.2,161.1,20.1,12.5,0.151,100.0,24,0,0,0,0.0,0,0,False,False,2025,7,July
2025-07-27,BAT-02,Harbor Storage,Battery Energy Storage,Coastal Plain,50,162.5,161.0,1.5,0.9,0.1354,100.0,24,0,0,0,0.0,0,0,False,False,2025,7,July
2025-07-28,BAT-02,Harbor Storage,Battery Energy Storage,Coastal Plain,50,253.6,250.0,3.6,1.4,0.2113,100.0,24,0,0,0,0.0,0,0,False,False,2025,7,July
2025-07-29,BAT-02,Harbor Storage,Battery Energy Storage,Coastal Plain,50,225.7,250.0,-24.3,-9.7,0.1881,100.0,24,0,0,0,0.0,0,0,False,False,2025,7,July
2025-07-30,BAT-02,Harbor Storage,Battery Energy Storage,Coastal Plain,50,240.7,250.0,-9.3,-3.7,0.2006,100.0,24,0,0,0,0.0,0,0,False,False,2025,7,July
2025-07-31,BAT-02,Harbor Storage,Battery Energy Storage,Coastal Plain,50,265.7,250.0,15.7,6.3,0.2214,100.0,24,0,0,0,0.0,0,0,False,False,2025,7,July
2025-08-01,BAT-02,Harbor Storage,Battery Energy Storage,Coastal Plain,50,252.5,250.0,2.5,1.0,0.2104,100.0,24,0,0,0,0.0,0,0,False,False,2025,8,August
2025-08-02,BAT-02,Harbor Storage,Battery Energy Storage,Coastal Plain,50,160.6,159.5,1.1,0.7,0.1338,100.0,24,0,0,0,0.0,0,0,False,False,2025,8,August
2025-08-03,BAT-02,Harbor Storage,Battery Energy Storage,Coastal Plain,50,161.3,159.1,2.2,1.4,0.1344,100.0,24,0,0,0,0.0,0,0,False,False,2025,8,August
2025-08-04,BAT-02,Harbor Storage,Battery Energy Storage,Coastal Plain,50,228.4,250.0,-21.6,-8.6,0.1903,100.0,24,0,0,0,0.0,0,0,False,False,2025,8,August
2025-08-05,BAT-02,Harbor Storage,Battery Energy Storage,Coastal Plain,50,248.6,250.0,-1.4,-0.6,0.2072,100.0,24,0,0,0,0.0,0,0,False,False,2025,8,August
2025-08-06,BAT-02,Harbor Storage,Battery Energy Storage,Coastal Plain,50,271.1,250.0,21.1,8.4,0.2259,100.0,24,0,0,0,0.0,0,0,False,False,2025,8,August
2025-08-07,BAT-02,Harbor Storage,Battery Energy Storage,Coastal Plain,50,266.3,250.0,16.3,6.5,0.2219,100.0,24,0,0,0,0.0,0,0,False,False,2025,8,August
2025-08-08,BAT-02,Harbor Storage,Battery Energy Storage,Coastal Plain,50,248.1,250.0,-1.9,-0.8,0.2068,100.0,24,0,0,0,0.0,0,0,False,False,2025,8,August
2025-08-09,BAT-02,Harbor Storage,Battery Energy Storage,Coastal Plain,50,120.9,110.5,10.4,9.4,0.1008,70.8,17,7,0,7,3474.71,1,0,False,False,2025,8,August
2025-08-10,BAT-02,Harbor Storage,Battery Energy Storage,Coastal Plain,50,143.6,155.3,-11.7,-7.5,0.1197,100.0,24,0,0,0,0.0,0,0,False,False,2025,8,August
2025-08-11,BAT-02,Harbor Storage,Battery Energy Storage,Coastal Plain,50,234.9,249.5,-14.6,-5.9,0.1958,100.0,24,0,0,0,0.0,0,0,False,False,2025,8,August
2025-08-12,BAT-02,Harbor Storage,Battery Energy Storage,Coastal Plain,50,276.0,248.3,27.7,11.2,0.23,100.0,24,0,0,0,0.0,0,0,False,False,2025,8,August
2025-08-13,BAT-02,Harbor Storage,Battery Energy Storage,Coastal Plain,50,255.6,247.1,8.5,3.4,0.213,100.0,24,0,0,0,0.0,0,0,False,False,2025,8,August
2025-08-14,BAT-02,Harbor Storage,Battery Energy Storage,Coastal Plain,50,241.5,245.8,-4.3,-1.7,0.2013,100.0,24,0,0,0,0.0,0,0,False,False,2025,8,August
2025-08-15,BAT-02,Harbor Storage,Battery Energy Storage,Coastal Plain,50,243.7,244.5,-0.8,-0.3,0.2031,100.0,24,0,0,0,0.0,0,0,False,False,2025,8,August
2025-08-16,BAT-02,Harbor Storage,Battery Energy Storage,Coastal Plain,50,143.4,150.7,-7.3,-4.8,0.1195,100.0,24,0,0,0,0.0,0,0,False,False,2025,8,August
2025-08-17,BAT-02,Harbor Storage,Battery Energy Storage,Coastal Plain,50,152.3,149.9,2.4,1.6,0.1269,100.0,24,0,0,0,0.0,0,0,False,False,2025,8,August
2025-08-18,BAT-02,Harbor Storage,Battery Energy Storage,Coastal Plain,50,243.1,240.2,2.9,1.2,0.2026,100.0,24,0,0,0,0.0,0,0,False,False,2025,8,August
2025-08-19,BAT-02,Harbor Storage,Battery Energy Storage,Coastal Plain,50,239.0,238.7,0.3,0.1,0.1992,100.0,24,0,0,0,0.0,0,0,False,False,2025,8,August
2025-08-20,BAT-02,Harbor Storage,Battery Energy Storage,Coastal Plain,50,220.7,237.2,-16.5,-7.0,0.1839,100.0,24,0,0,0,0.0,0,0,False,False,2025,8,August
2025-08-21,BAT-02,Harbor Storage,Battery Energy Storage,Coastal Plain,50,239.3,235.6,3.7,1.6,0.1994,100.0,24,0,0,0,0.0,0,0,False,False,2025,8,August
2025-08-22,BAT-02,Harbor Storage,Battery Energy Storage,Coastal Plain,50,226.6,234.0,-7.4,-3.2,0.1888,100.0,24,0,0,0,0.0,0,0,False,False,2025,8,August
2025-08-23,BAT-02,Harbor Storage,Battery Energy Storage,Coastal Plain,50,135.5,144.0,-8.5,-5.9,0.1129,100.0,24,0,0,0,0.0,0,0,False,False,2025,8,August
2025-08-24,BAT-02,Harbor Storage,Battery Energy Storage,Coastal Plain,50,153.9,143.0,10.9,7.6,0.1282,100.0,24,0,0,0,0.0,0,0,False,False,2025,8,August
2025-08-25,BAT-02,Harbor Storage,Battery Energy Storage,Coastal Plain,50,258.7,228.9,29.8,13.0,0.2156,100.0,24,0,0,0,0.0,0,0,False,False,2025,8,August
2025-08-26,BAT-02,Harbor Storage,Battery Energy Storage,Coastal Plain,50,253.6,227.1,26.5,11.7,0.2113,100.0,24,0,0,0,0.0,0,0,False,False,2025,8,August
2025-08-27,BAT-02,Harbor Storage,Battery Energy Storage,Coastal Plain,50,234.2,225.4,8.8,3.9,0.1952,100.0,24,0,0,0,0.0,0,0,False,False,2025,8,August
2025-08-28,BAT-02,Harbor Storage,Battery Energy Storage,Coastal Plain,50,220.0,223.6,-3.6,-1.6,0.1833,100.0,24,0,0,0,0.0,0,0,False,False,2025,8,August
2025-08-29,BAT-02,Harbor Storage,Battery Energy Storage,Coastal Plain,50,220.8,221.7,-0.9,-0.4,0.184,100.0,24,0,0,0,0.0,0,0,False,False,2025,8,August
2025-08-30,BAT-02,Harbor Storage,Battery Energy Storage,Coastal Plain,50,139.6,136.3,3.3,2.4,0.1163,100.0,24,0,0,0,0.0,0,0,False,False,2025,8,August
2025-08-31,BAT-02,Harbor Storage,Battery Energy Storage,Coastal Plain,50,131.7,135.1,-3.4,-2.5,0.1097,100.0,24,0,0,0,0.0,0,0,False,False,2025,8,August
2025-09-01,BAT-02,Harbor Storage,Battery Energy Storage,Coastal Plain,50,233.2,216.1,17.1,7.9,0.1943,100.0,24,0,0,0,0.0,0,0,False,False,2025,9,September
2025-09-02,BAT-02,Harbor Storage,Battery Energy Storage,Coastal Plain,50,188.0,214.2,-26.2,-12.2,0.1567,100.0,24,0,0,0,0.0,0,0,False,False,2025,9,September
2025-09-03,BAT-02,Harbor Storage,Battery Energy Storage,Coastal Plain,50,208.5,212.2,-3.7,-1.7,0.1737,100.0,24,0,0,0,0.0,0,0,False,False,2025,9,September
2025-09-04,BAT-02,Harbor Storage,Battery Energy Storage,Coastal Plain,50,220.4,210.3,10.1,4.8,0.1837,100.0,24,0,0,0,0.0,0,0,False,False,2025,9,September
2025-09-05,BAT-02,Harbor Storage,Battery Energy Storage,Coastal Plain,50,197.8,208.4,-10.6,-5.1,0.1648,100.0,24,0,0,0,0.0,0,0,False,False,2025,9,September
2025-09-06,BAT-02,Harbor Storage,Battery Energy Storage,Coastal Plain,50,126.1,128.0,-1.9,-1.5,0.1051,100.0,24,0,0,0,0.0,0,0,False,False,2025,9,September
2025-09-07,BAT-02,Harbor Storage,Battery Energy Storage,Coastal Plain,50,131.3,126.8,4.5,3.5,0.1094,100.0,24,0,0,0,0.0,0,0,False,False,2025,9,September
2025-09-08,BAT-02,Harbor Storage,Battery Energy Storage,Coastal Plain,50,220.9,202.5,18.4,9.1,0.1841,100.0,24,0,0,0,0.0,0,0,False,False,2025,9,September
2025-09-09,BAT-02,Harbor Storage,Battery Energy Storage,Coastal Plain,50,184.9,200.5,-15.6,-7.8,0.1541,100.0,24,0,0,0,0.0,0,0,False,False,2025,9,September
2025-09-10,BAT-02,Harbor Storage,Battery Energy Storage,Coastal Plain,50,182.3,198.6,-16.3,-8.2,0.1519,100.0,24,0,0,0,0.0,0,0,False,False,2025,9,September
2025-09-11,BAT-02,Harbor Storage,Battery Energy Storage,Coastal Plain,50,185.4,196.6,-11.2,-5.7,0.1545,100.0,24,0,0,0,0.0,0,0,False,False,2025,9,September
2025-09-12,BAT-02,Harbor Storage,Battery Energy Storage,Coastal Plain,50,176.7,194.6,-17.9,-9.2,0.1472,100.0,24,0,0,0,0.0,0,0,False,False,2025,9,September
2025-09-13,BAT-02,Harbor Storage,Battery Energy Storage,Coastal Plain,50,109.0,119.5,-10.5,-8.8,0.0908,100.0,24,0,0,0,0.0,0,0,False,False,2025,9,September
2025-09-14,BAT-02,Harbor Storage,Battery Energy Storage,Coastal Plain,50,111.4,118.3,-6.9,-5.8,0.0928,100.0,24,0,0,0,0.0,0,0,False,False,2025,9,September
2025-09-15,BAT-02,Harbor Storage,Battery Energy Storage,Coastal Plain,50,202.8,188.8,14.0,7.4,0.169,100.0,24,0,0,0,0.0,0,0,False,False,2025,9,September
2025-09-16,BAT-02,Harbor Storage,Battery Energy Storage,Coastal Plain,50,183.4,186.9,-3.5,-1.9,0.1528,100.0,24,0,0,0,0.0,0,0,False,False,2025,9,September
2025-09-17,BAT-02,Harbor Storage,Battery Energy Storage,Coastal Plain,50,185.3,185.0,0.3,0.2,0.1544,100.0,24,0,0,0,0.0,0,0,False,False,2025,9,September
2025-09-18,BAT-02,Harbor Storage,Battery Energy Storage,Coastal Plain,50,172.6,183.1,-10.5,-5.7,0.1438,100.0,24,0,0,0,0.0,0,0,False,False,2025,9,September
2025-09-19,BAT-02,Harbor Storage,Battery Energy Storage,Coastal Plain,50,188.1,181.2,6.9,3.8,0.1568,100.0,24,0,0,0,0.0,0,0,False,False,2025,9,September
2025-09-20,BAT-02,Harbor Storage,Battery Energy Storage,Coastal Plain,50,123.7,111.2,12.5,11.2,0.1031,100.0,24,0,0,0,0.0,0,0,False,False,2025,9,September
2025-09-21,BAT-02,Harbor Storage,Battery Energy Storage,Coastal Plain,50,104.2,110.1,-5.9,-5.4,0.0868,100.0,24,0,0,0,0.0,0,0,False,False,2025,9,September
2025-09-22,BAT-02,Harbor Storage,Battery Energy Storage,Coastal Plain,50,193.9,175.8,18.1,10.3,0.1616,100.0,24,0,0,0,0.0,0,0,False,False,2025,9,September
2025-09-23,BAT-02,Harbor Storage,Battery Energy Storage,Coastal Plain,50,177.8,174.0,3.8,2.2,0.1482,100.0,24,0,0,0,0.0,0,0,False,False,2025,9,September
2025-09-24,BAT-02,Harbor Storage,Battery Energy Storage,Coastal Plain,50,172.4,172.2,0.2,0.1,0.1437,100.0,24,0,0,0,0.0,0,0,False,False,2025,9,September
2025-09-25,BAT-02,Harbor Storage,Battery Energy Storage,Coastal Plain,50,174.6,170.5,4.1,2.4,0.1455,100.0,24,0,0,0,0.0,0,0,False,False,2025,9,September
2025-09-26,BAT-02,Harbor Storage,Battery Energy Storage,Coastal Plain,50,172.8,168.8,4.0,2.4,0.144,100.0,24,0,0,0,0.0,0,0,False,False,2025,9,September
2025-09-27,BAT-02,Harbor Storage,Battery Energy Storage,Coastal Plain,50,115.2,103.6,11.6,11.2,0.096,100.0,24,0,0,0,0.0,0,0,False,False,2025,9,September
2025-09-28,BAT-02,Harbor Storage,Battery Energy Storage,Coastal Plain,50,105.8,102.6,3.2,3.1,0.0882,100.0,24,0,0,0,0.0,0,0,False,False,2025,9,September
2025-09-29,BAT-02,Harbor Storage,Battery Energy Storage,Coastal Plain,50,169.3,164.0,5.3,3.2,0.1411,100.0,24,0,0,0,0.0,0,0,False,False,2025,9,September
2025-09-30,BAT-02,Harbor Storage,Battery Energy Storage,Coastal Plain,50,158.3,162.4,-4.1,-2.5,0.1319,100.0,24,0,0,0,0.0,0,0,False,False,2025,9,September
2025-10-01,BAT-02,Harbor Storage,Battery Energy Storage,Coastal Plain,50,169.0,160.9,8.1,5.0,0.1408,100.0,24,0,0,0,0.0,0,0,False,False,2025,10,October
2025-10-02,BAT-02,Harbor Storage,Battery Energy Storage,Coastal Plain,50,150.3,159.4,-9.1,-5.7,0.1252,100.0,24,0,0,0,0.0,0,0,False,False,2025,10,October
2025-10-03,BAT-02,Harbor Storage,Battery Energy Storage,Coastal Plain,50,159.0,158.0,1.0,0.6,0.1325,100.0,24,0,0,0,0.0,0,0,False,False,2025,10,October
2025-10-04,BAT-02,Harbor Storage,Battery Energy Storage,Coastal Plain,50,113.9,97.1,16.8,17.3,0.0949,100.0,24,0,0,0,0.0,0,0,False,False,2025,10,October
2025-10-05,BAT-02,Harbor Storage,Battery Energy Storage,Coastal Plain,50,81.8,96.3,-14.5,-15.1,0.0682,100.0,24,0,0,0,0.0,0,0,False,False,2025,10,October
2025-10-06,BAT-02,Harbor Storage,Battery Energy Storage,Coastal Plain,50,156.1,154.0,2.1,1.4,0.1301,100.0,24,0,0,0,0.0,0,0,False,False,2025,10,October
2025-10-07,BAT-02,Harbor Storage,Battery Energy Storage,Coastal Plain,50,155.2,152.7,2.5,1.6,0.1293,100.0,24,0,0,0,0.0,0,0,False,False,2025,10,October
2025-10-08,BAT-02,Harbor Storage,Battery Energy Storage,Coastal Plain,50,149.4,151.5,-2.1,-1.4,0.1245,100.0,24,0,0,0,0.0,0,0,False,False,2025,10,October
2025-10-09,BAT-02,Harbor Storage,Battery Energy Storage,Coastal Plain,50,148.5,150.4,-1.9,-1.3,0.1238,100.0,24,0,0,0,0.0,0,0,False,False,2025,10,October
2025-10-10,BAT-02,Harbor Storage,Battery Energy Storage,Coastal Plain,50,150.1,149.3,0.8,0.5,0.1251,100.0,24,0,0,0,0.0,0,0,False,False,2025,10,October
2025-10-11,BAT-02,Harbor Storage,Battery Energy Storage,Coastal Plain,50,90.5,91.9,-1.4,-1.5,0.0754,100.0,24,0,0,0,0.0,0,0,False,False,2025,10,October
2025-10-12,BAT-02,Harbor Storage,Battery Energy Storage,Coastal Plain,50,92.5,91.3,1.2,1.3,0.0771,100.0,24,0,0,0,0.0,0,0,False,False,2025,10,October
2025-10-13,BAT-02,Harbor Storage,Battery Energy Storage,Coastal Plain,50,142.0,146.3,-4.3,-2.9,0.1183,100.0,24,0,0,0,0.0,0,0,False,False,2025,10,October
2025-10-14,BAT-02,Harbor Storage,Battery Energy Storage,Coastal Plain,50,163.0,145.4,17.6,12.1,0.1358,100.0,24,0,0,0,0.0,0,0,False,False,2025,10,October
2025-10-15,BAT-02,Harbor Storage,Battery Energy Storage,Coastal Plain,50,142.3,144.5,-2.2,-1.5,0.1186,100.0,24,0,0,0,0.0,0,0,False,False,2025,10,October
2025-10-16,BAT-02,Harbor Storage,Battery Energy Storage,Coastal Plain,50,148.6,143.7,4.9,3.4,0.1238,100.0,24,0,0,0,0.0,0,0,False,False,2025,10,October
2025-10-17,BAT-02,Harbor Storage,Battery Energy Storage,Coastal Plain,50,137.3,143.0,-5.7,-4.0,0.1144,100.0,24,0,0,0,0.0,0,0,False,False,2025,10,October
2025-10-18,BAT-02,Harbor Storage,Battery Energy Storage,Coastal Plain,50,93.2,88.2,5.0,5.7,0.0777,100.0,24,0,0,0,0.0,0,0,False,False,2025,10,October
2025-10-19,BAT-02,Harbor Storage,Battery Energy Storage,Coastal Plain,50,91.7,87.9,3.8,4.3,0.0764,100.0,24,0,0,0,0.0,0,0,False,False,2025,10,October
2025-10-20,BAT-02,Harbor Storage,Battery Energy Storage,Coastal Plain,50,144.7,141.2,3.5,2.5,0.1206,100.0,24,0,0,0,0.0,0,0,False,False,2025,10,October
2025-10-21,BAT-02,Harbor Storage,Battery Energy Storage,Coastal Plain,50,132.0,140.7,-8.7,-6.2,0.11,100.0,24,0,0,0,0.0,0,0,False,False,2025,10,October
2025-10-22,BAT-02,Harbor Storage,Battery Energy Storage,Coastal Plain,50,133.9,140.2,-6.3,-4.5,0.1116,100.0,24,0,0,0,0.0,0,0,False,False,2025,10,October
2025-10-23,BAT-02,Harbor Storage,Battery Energy Storage,Coastal Plain,50,154.0,139.8,14.2,10.2,0.1283,100.0,24,0,0,0,0.0,0,0,False,False,2025,10,October
2025-10-24,BAT-02,Harbor Storage,Battery Energy Storage,Coastal Plain,50,133.1,139.5,-6.4,-4.6,0.1109,100.0,24,0,0,0,0.0,0,0,False,False,2025,10,October
2025-10-25,BAT-02,Harbor Storage,Battery Energy Storage,Coastal Plain,50,74.7,71.9,2.8,3.9,0.0622,83.3,20,4,0,4,2135.44,1,0,False,False,2025,10,October
2025-10-26,BAT-02,Harbor Storage,Battery Energy Storage,Coastal Plain,50,81.3,86.2,-4.9,-5.7,0.0677,100.0,24,0,0,0,0.0,0,0,False,False,2025,10,October
2025-10-27,BAT-02,Harbor Storage,Battery Energy Storage,Coastal Plain,50,147.3,138.9,8.4,6.0,0.1228,100.0,24,0,0,0,0.0,0,0,False,False,2025,10,October
2025-10-28,BAT-02,Harbor Storage,Battery Energy Storage,Coastal Plain,50,133.1,138.8,-5.7,-4.1,0.1109,100.0,24,0,0,0,0.0,0,0,False,False,2025,10,October
2025-10-29,BAT-02,Harbor Storage,Battery Energy Storage,Coastal Plain,50,130.8,138.8,-8.0,-5.8,0.109,100.0,24,0,0,0,0.0,0,0,False,False,2025,10,October
2025-10-30,BAT-02,Harbor Storage,Battery Energy Storage,Coastal Plain,50,132.9,138.9,-6.0,-4.3,0.1108,100.0,24,0,0,0,0.0,0,0,False,False,2025,10,October
2025-10-31,BAT-02,Harbor Storage,Battery Energy Storage,Coastal Plain,50,134.3,139.0,-4.7,-3.4,0.1119,100.0,24,0,0,0,0.0,0,0,False,False,2025,10,October
2025-11-01,BAT-02,Harbor Storage,Battery Energy Storage,Coastal Plain,50,88.3,86.3,2.0,2.3,0.0736,100.0,24,0,0,0,0.0,0,0,False,False,2025,11,November
2025-11-02,BAT-02,Harbor Storage,Battery Energy Storage,Coastal Plain,50,86.8,86.4,0.4,0.5,0.0723,100.0,24,0,0,0,0.0,0,0,False,False,2025,11,November
2025-11-03,BAT-02,Harbor Storage,Battery Energy Storage,Coastal Plain,50,130.5,139.6,-9.1,-6.5,0.1088,100.0,24,0,0,0,0.0,0,0,False,False,2025,11,November
2025-11-04,BAT-02,Harbor Storage,Battery Energy Storage,Coastal Plain,50,139.7,140.0,-0.3,-0.2,0.1164,100.0,24,0,0,0,0.0,0,0,False,False,2025,11,November
2025-11-05,BAT-02,Harbor Storage,Battery Energy Storage,Coastal Plain,50,130.7,140.4,-9.7,-6.9,0.1089,100.0,24,0,0,0,0.0,0,0,False,False,2025,11,November
2025-11-06,BAT-02,Harbor Storage,Battery Energy Storage,Coastal Plain,50,146.3,140.8,5.5,3.9,0.1219,100.0,24,0,0,0,0.0,0,0,False,False,2025,11,November
2025-11-07,BAT-02,Harbor Storage,Battery Energy Storage,Coastal Plain,50,148.4,141.4,7.0,5.0,0.1237,100.0,24,0,0,0,0.0,0,0,False,False,2025,11,November
2025-11-08,BAT-02,Harbor Storage,Battery Energy Storage,Coastal Plain,50,87.9,88.0,-0.1,-0.1,0.0733,100.0,24,0,0,0,0.0,0,0,False,False,2025,11,November
2025-11-09,BAT-02,Harbor Storage,Battery Energy Storage,Coastal Plain,50,89.8,88.4,1.4,1.6,0.0748,100.0,24,0,0,0,0.0,0,0,False,False,2025,11,November
2025-11-10,BAT-02,Harbor Storage,Battery Energy Storage,Coastal Plain,50,105.5,95.5,10.0,10.5,0.0879,66.7,16,8,0,8,4093.53,1,0,False,False,2025,11,November
2025-11-11,BAT-02,Harbor Storage,Battery Energy Storage,Coastal Plain,50,142.6,144.0,-1.4,-1.0,0.1188,100.0,24,0,0,0,0.0,0,0,False,False,2025,11,November
2025-11-12,BAT-02,Harbor Storage,Battery Energy Storage,Coastal Plain,50,136.6,144.8,-8.2,-5.7,0.1138,100.0,24,0,0,0,0.0,0,0,False,False,2025,11,November
2025-11-13,BAT-02,Harbor Storage,Battery Energy Storage,Coastal Plain,50,150.7,145.7,5.0,3.4,0.1256,100.0,24,0,0,0,0.0,0,0,False,False,2025,11,November
2025-11-14,BAT-02,Harbor Storage,Battery Energy Storage,Coastal Plain,50,136.6,146.6,-10.0,-6.8,0.1138,100.0,24,0,0,0,0.0,0,0,False,False,2025,11,November
2025-11-15,BAT-02,Harbor Storage,Battery Energy Storage,Coastal Plain,50,90.3,91.5,-1.2,-1.3,0.0752,100.0,24,0,0,0,0.0,0,0,False,False,2025,11,November
2025-11-16,BAT-02,Harbor Storage,Battery Energy Storage,Coastal Plain,50,88.8,92.1,-3.3,-3.6,0.074,100.0,24,0,0,0,0.0,0,0,False,False,2025,11,November
2025-11-17,BAT-02,Harbor Storage,Battery Energy Storage,Coastal Plain,50,143.3,149.6,-6.3,-4.2,0.1194,100.0,24,0,0,0,0.0,0,0,False,False,2025,11,November
2025-11-18,BAT-02,Harbor Storage,Battery Energy Storage,Coastal Plain,50,148.4,150.7,-2.3,-1.5,0.1237,100.0,24,0,0,0,0.0,0,0,False,False,2025,11,November
2025-11-19,BAT-02,Harbor Storage,Battery Energy Storage,Coastal Plain,50,160.0,151.8,8.2,5.4,0.1333,100.0,24,0,0,0,0.0,0,0,False,False,2025,11,November
2025-11-20,BAT-02,Harbor Storage,Battery Energy Storage,Coastal Plain,50,163.2,153.0,10.2,6.7,0.136,100.0,24,0,0,0,0.0,0,0,False,False,2025,11,November
2025-11-21,BAT-02,Harbor Storage,Battery Energy Storage,Coastal Plain,50,162.8,154.3,8.5,5.5,0.1357,100.0,24,0,0,0,0.0,0,0,False,False,2025,11,November
2025-11-22,BAT-02,Harbor Storage,Battery Energy Storage,Coastal Plain,50,98.4,96.4,2.0,2.1,0.082,100.0,24,0,0,0,0.0,0,0,False,False,2025,11,November
2025-11-23,BAT-02,Harbor Storage,Battery Energy Storage,Coastal Plain,50,95.7,97.3,-1.6,-1.6,0.0798,100.0,24,0,0,0,0.0,0,0,False,False,2025,11,November
2025-11-24,BAT-02,Harbor Storage,Battery Energy Storage,Coastal Plain,50,135.8,158.2,-22.4,-14.2,0.1132,100.0,24,0,0,0,0.0,0,0,False,False,2025,11,November
2025-11-25,BAT-02,Harbor Storage,Battery Energy Storage,Coastal Plain,50,163.1,159.6,3.5,2.2,0.1359,100.0,24,0,0,0,0.0,0,0,False,False,2025,11,November
2025-11-26,BAT-02,Harbor Storage,Battery Energy Storage,Coastal Plain,50,139.0,161.0,-22.0,-13.7,0.1158,100.0,24,0,0,0,0.0,0,0,False,False,2025,11,November
2025-11-27,BAT-02,Harbor Storage,Battery Energy Storage,Coastal Plain,50,143.7,162.5,-18.8,-11.6,0.1198,100.0,24,0,0,0,0.0,0,0,False,False,2025,11,November
2025-11-28,BAT-02,Harbor Storage,Battery Energy Storage,Coastal Plain,50,162.4,164.0,-1.6,-1.0,0.1353,100.0,24,0,0,0,0.0,0,0,False,False,2025,11,November
2025-11-29,BAT-02,Harbor Storage,Battery Energy Storage,Coastal Plain,50,104.2,102.6,1.6,1.6,0.0868,100.0,24,0,0,0,0.0,0,0,False,False,2025,11,November
2025-11-30,BAT-02,Harbor Storage,Battery Energy Storage,Coastal Plain,50,100.7,103.5,-2.8,-2.7,0.0839,100.0,24,0,0,0,0.0,0,0,False,False,2025,11,November
2025-12-01,BAT-02,Harbor Storage,Battery Energy Storage,Coastal Plain,50,184.1,168.5,15.6,9.3,0.1534,100.0,24,0,0,0,0.0,0,0,False,False,2025,12,December
2025-12-02,BAT-02,Harbor Storage,Battery Energy Storage,Coastal Plain,50,174.8,170.1,4.7,2.8,0.1457,100.0,24,0,0,0,0.0,0,0,False,False,2025,12,December
2025-12-03,BAT-02,Harbor Storage,Battery Energy Storage,Coastal Plain,50,169.1,171.7,-2.6,-1.5,0.1409,100.0,24,0,0,0,0.0,0,0,False,False,2025,12,December
2025-12-04,BAT-02,Harbor Storage,Battery Energy Storage,Coastal Plain,50,187.7,173.3,14.4,8.3,0.1564,100.0,24,0,0,0,0.0,0,0,False,False,2025,12,December
2025-12-05,BAT-02,Harbor Storage,Battery Energy Storage,Coastal Plain,50,191.4,174.9,16.5,9.4,0.1595,100.0,24,0,0,0,0.0,0,0,False,False,2025,12,December
2025-12-06,BAT-02,Harbor Storage,Battery Energy Storage,Coastal Plain,50,112.8,109.5,3.3,3.0,0.094,100.0,24,0,0,0,0.0,0,0,False,False,2025,12,December
2025-12-07,BAT-02,Harbor Storage,Battery Energy Storage,Coastal Plain,50,105.4,110.5,-5.1,-4.6,0.0878,100.0,24,0,0,0,0.0,0,0,False,False,2025,12,December
2025-12-08,BAT-02,Harbor Storage,Battery Energy Storage,Coastal Plain,50,173.9,179.9,-6.0,-3.3,0.1449,100.0,24,0,0,0,0.0,0,0,False,False,2025,12,December
2025-12-09,BAT-02,Harbor Storage,Battery Energy Storage,Coastal Plain,50,165.7,181.5,-15.8,-8.7,0.1381,100.0,24,0,0,0,0.0,0,0,False,False,2025,12,December
2025-12-10,BAT-02,Harbor Storage,Battery Energy Storage,Coastal Plain,50,182.7,183.1,-0.4,-0.2,0.1522,100.0,24,0,0,0,0.0,0,0,False,False,2025,12,December
2025-12-11,BAT-02,Harbor Storage,Battery Energy Storage,Coastal Plain,50,173.1,184.8,-11.7,-6.3,0.1442,100.0,24,0,0,0,0.0,0,0,False,False,2025,12,December
2025-12-12,BAT-02,Harbor Storage,Battery Energy Storage,Coastal Plain,50,182.7,186.4,-3.7,-2.0,0.1522,100.0,24,0,0,0,0.0,0,0,False,False,2025,12,December
2025-12-13,BAT-02,Harbor Storage,Battery Energy Storage,Coastal Plain,50,118.4,116.6,1.8,1.5,0.0987,100.0,24,0,0,0,0.0,0,0,False,False,2025,12,December
2025-12-14,BAT-02,Harbor Storage,Battery Energy Storage,Coastal Plain,50,103.6,117.6,-14.0,-11.9,0.0863,100.0,24,0,0,0,0.0,0,0,False,False,2025,12,December
2025-12-15,BAT-02,Harbor Storage,Battery Energy Storage,Coastal Plain,50,176.8,191.3,-14.5,-7.6,0.1473,100.0,24,0,0,0,0.0,0,0,False,False,2025,12,December
2025-12-16,BAT-02,Harbor Storage,Battery Energy Storage,Coastal Plain,50,187.0,192.8,-5.8,-3.0,0.1558,100.0,24,0,0,0,0.0,0,0,False,False,2025,12,December
2025-12-17,BAT-02,Harbor Storage,Battery Energy Storage,Coastal Plain,50,193.8,194.4,-0.6,-0.3,0.1615,100.0,24,0,0,0,0.0,0,0,False,False,2025,12,December
2025-12-18,BAT-02,Harbor Storage,Battery Energy Storage,Coastal Plain,50,190.1,195.9,-5.8,-3.0,0.1584,100.0,24,0,0,0,0.0,0,0,False,False,2025,12,December
2025-12-19,BAT-02,Harbor Storage,Battery Energy Storage,Coastal Plain,50,194.2,197.5,-3.3,-1.7,0.1618,100.0,24,0,0,0,0.0,0,0,False,False,2025,12,December
2025-12-20,BAT-02,Harbor Storage,Battery Energy Storage,Coastal Plain,50,118.1,123.3,-5.2,-4.2,0.0984,100.0,24,0,0,0,0.0,0,0,False,False,2025,12,December
2025-12-21,BAT-02,Harbor Storage,Battery Energy Storage,Coastal Plain,50,113.4,124.2,-10.8,-8.7,0.0945,100.0,24,0,0,0,0.0,0,0,False,False,2025,12,December
2025-12-22,BAT-02,Harbor Storage,Battery Energy Storage,Coastal Plain,50,195.3,201.8,-6.5,-3.2,0.1628,100.0,24,0,0,0,0.0,0,0,False,False,2025,12,December
2025-12-23,BAT-02,Harbor Storage,Battery Energy Storage,Coastal Plain,50,200.6,203.2,-2.6,-1.3,0.1672,100.0,24,0,0,0,0.0,0,0,False,False,2025,12,December
2025-12-24,BAT-02,Harbor Storage,Battery Energy Storage,Coastal Plain,50,200.7,204.6,-3.9,-1.9,0.1672,100.0,24,0,0,0,0.0,0,0,False,False,2025,12,December
2025-12-25,BAT-02,Harbor Storage,Battery Energy Storage,Coastal Plain,50,207.2,205.9,1.3,0.6,0.1727,100.0,24,0,0,0,0.0,0,0,False,False,2025,12,December
2025-12-26,BAT-02,Harbor Storage,Battery Energy Storage,Coastal Plain,50,212.3,207.1,5.2,2.5,0.1769,100.0,24,0,0,0,0.0,0,0,False,False,2025,12,December
2025-12-27,BAT-02,Harbor Storage,Battery Energy Storage,Coastal Plain,50,134.5,129.2,5.3,4.1,0.1121,100.0,24,0,0,0,0.0,0,0,False,False,2025,12,December
2025-12-28,BAT-02,Harbor Storage,Battery Energy Storage,Coastal Plain,50,125.0,129.9,-4.9,-3.8,0.1042,100.0,24,0,0,0,0.0,0,0,False,False,2025,12,December
2025-12-29,BAT-02,Harbor Storage,Battery Energy Storage,Coastal Plain,50,190.7,210.6,-19.9,-9.4,0.1589,100.0,24,0,0,0,0.0,0,0,False,False,2025,12,December
2025-12-30,BAT-02,Harbor Storage,Battery Energy Storage,Coastal Plain,50,227.9,211.7,16.2,7.7,0.1899,100.0,24,0,0,0,0.0,0,0,False,False,2025,12,December
2025-12-31,BAT-02,Harbor Storage,Battery Energy Storage,Coastal Plain,50,217.6,212.7,4.9,2.3,0.1813,100.0,24,0,0,0,0.0,0,0,False,False,2025,12,December
2025-01-01,GAS-01,Riverbend Combined Cycle,Natural Gas,River Valley,540,9070.2,9109.3,-39.1,-0.4,0.6999,100.0,24,0,0,0,0.0,0,0,False,False,2025,1,January
2025-01-02,GAS-01,Riverbend Combined Cycle,Natural Gas,River Valley,540,9216.1,9300.4,-84.3,-0.9,0.7111,100.0,24,0,0,0,0.0,0,0,False,False,2025,1,January
2025-01-03,GAS-01,Riverbend Combined Cycle,Natural Gas,River Valley,540,8755.4,8773.2,-17.8,-0.2,0.6756,100.0,24,0,0,0,0.0,0,0,False,False,2025,1,January
2025-01-04,GAS-01,Riverbend Combined Cycle,Natural Gas,River Valley,540,8790.4,8703.6,86.8,1.0,0.6783,100.0,24,0,0,0,0.0,0,0,False,False,2025,1,January
2025-01-05,GAS-01,Riverbend Combined Cycle,Natural Gas,River Valley,540,9108.6,9049.9,58.7,0.6,0.7028,100.0,24,0,0,0,0.0,0,0,False,False,2025,1,January
2025-01-06,GAS-01,Riverbend Combined Cycle,Natural Gas,River Valley,540,8669.9,8696.5,-26.6,-0.3,0.669,100.0,24,0,0,0,0.0,0,0,False,False,2025,1,January
2025-01-07,GAS-01,Riverbend Combined Cycle,Natural Gas,River Valley,540,8745.6,8658.6,87.0,1.0,0.6748,100.0,24,0,0,0,0.0,0,0,False,False,2025,1,January
2025-01-08,GAS-01,Riverbend Combined Cycle,Natural Gas,River Valley,540,9298.8,9283.2,15.6,0.2,0.7175,100.0,24,0,0,0,0.0,0,0,False,False,2025,1,January
2025-01-09,GAS-01,Riverbend Combined Cycle,Natural Gas,River Valley,540,9319.7,9384.2,-64.5,-0.7,0.7191,100.0,24,0,0,0,0.0,0,0,False,False,2025,1,January
2025-01-10,GAS-01,Riverbend Combined Cycle,Natural Gas,River Valley,540,9225.4,9304.5,-79.1,-0.9,0.7118,100.0,24,0,0,0,0.0,0,0,False,False,2025,1,January
2025-01-11,GAS-01,Riverbend Combined Cycle,Natural Gas,River Valley,540,8779.5,8736.5,43.0,0.5,0.6774,100.0,24,0,0,0,0.0,0,0,False,False,2025,1,January
2025-01-12,GAS-01,Riverbend Combined Cycle,Natural Gas,River Valley,540,7834.4,7842.2,-7.8,-0.1,0.6045,100.0,24,0,0,0,0.0,0,0,False,False,2025,1,January
2025-01-13,GAS-01,Riverbend Combined Cycle,Natural Gas,River Valley,540,8601.2,8745.6,-144.4,-1.7,0.6637,100.0,24,0,0,0,0.0,0,0,False,False,2025,1,January
2025-01-14,GAS-01,Riverbend Combined Cycle,Natural Gas,River Valley,540,8555.1,8469.0,86.1,1.0,0.6601,100.0,24,0,0,0,0.0,0,0,False,False,2025,1,January
2025-01-15,GAS-01,Riverbend Combined Cycle,Natural Gas,River Valley,540,8703.5,8754.0,-50.5,-0.6,0.6716,100.0,24,0,0,0,0.0,0,0,False,False,2025,1,January
2025-01-16,GAS-01,Riverbend Combined Cycle,Natural Gas,River Valley,540,8670.9,8508.4,162.5,1.9,0.6691,100.0,24,0,0,0,0.0,0,0,False,False,2025,1,January
2025-01-17,GAS-01,Riverbend Combined Cycle,Natural Gas,River Valley,540,8655.2,8803.4,-148.2,-1.7,0.6678,100.0,24,0,0,0,0.0,0,0,False,False,2025,1,January
2025-01-18,GAS-01,Riverbend Combined Cycle,Natural Gas,River Valley,540,8323.3,8341.4,-18.1,-0.2,0.6422,100.0,24,0,0,0,0.0,0,0,False,False,2025,1,January
2025-01-19,GAS-01,Riverbend Combined Cycle,Natural Gas,River Valley,540,8162.7,8231.9,-69.2,-0.8,0.6298,100.0,24,0,0,0,0.0,0,0,False,False,2025,1,January
2025-01-20,GAS-01,Riverbend Combined Cycle,Natural Gas,River Valley,540,9257.8,9367.4,-109.6,-1.2,0.7143,100.0,24,0,0,0,0.0,0,0,False,False,2025,1,January
2025-01-21,GAS-01,Riverbend Combined Cycle,Natural Gas,River Valley,540,8324.1,8373.0,-48.9,-0.6,0.6423,100.0,24,0,0,0,0.0,0,0,False,False,2025,1,January
2025-01-22,GAS-01,Riverbend Combined Cycle,Natural Gas,River Valley,540,9000.2,8813.0,187.2,2.1,0.6945,100.0,24,0,0,0,0.0,0,0,False,False,2025,1,January
2025-01-23,GAS-01,Riverbend Combined Cycle,Natural Gas,River Valley,540,9261.7,9245.8,15.9,0.2,0.7146,100.0,24,0,0,0,0.0,0,0,False,False,2025,1,January
2025-01-24,GAS-01,Riverbend Combined Cycle,Natural Gas,River Valley,540,9139.9,9227.5,-87.6,-0.9,0.7052,100.0,24,0,0,0,0.0,0,0,False,False,2025,1,January
2025-01-25,GAS-01,Riverbend Combined Cycle,Natural Gas,River Valley,540,8972.0,9173.3,-201.3,-2.2,0.6923,100.0,24,0,0,0,0.0,0,0,False,False,2025,1,January
2025-01-26,GAS-01,Riverbend Combined Cycle,Natural Gas,River Valley,540,8765.3,8950.2,-184.9,-2.1,0.6763,100.0,24,0,0,0,0.0,0,0,False,False,2025,1,January
2025-01-27,GAS-01,Riverbend Combined Cycle,Natural Gas,River Valley,540,9082.4,9141.2,-58.8,-0.6,0.7008,100.0,24,0,0,0,0.0,0,0,False,False,2025,1,January
2025-01-28,GAS-01,Riverbend Combined Cycle,Natural Gas,River Valley,540,9363.9,9435.6,-71.7,-0.8,0.7225,100.0,24,0,0,0,0.0,0,0,False,False,2025,1,January
2025-01-29,GAS-01,Riverbend Combined Cycle,Natural Gas,River Valley,540,8981.4,9005.6,-24.2,-0.3,0.693,100.0,24,0,0,0,0.0,0,0,False,False,2025,1,January
2025-01-30,GAS-01,Riverbend Combined Cycle,Natural Gas,River Valley,540,7761.9,7979.4,-217.5,-2.7,0.5989,100.0,24,0,0,0,0.0,0,0,False,False,2025,1,January
2025-01-31,GAS-01,Riverbend Combined Cycle,Natural Gas,River Valley,540,8563.6,8573.1,-9.5,-0.1,0.6608,100.0,24,0,0,0,0.0,0,0,False,False,2025,1,January
2025-02-01,GAS-01,Riverbend Combined Cycle,Natural Gas,River Valley,540,9241.3,9128.7,112.6,1.2,0.7131,100.0,24,0,0,0,0.0,0,0,False,False,2025,2,February
2025-02-02,GAS-01,Riverbend Combined Cycle,Natural Gas,River Valley,540,8694.4,8528.3,166.1,1.9,0.6709,100.0,24,0,0,0,0.0,0,0,False,False,2025,2,February
2025-02-03,GAS-01,Riverbend Combined Cycle,Natural Gas,River Valley,540,9330.6,9547.7,-217.1,-2.3,0.72,100.0,24,0,0,0,0.0,0,0,False,False,2025,2,February
2025-02-04,GAS-01,Riverbend Combined Cycle,Natural Gas,River Valley,540,8699.7,8784.1,-84.4,-1.0,0.6713,100.0,24,0,0,0,0.0,0,0,False,False,2025,2,February
2025-02-05,GAS-01,Riverbend Combined Cycle,Natural Gas,River Valley,540,8760.7,8851.5,-90.8,-1.0,0.676,100.0,24,0,0,0,0.0,0,0,False,False,2025,2,February
2025-02-06,GAS-01,Riverbend Combined Cycle,Natural Gas,River Valley,540,9339.3,9323.0,16.3,0.2,0.7206,100.0,24,0,0,0,0.0,0,0,False,False,2025,2,February
2025-02-07,GAS-01,Riverbend Combined Cycle,Natural Gas,River Valley,540,3225.8,8729.9,-5504.1,-63.0,0.2489,37.5,9,0,15,15,120582.0,2,0,False,False,2025,2,February
2025-02-08,GAS-01,Riverbend Combined Cycle,Natural Gas,River Valley,540,9072.3,8892.8,179.5,2.0,0.7,100.0,24,0,0,0,0.0,0,0,False,False,2025,2,February
2025-02-09,GAS-01,Riverbend Combined Cycle,Natural Gas,River Valley,540,9225.5,9220.6,4.9,0.1,0.7118,100.0,24,0,0,0,0.0,0,0,False,False,2025,2,February
2025-02-10,GAS-01,Riverbend Combined Cycle,Natural Gas,River Valley,540,8132.9,8145.0,-12.1,-0.1,0.6275,100.0,24,0,0,0,0.0,0,0,False,False,2025,2,February
2025-02-11,GAS-01,Riverbend Combined Cycle,Natural Gas,River Valley,540,8849.4,8683.4,166.0,1.9,0.6828,100.0,24,0,0,0,0.0,0,0,False,False,2025,2,February
2025-02-12,GAS-01,Riverbend Combined Cycle,Natural Gas,River Valley,540,9187.1,9188.9,-1.8,-0.0,0.7089,100.0,24,0,0,0,0.0,0,0,False,False,2025,2,February
2025-02-13,GAS-01,Riverbend Combined Cycle,Natural Gas,River Valley,540,8885.0,8842.6,42.4,0.5,0.6856,100.0,24,0,0,0,0.0,0,0,False,False,2025,2,February
2025-02-14,GAS-01,Riverbend Combined Cycle,Natural Gas,River Valley,540,9393.0,9478.4,-85.4,-0.9,0.7248,100.0,24,0,0,0,0.0,0,0,False,False,2025,2,February
2025-02-15,GAS-01,Riverbend Combined Cycle,Natural Gas,River Valley,540,7964.8,8098.0,-133.2,-1.6,0.6146,100.0,24,0,0,0,0.0,0,0,False,False,2025,2,February
2025-02-16,GAS-01,Riverbend Combined Cycle,Natural Gas,River Valley,540,7987.3,8046.2,-58.9,-0.7,0.6163,100.0,24,0,0,0,0.0,0,0,False,False,2025,2,February
2025-02-17,GAS-01,Riverbend Combined Cycle,Natural Gas,River Valley,540,9402.4,9161.9,240.5,2.6,0.7255,100.0,24,0,0,0,0.0,0,0,False,False,2025,2,February
2025-02-18,GAS-01,Riverbend Combined Cycle,Natural Gas,River Valley,540,9275.5,9205.5,70.0,0.8,0.7157,100.0,24,0,0,0,0.0,0,0,False,False,2025,2,February
2025-02-19,GAS-01,Riverbend Combined Cycle,Natural Gas,River Valley,540,8753.9,8725.1,28.8,0.3,0.6755,100.0,24,0,0,0,0.0,0,0,False,False,2025,2,February
2025-02-20,GAS-01,Riverbend Combined Cycle,Natural Gas,River Valley,540,8889.0,8994.4,-105.4,-1.2,0.6859,100.0,24,0,0,0,0.0,0,0,False,False,2025,2,February
2025-02-21,GAS-01,Riverbend Combined Cycle,Natural Gas,River Valley,540,9250.9,9150.8,100.1,1.1,0.7138,100.0,24,0,0,0,0.0,0,0,False,False,2025,2,February
2025-02-22,GAS-01,Riverbend Combined Cycle,Natural Gas,River Valley,540,8306.1,8443.6,-137.5,-1.6,0.6409,100.0,24,0,0,0,0.0,0,0,False,False,2025,2,February
2025-02-23,GAS-01,Riverbend Combined Cycle,Natural Gas,River Valley,540,8332.5,8492.2,-159.7,-1.9,0.6429,100.0,24,0,0,0,0.0,0,0,False,False,2025,2,February
2025-02-24,GAS-01,Riverbend Combined Cycle,Natural Gas,River Valley,540,8839.2,8898.9,-59.7,-0.7,0.682,100.0,24,0,0,0,0.0,0,0,False,False,2025,2,February
2025-02-25,GAS-01,Riverbend Combined Cycle,Natural Gas,River Valley,540,9439.2,9222.9,216.3,2.3,0.7283,100.0,24,0,0,0,0.0,0,0,False,False,2025,2,February
2025-02-26,GAS-01,Riverbend Combined Cycle,Natural Gas,River Valley,540,8472.6,8283.9,188.7,2.3,0.6538,100.0,24,0,0,0,0.0,0,0,False,False,2025,2,February
2025-02-27,GAS-01,Riverbend Combined Cycle,Natural Gas,River Valley,540,8675.8,8723.0,-47.2,-0.5,0.6694,100.0,24,0,0,0,0.0,0,0,False,False,2025,2,February
2025-02-28,GAS-01,Riverbend Combined Cycle,Natural Gas,River Valley,540,8631.6,8702.0,-70.4,-0.8,0.666,100.0,24,0,0,0,0.0,0,0,False,False,2025,2,February
2025-03-01,GAS-01,Riverbend Combined Cycle,Natural Gas,River Valley,540,8825.2,9002.4,-177.2,-2.0,0.681,100.0,24,0,0,0,0.0,0,0,False,False,2025,3,March
2025-03-02,GAS-01,Riverbend Combined Cycle,Natural Gas,River Valley,540,8817.1,8808.9,8.2,0.1,0.6803,100.0,24,0,0,0,0.0,0,0,False,False,2025,3,March
2025-03-03,GAS-01,Riverbend Combined Cycle,Natural Gas,River Valley,540,8581.8,8565.2,16.6,0.2,0.6622,100.0,24,0,0,0,0.0,0,0,False,False,2025,3,March
2025-03-04,GAS-01,Riverbend Combined Cycle,Natural Gas,River Valley,540,9468.0,9379.1,88.9,0.9,0.7306,100.0,24,0,0,0,0.0,0,0,False,False,2025,3,March
2025-03-05,GAS-01,Riverbend Combined Cycle,Natural Gas,River Valley,540,8661.8,8568.2,93.6,1.1,0.6683,100.0,24,0,0,0,0.0,0,0,False,False,2025,3,March
2025-03-06,GAS-01,Riverbend Combined Cycle,Natural Gas,River Valley,540,8659.7,8680.3,-20.6,-0.2,0.6682,100.0,24,0,0,0,0.0,0,0,False,False,2025,3,March
2025-03-07,GAS-01,Riverbend Combined Cycle,Natural Gas,River Valley,540,8144.9,8090.9,54.0,0.7,0.6285,100.0,24,0,0,0,0.0,0,0,False,False,2025,3,March
2025-03-08,GAS-01,Riverbend Combined Cycle,Natural Gas,River Valley,540,3156.6,8489.1,-5332.5,-62.8,0.2436,37.5,9,0,15,15,120582.0,2,0,False,False,2025,3,March
2025-03-09,GAS-01,Riverbend Combined Cycle,Natural Gas,River Valley,540,9105.2,9046.9,58.3,0.6,0.7026,100.0,24,0,0,0,0.0,0,0,False,False,2025,3,March
2025-03-10,GAS-01,Riverbend Combined Cycle,Natural Gas,River Valley,540,8903.7,8958.2,-54.5,-0.6,0.687,100.0,24,0,0,0,0.0,0,0,False,False,2025,3,March
2025-03-11,GAS-01,Riverbend Combined Cycle,Natural Gas,River Valley,540,9134.8,9084.7,50.1,0.6,0.7048,100.0,24,0,0,0,0.0,0,0,False,False,2025,3,March
2025-03-12,GAS-01,Riverbend Combined Cycle,Natural Gas,River Valley,540,9103.9,9062.7,41.2,0.5,0.7025,100.0,24,0,0,0,0.0,0,0,False,False,2025,3,March
2025-03-13,GAS-01,Riverbend Combined Cycle,Natural Gas,River Valley,540,2442.0,9759.8,-7317.8,-75.0,0.1884,25.0,6,0,18,18,144698.4,2,0,False,False,2025,3,March
2025-03-14,GAS-01,Riverbend Combined Cycle,Natural Gas,River Valley,540,8554.4,8473.6,80.8,1.0,0.6601,100.0,24,0,0,0,0.0,0,0,False,False,2025,3,March
2025-03-15,GAS-01,Riverbend Combined Cycle,Natural Gas,River Valley,540,7926.0,8078.2,-152.2,-1.9,0.6116,100.0,24,0,0,0,0.0,0,0,False,False,2025,3,March
2025-03-16,GAS-01,Riverbend Combined Cycle,Natural Gas,River Valley,540,8229.7,8336.3,-106.6,-1.3,0.635,100.0,24,0,0,0,0.0,0,0,False,False,2025,3,March
2025-03-17,GAS-01,Riverbend Combined Cycle,Natural Gas,River Valley,540,8466.1,8493.6,-27.5,-0.3,0.6532,100.0,24,0,0,0,0.0,0,0,False,False,2025,3,March
2025-03-18,GAS-01,Riverbend Combined Cycle,Natural Gas,River Valley,540,8225.9,8370.8,-144.9,-1.7,0.6347,100.0,24,0,0,0,0.0,0,0,False,False,2025,3,March
2025-03-19,GAS-01,Riverbend Combined Cycle,Natural Gas,River Valley,540,8812.0,8855.3,-43.3,-0.5,0.6799,100.0,24,0,0,0,0.0,0,0,False,False,2025,3,March
2025-03-20,GAS-01,Riverbend Combined Cycle,Natural Gas,River Valley,540,9338.8,9381.0,-42.2,-0.4,0.7206,100.0,24,0,0,0,0.0,0,0,False,False,2025,3,March
2025-03-21,GAS-01,Riverbend Combined Cycle,Natural Gas,River Valley,540,9660.7,9511.2,149.5,1.6,0.7454,100.0,24,0,0,0,0.0,0,0,False,False,2025,3,March
2025-03-22,GAS-01,Riverbend Combined Cycle,Natural Gas,River Valley,540,9057.0,9041.6,15.4,0.2,0.6988,100.0,24,0,0,0,0.0,0,0,False,False,2025,3,March
2025-03-23,GAS-01,Riverbend Combined Cycle,Natural Gas,River Valley,540,9904.9,9784.1,120.8,1.2,0.7643,100.0,24,0,0,0,0.0,0,0,False,False,2025,3,March
2025-03-24,GAS-01,Riverbend Combined Cycle,Natural Gas,River Valley,540,8682.5,8651.1,31.4,0.4,0.6699,100.0,24,0,0,0,0.0,0,0,False,False,2025,3,March
2025-03-25,GAS-01,Riverbend Combined Cycle,Natural Gas,River Valley,540,8020.4,8072.3,-51.9,-0.6,0.6189,100.0,24,0,0,0,0.0,0,0,False,False,2025,3,March
2025-03-26,GAS-01,Riverbend Combined Cycle,Natural Gas,River Valley,540,9305.4,9290.5,14.9,0.2,0.718,100.0,24,0,0,0,0.0,0,0,False,False,2025,3,March
2025-03-27,GAS-01,Riverbend Combined Cycle,Natural Gas,River Valley,540,8048.7,7978.8,69.9,0.9,0.621,100.0,24,0,0,0,0.0,0,0,False,False,2025,3,March
2025-03-28,GAS-01,Riverbend Combined Cycle,Natural Gas,River Valley,540,8591.6,8470.3,121.3,1.4,0.6629,100.0,24,0,0,0,0.0,0,0,False,False,2025,3,March
2025-03-29,GAS-01,Riverbend Combined Cycle,Natural Gas,River Valley,540,9034.4,9048.7,-14.3,-0.2,0.6971,100.0,24,0,0,0,0.0,0,0,False,False,2025,3,March
2025-03-30,GAS-01,Riverbend Combined Cycle,Natural Gas,River Valley,540,8593.0,8766.4,-173.4,-2.0,0.663,100.0,24,0,0,0,0.0,0,0,False,False,2025,3,March
2025-03-31,GAS-01,Riverbend Combined Cycle,Natural Gas,River Valley,540,8546.3,8726.2,-179.9,-2.1,0.6594,100.0,24,0,0,0,0.0,0,0,False,False,2025,3,March
2025-04-01,GAS-01,Riverbend Combined Cycle,Natural Gas,River Valley,540,8244.8,8277.2,-32.4,-0.4,0.6362,100.0,24,0,0,0,0.0,0,0,False,False,2025,4,April
2025-04-02,GAS-01,Riverbend Combined Cycle,Natural Gas,River Valley,540,8560.8,8807.9,-247.1,-2.8,0.6606,100.0,24,0,0,0,0.0,0,0,False,False,2025,4,April
2025-04-03,GAS-01,Riverbend Combined Cycle,Natural Gas,River Valley,540,9467.7,9268.1,199.6,2.2,0.7305,100.0,24,0,0,0,0.0,0,0,False,False,2025,4,April
2025-04-04,GAS-01,Riverbend Combined Cycle,Natural Gas,River Valley,540,8885.1,8821.9,63.2,0.7,0.6856,100.0,24,0,0,0,0.0,0,0,False,False,2025,4,April
2025-04-05,GAS-01,Riverbend Combined Cycle,Natural Gas,River Valley,540,8371.9,8436.2,-64.3,-0.8,0.646,100.0,24,0,0,0,0.0,0,0,False,False,2025,4,April
2025-04-06,GAS-01,Riverbend Combined Cycle,Natural Gas,River Valley,540,8137.1,8246.9,-109.8,-1.3,0.6279,100.0,24,0,0,0,0.0,0,0,False,False,2025,4,April
2025-04-07,GAS-01,Riverbend Combined Cycle,Natural Gas,River Valley,540,0.0,0.0,0.0,0.0,0.0,0.0,0,24,0,24,78226.37,4,0,False,False,2025,4,April
2025-04-08,GAS-01,Riverbend Combined Cycle,Natural Gas,River Valley,540,0.0,0.0,0.0,0.0,0.0,0.0,0,24,0,24,81585.5,3,0,False,False,2025,4,April
2025-04-09,GAS-01,Riverbend Combined Cycle,Natural Gas,River Valley,540,0.0,0.0,0.0,0.0,0.0,0.0,0,24,0,24,81050.81,2,0,False,False,2025,4,April
2025-04-10,GAS-01,Riverbend Combined Cycle,Natural Gas,River Valley,540,0.0,0.0,0.0,0.0,0.0,0.0,0,24,0,24,86783.29,4,0,False,True,2025,4,April
2025-04-11,GAS-01,Riverbend Combined Cycle,Natural Gas,River Valley,540,0.0,0.0,0.0,0.0,0.0,0.0,0,24,0,24,98057.51,2,0,False,False,2025,4,April
2025-04-12,GAS-01,Riverbend Combined Cycle,Natural Gas,River Valley,540,0.0,0.0,0.0,0.0,0.0,0.0,0,24,0,24,75040.23,4,0,False,False,2025,4,April
2025-04-13,GAS-01,Riverbend Combined Cycle,Natural Gas,River Valley,540,0.0,0.0,0.0,0.0,0.0,0.0,0,24,0,24,81239.56,2,0,False,False,2025,4,April
2025-04-14,GAS-01,Riverbend Combined Cycle,Natural Gas,River Valley,540,0.0,0.0,0.0,0.0,0.0,0.0,0,24,0,24,92621.73,2,0,False,False,2025,4,April
2025-04-15,GAS-01,Riverbend Combined Cycle,Natural Gas,River Valley,540,0.0,0.0,0.0,0.0,0.0,0.0,0,24,0,24,71633.1,3,0,False,False,2025,4,April
2025-04-16,GAS-01,Riverbend Combined Cycle,Natural Gas,River Valley,540,0.0,0.0,0.0,0.0,0.0,0.0,0,24,0,24,97091.31,2,0,False,False,2025,4,April
2025-04-17,GAS-01,Riverbend Combined Cycle,Natural Gas,River Valley,540,0.0,0.0,0.0,0.0,0.0,0.0,0,24,0,24,101363.13,2,0,False,False,2025,4,April
2025-04-18,GAS-01,Riverbend Combined Cycle,Natural Gas,River Valley,540,0.0,0.0,0.0,0.0,0.0,0.0,0,24,0,24,89887.45,2,0,False,False,2025,4,April
2025-04-19,GAS-01,Riverbend Combined Cycle,Natural Gas,River Valley,540,9078.8,9152.6,-73.8,-0.8,0.7005,100.0,24,0,0,0,0.0,0,0,False,False,2025,4,April
2025-04-20,GAS-01,Riverbend Combined Cycle,Natural Gas,River Valley,540,8788.7,8874.6,-85.9,-1.0,0.6781,100.0,24,0,0,0,0.0,0,0,False,False,2025,4,April
2025-04-21,GAS-01,Riverbend Combined Cycle,Natural Gas,River Valley,540,8907.5,8975.6,-68.1,-0.8,0.6873,100.0,24,0,0,0,0.0,0,0,False,False,2025,4,April
2025-04-22,GAS-01,Riverbend Combined Cycle,Natural Gas,River Valley,540,7926.2,8018.5,-92.3,-1.2,0.6116,100.0,24,0,0,0,0.0,0,0,False,False,2025,4,April
2025-04-23,GAS-01,Riverbend Combined Cycle,Natural Gas,River Valley,540,8257.8,8303.7,-45.9,-0.6,0.6372,100.0,24,0,0,0,0.0,0,0,False,False,2025,4,April
2025-04-24,GAS-01,Riverbend Combined Cycle,Natural Gas,River Valley,540,7730.9,7673.8,57.1,0.7,0.5965,100.0,24,0,0,0,0.0,0,0,False,False,2025,4,April
2025-04-25,GAS-01,Riverbend Combined Cycle,Natural Gas,River Valley,540,9795.0,9597.5,197.5,2.1,0.7558,100.0,24,0,0,0,0.0,0,0,False,False,2025,4,April
2025-04-26,GAS-01,Riverbend Combined Cycle,Natural Gas,River Valley,540,9308.8,9505.6,-196.8,-2.1,0.7183,100.0,24,0,0,0,0.0,0,0,False,False,2025,4,April
2025-04-27,GAS-01,Riverbend Combined Cycle,Natural Gas,River Valley,540,8852.0,8991.0,-139.0,-1.5,0.683,100.0,24,0,0,0,0.0,0,0,False,False,2025,4,April
2025-04-28,GAS-01,Riverbend Combined Cycle,Natural Gas,River Valley,540,8789.8,8874.1,-84.3,-0.9,0.6782,100.0,24,0,0,0,0.0,0,0,False,False,2025,4,April
2025-04-29,GAS-01,Riverbend Combined Cycle,Natural Gas,River Valley,540,8183.5,8109.0,74.5,0.9,0.6314,100.0,24,0,0,0,0.0,0,0,False,False,2025,4,April
2025-04-30,GAS-01,Riverbend Combined Cycle,Natural Gas,River Valley,540,8691.9,8713.3,-21.4,-0.2,0.6707,100.0,24,0,0,0,0.0,0,0,False,False,2025,4,April
2025-05-01,GAS-01,Riverbend Combined Cycle,Natural Gas,River Valley,540,9542.2,9625.8,-83.6,-0.9,0.7363,100.0,24,0,0,0,0.0,0,0,False,False,2025,5,May
2025-05-02,GAS-01,Riverbend Combined Cycle,Natural Gas,River Valley,540,8948.7,8872.4,76.3,0.9,0.6905,100.0,24,0,0,0,0.0,0,0,False,False,2025,5,May
2025-05-03,GAS-01,Riverbend Combined Cycle,Natural Gas,River Valley,540,8654.9,8556.7,98.2,1.1,0.6678,100.0,24,0,0,0,0.0,0,0,False,False,2025,5,May
2025-05-04,GAS-01,Riverbend Combined Cycle,Natural Gas,River Valley,540,8013.5,8015.3,-1.8,-0.0,0.6183,100.0,24,0,0,0,0.0,0,0,False,False,2025,5,May
2025-05-05,GAS-01,Riverbend Combined Cycle,Natural Gas,River Valley,540,9346.5,9438.9,-92.4,-1.0,0.7212,100.0,24,0,0,0,0.0,0,0,False,False,2025,5,May
2025-05-06,GAS-01,Riverbend Combined Cycle,Natural Gas,River Valley,540,8809.5,8781.0,28.5,0.3,0.6797,100.0,24,0,0,0,0.0,0,0,False,False,2025,5,May
2025-05-07,GAS-01,Riverbend Combined Cycle,Natural Gas,River Valley,540,7993.5,8015.9,-22.4,-0.3,0.6168,100.0,24,0,0,0,0.0,0,0,False,False,2025,5,May
2025-05-08,GAS-01,Riverbend Combined Cycle,Natural Gas,River Valley,540,8369.3,8393.6,-24.3,-0.3,0.6458,100.0,24,0,0,0,0.0,0,0,False,False,2025,5,May
2025-05-09,GAS-01,Riverbend Combined Cycle,Natural Gas,River Valley,540,8182.7,8233.3,-50.6,-0.6,0.6314,100.0,24,0,0,0,0.0,0,0,False,False,2025,5,May
2025-05-10,GAS-01,Riverbend Combined Cycle,Natural Gas,River Valley,540,8850.2,8753.0,97.2,1.1,0.6829,100.0,24,0,0,0,0.0,0,0,False,False,2025,5,May
2025-05-11,GAS-01,Riverbend Combined Cycle,Natural Gas,River Valley,540,8933.6,8906.8,26.8,0.3,0.6893,100.0,24,0,0,0,0.0,0,0,False,False,2025,5,May
2025-05-12,GAS-01,Riverbend Combined Cycle,Natural Gas,River Valley,540,8691.2,8584.5,106.7,1.2,0.6706,100.0,24,0,0,0,0.0,0,0,False,False,2025,5,May
2025-05-13,GAS-01,Riverbend Combined Cycle,Natural Gas,River Valley,540,9312.2,9165.3,146.9,1.6,0.7185,100.0,24,0,0,0,0.0,0,0,False,False,2025,5,May
2025-05-14,GAS-01,Riverbend Combined Cycle,Natural Gas,River Valley,540,8897.3,8848.5,48.8,0.6,0.6865,100.0,24,0,0,0,0.0,0,0,False,False,2025,5,May
2025-05-15,GAS-01,Riverbend Combined Cycle,Natural Gas,River Valley,540,9238.2,9294.7,-56.5,-0.6,0.7128,100.0,24,0,0,0,0.0,0,0,False,False,2025,5,May
2025-05-16,GAS-01,Riverbend Combined Cycle,Natural Gas,River Valley,540,8758.8,8650.8,108.0,1.2,0.6758,100.0,24,0,0,0,0.0,0,0,False,False,2025,5,May
2025-05-17,GAS-01,Riverbend Combined Cycle,Natural Gas,River Valley,540,10251.1,10194.2,56.9,0.6,0.791,100.0,24,0,0,0,0.0,0,0,False,False,2025,5,May
2025-05-18,GAS-01,Riverbend Combined Cycle,Natural Gas,River Valley,540,8824.1,8556.7,267.4,3.1,0.6809,100.0,24,0,0,0,0.0,0,0,False,False,2025,5,May
2025-05-19,GAS-01,Riverbend Combined Cycle,Natural Gas,River Valley,540,8434.3,8403.0,31.3,0.4,0.6508,100.0,24,0,0,0,0.0,0,0,False,False,2025,5,May
2025-05-20,GAS-01,Riverbend Combined Cycle,Natural Gas,River Valley,540,8417.2,8347.3,69.9,0.8,0.6495,100.0,24,0,0,0,0.0,0,0,False,False,2025,5,May
2025-05-21,GAS-01,Riverbend Combined Cycle,Natural Gas,River Valley,540,8747.5,8717.1,30.4,0.3,0.675,100.0,24,0,0,0,0.0,0,0,False,False,2025,5,May
2025-05-22,GAS-01,Riverbend Combined Cycle,Natural Gas,River Valley,540,8023.3,8032.8,-9.5,-0.1,0.6191,100.0,24,0,0,0,0.0,0,0,False,False,2025,5,May
2025-05-23,GAS-01,Riverbend Combined Cycle,Natural Gas,River Valley,540,8918.6,8946.4,-27.8,-0.3,0.6882,100.0,24,0,0,0,0.0,0,0,False,False,2025,5,May
2025-05-24,GAS-01,Riverbend Combined Cycle,Natural Gas,River Valley,540,7976.6,7948.6,28.0,0.4,0.6155,100.0,24,0,0,0,0.0,0,0,False,False,2025,5,May
2025-05-25,GAS-01,Riverbend Combined Cycle,Natural Gas,River Valley,540,8941.7,8886.1,55.6,0.6,0.6899,100.0,24,0,0,0,0.0,0,0,False,False,2025,5,May
2025-05-26,GAS-01,Riverbend Combined Cycle,Natural Gas,River Valley,540,8313.5,8199.9,113.6,1.4,0.6415,100.0,24,0,0,0,0.0,0,0,False,False,2025,5,May
2025-05-27,GAS-01,Riverbend Combined Cycle,Natural Gas,River Valley,540,8671.9,8639.8,32.1,0.4,0.6691,100.0,24,0,0,0,0.0,0,0,False,False,2025,5,May
2025-05-28,GAS-01,Riverbend Combined Cycle,Natural Gas,River Valley,540,9036.5,9087.0,-50.5,-0.6,0.6973,100.0,24,0,0,0,0.0,0,0,False,False,2025,5,May
2025-05-29,GAS-01,Riverbend Combined Cycle,Natural Gas,River Valley,540,9819.2,9857.9,-38.7,-0.4,0.7577,100.0,24,0,0,0,0.0,0,0,False,False,2025,5,May
2025-05-30,GAS-01,Riverbend Combined Cycle,Natural Gas,River Valley,540,8191.7,8323.8,-132.1,-1.6,0.6321,100.0,24,0,0,0,0.0,0,0,False,False,2025,5,May
2025-05-31,GAS-01,Riverbend Combined Cycle,Natural Gas,River Valley,540,8918.9,8744.6,174.3,2.0,0.6882,100.0,24,0,0,0,0.0,0,0,False,False,2025,5,May
2025-06-01,GAS-01,Riverbend Combined Cycle,Natural Gas,River Valley,540,8429.4,8484.5,-55.1,-0.6,0.6504,100.0,24,0,0,0,0.0,0,0,False,False,2025,6,June
2025-06-02,GAS-01,Riverbend Combined Cycle,Natural Gas,River Valley,540,8516.0,8418.2,97.8,1.2,0.6571,100.0,24,0,0,0,0.0,0,0,False,False,2025,6,June
2025-06-03,GAS-01,Riverbend Combined Cycle,Natural Gas,River Valley,540,8516.7,8488.5,28.2,0.3,0.6572,100.0,24,0,0,0,0.0,0,0,False,False,2025,6,June
2025-06-04,GAS-01,Riverbend Combined Cycle,Natural Gas,River Valley,540,9220.1,9186.6,33.5,0.4,0.7114,100.0,24,0,0,0,0.0,0,0,False,False,2025,6,June
2025-06-05,GAS-01,Riverbend Combined Cycle,Natural Gas,River Valley,540,8579.3,8591.4,-12.1,-0.1,0.662,100.0,24,0,0,0,0.0,0,0,False,False,2025,6,June
2025-06-06,GAS-01,Riverbend Combined Cycle,Natural Gas,River Valley,540,9740.1,9833.1,-93.0,-0.9,0.7516,100.0,24,0,0,0,0.0,0,0,False,False,2025,6,June
2025-06-07,GAS-01,Riverbend Combined Cycle,Natural Gas,River Valley,540,8896.9,9001.5,-104.6,-1.2,0.6865,100.0,24,0,0,0,0.0,0,0,False,False,2025,6,June
2025-06-08,GAS-01,Riverbend Combined Cycle,Natural Gas,River Valley,540,8527.9,8354.7,173.2,2.1,0.658,100.0,24,0,0,0,0.0,0,0,False,False,2025,6,June
2025-06-09,GAS-01,Riverbend Combined Cycle,Natural Gas,River Valley,540,8658.3,8646.5,11.8,0.1,0.6681,100.0,24,0,0,0,0.0,0,0,False,False,2025,6,June
2025-06-10,GAS-01,Riverbend Combined Cycle,Natural Gas,River Valley,540,8563.2,8449.1,114.1,1.4,0.6607,100.0,24,0,0,0,0.0,0,0,False,False,2025,6,June
2025-06-11,GAS-01,Riverbend Combined Cycle,Natural Gas,River Valley,540,9328.2,9175.7,152.5,1.7,0.7198,100.0,24,0,0,0,0.0,0,0,False,False,2025,6,June
2025-06-12,GAS-01,Riverbend Combined Cycle,Natural Gas,River Valley,540,8029.7,8069.4,-39.7,-0.5,0.6196,100.0,24,0,0,0,0.0,0,0,False,False,2025,6,June
2025-06-13,GAS-01,Riverbend Combined Cycle,Natural Gas,River Valley,540,8246.2,8204.5,41.7,0.5,0.6363,100.0,24,0,0,0,0.0,0,0,False,False,2025,6,June
2025-06-14,GAS-01,Riverbend Combined Cycle,Natural Gas,River Valley,540,8549.1,8544.5,4.6,0.1,0.6597,100.0,24,0,0,0,0.0,0,0,False,False,2025,6,June
2025-06-15,GAS-01,Riverbend Combined Cycle,Natural Gas,River Valley,540,8995.9,9122.6,-126.7,-1.4,0.6941,100.0,24,0,0,0,0.0,0,0,False,False,2025,6,June
2025-06-16,GAS-01,Riverbend Combined Cycle,Natural Gas,River Valley,540,9351.3,9372.1,-20.8,-0.2,0.7216,100.0,24,0,0,0,0.0,0,0,False,False,2025,6,June
2025-06-17,GAS-01,Riverbend Combined Cycle,Natural Gas,River Valley,540,9505.6,9439.0,66.6,0.7,0.7335,100.0,24,0,0,0,0.0,0,0,False,False,2025,6,June
2025-06-18,GAS-01,Riverbend Combined Cycle,Natural Gas,River Valley,540,8998.9,9053.1,-54.2,-0.6,0.6944,100.0,24,0,0,0,0.0,0,0,False,False,2025,6,June
2025-06-19,GAS-01,Riverbend Combined Cycle,Natural Gas,River Valley,540,2185.2,8775.2,-6590.0,-75.1,0.1686,25.0,6,0,18,18,144698.4,2,0,False,False,2025,6,June
2025-06-20,GAS-01,Riverbend Combined Cycle,Natural Gas,River Valley,540,9154.2,9173.2,-19.0,-0.2,0.7063,100.0,24,0,0,0,0.0,0,0,False,False,2025,6,June
2025-06-21,GAS-01,Riverbend Combined Cycle,Natural Gas,River Valley,540,8503.8,8293.7,210.1,2.5,0.6562,100.0,24,0,0,0,0.0,0,0,False,False,2025,6,June
2025-06-22,GAS-01,Riverbend Combined Cycle,Natural Gas,River Valley,540,7800.5,7976.1,-175.6,-2.2,0.6019,100.0,24,0,0,0,0.0,0,0,False,False,2025,6,June
2025-06-23,GAS-01,Riverbend Combined Cycle,Natural Gas,River Valley,540,9065.1,9010.9,54.2,0.6,0.6995,100.0,24,0,0,0,0.0,0,0,False,False,2025,6,June
2025-06-24,GAS-01,Riverbend Combined Cycle,Natural Gas,River Valley,540,8331.2,8356.6,-25.4,-0.3,0.6428,100.0,24,0,0,0,0.0,0,0,False,False,2025,6,June
2025-06-25,GAS-01,Riverbend Combined Cycle,Natural Gas,River Valley,540,8715.7,8783.2,-67.5,-0.8,0.6725,100.0,24,0,0,0,0.0,0,0,False,False,2025,6,June
2025-06-26,GAS-01,Riverbend Combined Cycle,Natural Gas,River Valley,540,8837.5,8867.1,-29.6,-0.3,0.6819,100.0,24,0,0,0,0.0,0,0,False,False,2025,6,June
2025-06-27,GAS-01,Riverbend Combined Cycle,Natural Gas,River Valley,540,8996.8,8925.3,71.5,0.8,0.6942,100.0,24,0,0,0,0.0,0,0,False,False,2025,6,June
2025-06-28,GAS-01,Riverbend Combined Cycle,Natural Gas,River Valley,540,9318.5,9238.2,80.3,0.9,0.719,100.0,24,0,0,0,0.0,0,0,False,False,2025,6,June
2025-06-29,GAS-01,Riverbend Combined Cycle,Natural Gas,River Valley,540,9210.7,9190.2,20.5,0.2,0.7107,100.0,24,0,0,0,0.0,0,0,False,False,2025,6,June
2025-06-30,GAS-01,Riverbend Combined Cycle,Natural Gas,River Valley,540,9018.0,8901.3,116.7,1.3,0.6958,100.0,24,0,0,0,0.0,0,0,False,False,2025,6,June
2025-07-01,GAS-01,Riverbend Combined Cycle,Natural Gas,River Valley,540,8743.4,8612.3,131.1,1.5,0.6746,100.0,24,0,0,0,0.0,0,0,False,False,2025,7,July
2025-07-02,GAS-01,Riverbend Combined Cycle,Natural Gas,River Valley,540,8948.5,8861.7,86.8,1.0,0.6905,100.0,24,0,0,0,0.0,0,0,False,False,2025,7,July
2025-07-03,GAS-01,Riverbend Combined Cycle,Natural Gas,River Valley,540,8486.4,8542.4,-56.0,-0.7,0.6548,100.0,24,0,0,0,0.0,0,0,False,False,2025,7,July
2025-07-04,GAS-01,Riverbend Combined Cycle,Natural Gas,River Valley,540,8775.5,8723.7,51.8,0.6,0.6771,100.0,24,0,0,0,0.0,0,0,False,False,2025,7,July
2025-07-05,GAS-01,Riverbend Combined Cycle,Natural Gas,River Valley,540,10060.3,10000.4,59.9,0.6,0.7763,100.0,24,0,0,0,0.0,0,0,False,False,2025,7,July
2025-07-06,GAS-01,Riverbend Combined Cycle,Natural Gas,River Valley,540,8808.4,8895.4,-87.0,-1.0,0.6797,100.0,24,0,0,0,0.0,0,0,False,False,2025,7,July
2025-07-07,GAS-01,Riverbend Combined Cycle,Natural Gas,River Valley,540,5160.9,9017.0,-3856.1,-42.8,0.3982,58.3,14,0,10,10,80388.0,1,0,False,False,2025,7,July
2025-07-08,GAS-01,Riverbend Combined Cycle,Natural Gas,River Valley,540,8286.6,8492.8,-206.2,-2.4,0.6394,100.0,24,0,0,0,0.0,0,0,False,False,2025,7,July
2025-07-09,GAS-01,Riverbend Combined Cycle,Natural Gas,River Valley,540,9283.3,9275.5,7.8,0.1,0.7163,100.0,24,0,0,0,0.0,0,0,False,False,2025,7,July
2025-07-10,GAS-01,Riverbend Combined Cycle,Natural Gas,River Valley,540,9190.4,9157.7,32.7,0.4,0.7091,100.0,24,0,0,0,0.0,0,0,False,False,2025,7,July
2025-07-11,GAS-01,Riverbend Combined Cycle,Natural Gas,River Valley,540,9031.0,9160.9,-129.9,-1.4,0.6968,100.0,24,0,0,0,0.0,0,0,False,False,2025,7,July
2025-07-12,GAS-01,Riverbend Combined Cycle,Natural Gas,River Valley,540,9022.1,8910.3,111.8,1.3,0.6961,100.0,24,0,0,0,0.0,0,0,False,False,2025,7,July
2025-07-13,GAS-01,Riverbend Combined Cycle,Natural Gas,River Valley,540,9298.9,9281.9,17.0,0.2,0.7175,100.0,24,0,0,0,0.0,0,0,False,False,2025,7,July
2025-07-14,GAS-01,Riverbend Combined Cycle,Natural Gas,River Valley,540,9541.7,9389.6,152.1,1.6,0.7362,100.0,24,0,0,0,0.0,0,0,False,False,2025,7,July
2025-07-15,GAS-01,Riverbend Combined Cycle,Natural Gas,River Valley,540,8981.0,8941.2,39.8,0.4,0.693,100.0,24,0,0,0,0.0,0,0,False,False,2025,7,July
2025-07-16,GAS-01,Riverbend Combined Cycle,Natural Gas,River Valley,540,8648.7,8760.8,-112.1,-1.3,0.6673,100.0,24,0,0,0,0.0,0,0,False,False,2025,7,July
2025-07-17,GAS-01,Riverbend Combined Cycle,Natural Gas,River Valley,540,9269.3,9218.6,50.7,0.5,0.7152,100.0,24,0,0,0,0.0,0,0,False,False,2025,7,July
2025-07-18,GAS-01,Riverbend Combined Cycle,Natural Gas,River Valley,540,8470.3,8402.7,67.6,0.8,0.6536,100.0,24,0,0,0,0.0,0,0,False,False,2025,7,July
2025-07-19,GAS-01,Riverbend Combined Cycle,Natural Gas,River Valley,540,8431.4,8487.1,-55.7,-0.7,0.6506,100.0,24,0,0,0,0.0,0,0,False,False,2025,7,July
2025-07-20,GAS-01,Riverbend Combined Cycle,Natural Gas,River Valley,540,8636.5,8788.6,-152.1,-1.7,0.6664,100.0,24,0,0,0,0.0,0,0,False,False,2025,7,July
2025-07-21,GAS-01,Riverbend Combined Cycle,Natural Gas,River Valley,540,8032.6,8022.9,9.7,0.1,0.6198,100.0,24,0,0,0,0.0,0,0,False,False,2025,7,July
2025-07-22,GAS-01,Riverbend Combined Cycle,Natural Gas,River Valley,540,9077.8,9188.2,-110.4,-1.2,0.7004,100.0,24,0,0,0,0.0,0,0,False,False,2025,7,July
2025-07-23,GAS-01,Riverbend Combined Cycle,Natural Gas,River Valley,540,8488.7,8376.0,112.7,1.3,0.655,100.0,24,0,0,0,0.0,0,0,False,False,2025,7,July
2025-07-24,GAS-01,Riverbend Combined Cycle,Natural Gas,River Valley,540,8556.9,8598.9,-42.0,-0.5,0.6603,100.0,24,0,0,0,0.0,0,0,False,False,2025,7,July
2025-07-25,GAS-01,Riverbend Combined Cycle,Natural Gas,River Valley,540,8896.4,8716.1,180.3,2.1,0.6865,100.0,24,0,0,0,0.0,0,0,False,False,2025,7,July
2025-07-26,GAS-01,Riverbend Combined Cycle,Natural Gas,River Valley,540,8605.5,8830.6,-225.1,-2.5,0.664,100.0,24,0,0,0,0.0,0,0,False,False,2025,7,July
2025-07-27,GAS-01,Riverbend Combined Cycle,Natural Gas,River Valley,540,8670.9,8656.9,14.0,0.2,0.6691,100.0,24,0,0,0,0.0,0,0,False,False,2025,7,July
2025-07-28,GAS-01,Riverbend Combined Cycle,Natural Gas,River Valley,540,8932.9,8782.2,150.7,1.7,0.6893,100.0,24,0,0,0,0.0,0,0,False,False,2025,7,July
2025-07-29,GAS-01,Riverbend Combined Cycle,Natural Gas,River Valley,540,8691.9,8785.8,-93.9,-1.1,0.6707,100.0,24,0,0,0,0.0,0,0,False,False,2025,7,July
2025-07-30,GAS-01,Riverbend Combined Cycle,Natural Gas,River Valley,540,8593.6,8610.0,-16.4,-0.2,0.6631,100.0,24,0,0,0,0.0,0,0,False,False,2025,7,July
2025-07-31,GAS-01,Riverbend Combined Cycle,Natural Gas,River Valley,540,8421.2,8462.1,-40.9,-0.5,0.6498,100.0,24,0,0,0,0.0,0,0,False,False,2025,7,July
2025-08-01,GAS-01,Riverbend Combined Cycle,Natural Gas,River Valley,540,9227.0,9303.4,-76.4,-0.8,0.712,100.0,24,0,0,0,0.0,0,0,False,False,2025,8,August
2025-08-02,GAS-01,Riverbend Combined Cycle,Natural Gas,River Valley,540,7881.3,7858.2,23.1,0.3,0.6081,100.0,24,0,0,0,0.0,0,0,False,False,2025,8,August
2025-08-03,GAS-01,Riverbend Combined Cycle,Natural Gas,River Valley,540,8583.9,8719.5,-135.6,-1.6,0.6623,100.0,24,0,0,0,0.0,0,0,False,False,2025,8,August
2025-08-04,GAS-01,Riverbend Combined Cycle,Natural Gas,River Valley,540,8588.7,8600.1,-11.4,-0.1,0.6627,100.0,24,0,0,0,0.0,0,0,False,False,2025,8,August
2025-08-05,GAS-01,Riverbend Combined Cycle,Natural Gas,River Valley,540,9058.5,9002.8,55.7,0.6,0.699,100.0,24,0,0,0,0.0,0,0,False,False,2025,8,August
2025-08-06,GAS-01,Riverbend Combined Cycle,Natural Gas,River Valley,540,8132.1,8153.1,-21.0,-0.3,0.6275,100.0,24,0,0,0,0.0,0,0,False,False,2025,8,August
2025-08-07,GAS-01,Riverbend Combined Cycle,Natural Gas,River Valley,540,4948.4,8586.1,-3637.7,-42.4,0.3818,58.3,14,0,10,10,80388.0,1,0,False,False,2025,8,August
2025-08-08,GAS-01,Riverbend Combined Cycle,Natural Gas,River Valley,540,8874.7,8766.4,108.3,1.2,0.6848,100.0,24,0,0,0,0.0,0,0,False,False,2025,8,August
2025-08-09,GAS-01,Riverbend Combined Cycle,Natural Gas,River Valley,540,9379.7,9298.2,81.5,0.9,0.7237,100.0,24,0,0,0,0.0,0,0,False,False,2025,8,August
2025-08-10,GAS-01,Riverbend Combined Cycle,Natural Gas,River Valley,540,8851.5,8963.5,-112.0,-1.2,0.683,100.0,24,0,0,0,0.0,0,0,False,False,2025,8,August
2025-08-11,GAS-01,Riverbend Combined Cycle,Natural Gas,River Valley,540,8147.4,8276.0,-128.6,-1.6,0.6287,100.0,24,0,0,0,0.0,0,0,False,False,2025,8,August
2025-08-12,GAS-01,Riverbend Combined Cycle,Natural Gas,River Valley,540,8493.5,8591.7,-98.2,-1.1,0.6554,100.0,24,0,0,0,0.0,0,0,False,False,2025,8,August
2025-08-13,GAS-01,Riverbend Combined Cycle,Natural Gas,River Valley,540,9275.0,9214.7,60.3,0.7,0.7157,100.0,24,0,0,0,0.0,0,0,False,False,2025,8,August
2025-08-14,GAS-01,Riverbend Combined Cycle,Natural Gas,River Valley,540,8295.5,8268.1,27.4,0.3,0.6401,100.0,24,0,0,0,0.0,0,0,False,False,2025,8,August
2025-08-15,GAS-01,Riverbend Combined Cycle,Natural Gas,River Valley,540,8860.3,8777.1,83.2,0.9,0.6837,100.0,24,0,0,0,0.0,0,0,False,False,2025,8,August
2025-08-16,GAS-01,Riverbend Combined Cycle,Natural Gas,River Valley,540,8774.2,8808.7,-34.5,-0.4,0.677,100.0,24,0,0,0,0.0,0,0,False,False,2025,8,August
2025-08-17,GAS-01,Riverbend Combined Cycle,Natural Gas,River Valley,540,8542.0,8637.8,-95.8,-1.1,0.6591,100.0,24,0,0,0,0.0,0,0,False,False,2025,8,August
2025-08-18,GAS-01,Riverbend Combined Cycle,Natural Gas,River Valley,540,10146.2,10035.6,110.6,1.1,0.7829,100.0,24,0,0,0,0.0,0,0,False,False,2025,8,August
2025-08-19,GAS-01,Riverbend Combined Cycle,Natural Gas,River Valley,540,8568.3,8625.6,-57.3,-0.7,0.6611,100.0,24,0,0,0,0.0,0,0,False,False,2025,8,August
2025-08-20,GAS-01,Riverbend Combined Cycle,Natural Gas,River Valley,540,9037.0,9016.8,20.2,0.2,0.6973,100.0,24,0,0,0,0.0,0,0,False,False,2025,8,August
2025-08-21,GAS-01,Riverbend Combined Cycle,Natural Gas,River Valley,540,8307.8,8465.2,-157.4,-1.9,0.641,100.0,24,0,0,0,0.0,0,0,False,False,2025,8,August
2025-08-22,GAS-01,Riverbend Combined Cycle,Natural Gas,River Valley,540,8990.3,9052.2,-61.9,-0.7,0.6937,100.0,24,0,0,0,0.0,0,0,False,False,2025,8,August
2025-08-23,GAS-01,Riverbend Combined Cycle,Natural Gas,River Valley,540,9319.3,9207.8,111.5,1.2,0.7191,100.0,24,0,0,0,0.0,0,0,False,False,2025,8,August
2025-08-24,GAS-01,Riverbend Combined Cycle,Natural Gas,River Valley,540,8472.6,8546.1,-73.5,-0.9,0.6538,100.0,24,0,0,0,0.0,0,0,False,False,2025,8,August
2025-08-25,GAS-01,Riverbend Combined Cycle,Natural Gas,River Valley,540,8873.9,8788.0,85.9,1.0,0.6847,100.0,24,0,0,0,0.0,0,0,False,False,2025,8,August
2025-08-26,GAS-01,Riverbend Combined Cycle,Natural Gas,River Valley,540,8171.5,8406.7,-235.2,-2.8,0.6305,100.0,24,0,0,0,0.0,0,0,False,False,2025,8,August
2025-08-27,GAS-01,Riverbend Combined Cycle,Natural Gas,River Valley,540,8238.0,8293.7,-55.7,-0.7,0.6356,100.0,24,0,0,0,0.0,0,0,False,False,2025,8,August
2025-08-28,GAS-01,Riverbend Combined Cycle,Natural Gas,River Valley,540,9264.0,9283.1,-19.1,-0.2,0.7148,100.0,24,0,0,0,0.0,0,0,False,False,2025,8,August
2025-08-29,GAS-01,Riverbend Combined Cycle,Natural Gas,River Valley,540,8740.5,8561.5,179.0,2.1,0.6744,100.0,24,0,0,0,0.0,0,0,False,False,2025,8,August
2025-08-30,GAS-01,Riverbend Combined Cycle,Natural Gas,River Valley,540,7609.7,7718.0,-108.3,-1.4,0.5872,100.0,24,0,0,0,0.0,0,0,False,False,2025,8,August
2025-08-31,GAS-01,Riverbend Combined Cycle,Natural Gas,River Valley,540,9691.0,9613.6,77.4,0.8,0.7478,100.0,24,0,0,0,0.0,0,0,False,False,2025,8,August
2025-09-01,GAS-01,Riverbend Combined Cycle,Natural Gas,River Valley,540,8556.1,8449.0,107.1,1.3,0.6602,100.0,24,0,0,0,0.0,0,0,False,False,2025,9,September
2025-09-02,GAS-01,Riverbend Combined Cycle,Natural Gas,River Valley,540,8625.7,8701.0,-75.3,-0.9,0.6656,100.0,24,0,0,0,0.0,0,0,False,False,2025,9,September
2025-09-03,GAS-01,Riverbend Combined Cycle,Natural Gas,River Valley,540,9514.3,9557.1,-42.8,-0.4,0.7341,100.0,24,0,0,0,0.0,0,0,False,False,2025,9,September
2025-09-04,GAS-01,Riverbend Combined Cycle,Natural Gas,River Valley,540,8763.4,8748.5,14.9,0.2,0.6762,100.0,24,0,0,0,0.0,0,0,False,False,2025,9,September
2025-09-05,GAS-01,Riverbend Combined Cycle,Natural Gas,River Valley,540,8583.4,8738.7,-155.3,-1.8,0.6623,100.0,24,0,0,0,0.0,0,0,False,False,2025,9,September
2025-09-06,GAS-01,Riverbend Combined Cycle,Natural Gas,River Valley,540,8210.6,8255.7,-45.1,-0.5,0.6335,100.0,24,0,0,0,0.0,0,0,False,False,2025,9,September
2025-09-07,GAS-01,Riverbend Combined Cycle,Natural Gas,River Valley,540,8194.8,8071.2,123.6,1.5,0.6323,100.0,24,0,0,0,0.0,0,0,False,False,2025,9,September
2025-09-08,GAS-01,Riverbend Combined Cycle,Natural Gas,River Valley,540,8792.1,8737.3,54.8,0.6,0.6784,100.0,24,0,0,0,0.0,0,0,False,False,2025,9,September
2025-09-09,GAS-01,Riverbend Combined Cycle,Natural Gas,River Valley,540,8960.5,8977.4,-16.9,-0.2,0.6914,100.0,24,0,0,0,0.0,0,0,False,False,2025,9,September
2025-09-10,GAS-01,Riverbend Combined Cycle,Natural Gas,River Valley,540,8963.5,8951.4,12.1,0.1,0.6916,100.0,24,0,0,0,0.0,0,0,False,False,2025,9,September
2025-09-11,GAS-01,Riverbend Combined Cycle,Natural Gas,River Valley,540,8654.4,8594.5,59.9,0.7,0.6678,100.0,24,0,0,0,0.0,0,0,False,False,2025,9,September
2025-09-12,GAS-01,Riverbend Combined Cycle,Natural Gas,River Valley,540,8903.8,8822.0,81.8,0.9,0.687,100.0,24,0,0,0,0.0,0,0,False,False,2025,9,September
2025-09-13,GAS-01,Riverbend Combined Cycle,Natural Gas,River Valley,540,7926.2,7979.4,-53.2,-0.7,0.6116,100.0,24,0,0,0,0.0,0,0,False,False,2025,9,September
2025-09-14,GAS-01,Riverbend Combined Cycle,Natural Gas,River Valley,540,9187.7,9021.5,166.2,1.8,0.7089,100.0,24,0,0,0,0.0,0,0,False,False,2025,9,September
2025-09-15,GAS-01,Riverbend Combined Cycle,Natural Gas,River Valley,540,9026.4,8886.0,140.4,1.6,0.6965,100.0,24,0,0,0,0.0,0,0,False,False,2025,9,September
2025-09-16,GAS-01,Riverbend Combined Cycle,Natural Gas,River Valley,540,9787.0,9708.1,78.9,0.8,0.7552,100.0,24,0,0,0,0.0,0,0,False,False,2025,9,September
2025-09-17,GAS-01,Riverbend Combined Cycle,Natural Gas,River Valley,540,8727.0,8816.2,-89.2,-1.0,0.6734,100.0,24,0,0,0,0.0,0,0,False,False,2025,9,September
2025-09-18,GAS-01,Riverbend Combined Cycle,Natural Gas,River Valley,540,8282.5,8385.2,-102.7,-1.2,0.6391,100.0,24,0,0,0,0.0,0,0,False,False,2025,9,September
2025-09-19,GAS-01,Riverbend Combined Cycle,Natural Gas,River Valley,540,8755.3,8789.8,-34.5,-0.4,0.6756,100.0,24,0,0,0,0.0,0,0,False,False,2025,9,September
2025-09-20,GAS-01,Riverbend Combined Cycle,Natural Gas,River Valley,540,8670.4,8664.1,6.3,0.1,0.669,100.0,24,0,0,0,0.0,0,0,False,False,2025,9,September
2025-09-21,GAS-01,Riverbend Combined Cycle,Natural Gas,River Valley,540,8818.8,9010.0,-191.2,-2.1,0.6805,100.0,24,0,0,0,0.0,0,0,False,False,2025,9,September
2025-09-22,GAS-01,Riverbend Combined Cycle,Natural Gas,River Valley,540,8877.4,8825.0,52.4,0.6,0.685,100.0,24,0,0,0,0.0,0,0,False,False,2025,9,September
2025-09-23,GAS-01,Riverbend Combined Cycle,Natural Gas,River Valley,540,8368.6,8241.3,127.3,1.5,0.6457,100.0,24,0,0,0,0.0,0,0,False,False,2025,9,September
2025-09-24,GAS-01,Riverbend Combined Cycle,Natural Gas,River Valley,540,8126.7,8070.8,55.9,0.7,0.6271,100.0,24,0,0,0,0.0,0,0,False,False,2025,9,September
2025-09-25,GAS-01,Riverbend Combined Cycle,Natural Gas,River Valley,540,8859.6,8932.1,-72.5,-0.8,0.6836,100.0,24,0,0,0,0.0,0,0,False,False,2025,9,September
2025-09-26,GAS-01,Riverbend Combined Cycle,Natural Gas,River Valley,540,9350.2,9440.2,-90.0,-1.0,0.7215,100.0,24,0,0,0,0.0,0,0,False,False,2025,9,September
2025-09-27,GAS-01,Riverbend Combined Cycle,Natural Gas,River Valley,540,8880.6,8848.8,31.8,0.4,0.6852,100.0,24,0,0,0,0.0,0,0,False,False,2025,9,September
2025-09-28,GAS-01,Riverbend Combined Cycle,Natural Gas,River Valley,540,9164.8,9181.7,-16.9,-0.2,0.7072,100.0,24,0,0,0,0.0,0,0,False,False,2025,9,September
2025-09-29,GAS-01,Riverbend Combined Cycle,Natural Gas,River Valley,540,9321.5,9272.2,49.3,0.5,0.7193,100.0,24,0,0,0,0.0,0,0,False,False,2025,9,September
2025-09-30,GAS-01,Riverbend Combined Cycle,Natural Gas,River Valley,540,8998.3,8933.8,64.5,0.7,0.6943,100.0,24,0,0,0,0.0,0,0,False,False,2025,9,September
2025-10-01,GAS-01,Riverbend Combined Cycle,Natural Gas,River Valley,540,8554.0,8443.3,110.7,1.3,0.66,100.0,24,0,0,0,0.0,0,0,False,False,2025,10,October
2025-10-02,GAS-01,Riverbend Combined Cycle,Natural Gas,River Valley,540,8780.5,8901.4,-120.9,-1.4,0.6775,100.0,24,0,0,0,0.0,0,0,False,False,2025,10,October
2025-10-03,GAS-01,Riverbend Combined Cycle,Natural Gas,River Valley,540,9385.2,9360.3,24.9,0.3,0.7242,100.0,24,0,0,0,0.0,0,0,False,False,2025,10,October
2025-10-04,GAS-01,Riverbend Combined Cycle,Natural Gas,River Valley,540,9013.7,9053.2,-39.5,-0.4,0.6955,100.0,24,0,0,0,0.0,0,0,False,False,2025,10,October
2025-10-05,GAS-01,Riverbend Combined Cycle,Natural Gas,River Valley,540,9141.4,9152.2,-10.8,-0.1,0.7054,100.0,24,0,0,0,0.0,0,0,False,False,2025,10,October
2025-10-06,GAS-01,Riverbend Combined Cycle,Natural Gas,River Valley,540,8692.2,8603.0,89.2,1.0,0.6707,100.0,24,0,0,0,0.0,0,0,False,False,2025,10,October
2025-10-07,GAS-01,Riverbend Combined Cycle,Natural Gas,River Valley,540,8822.9,8721.0,101.9,1.2,0.6808,100.0,24,0,0,0,0.0,0,0,False,False,2025,10,October
2025-10-08,GAS-01,Riverbend Combined Cycle,Natural Gas,River Valley,540,8905.9,8758.9,147.0,1.7,0.6872,100.0,24,0,0,0,0.0,0,0,False,False,2025,10,October
2025-10-09,GAS-01,Riverbend Combined Cycle,Natural Gas,River Valley,540,8834.4,8789.5,44.9,0.5,0.6817,100.0,24,0,0,0,0.0,0,0,False,False,2025,10,October
2025-10-10,GAS-01,Riverbend Combined Cycle,Natural Gas,River Valley,540,6997.7,7006.9,-9.2,-0.1,0.5399,75.0,18,6,0,6,23273.04,1,0,False,False,2025,10,October
2025-10-11,GAS-01,Riverbend Combined Cycle,Natural Gas,River Valley,540,7724.6,7748.1,-23.5,-0.3,0.596,100.0,24,0,0,0,0.0,0,0,False,False,2025,10,October
2025-10-12,GAS-01,Riverbend Combined Cycle,Natural Gas,River Valley,540,8642.9,8826.7,-183.8,-2.1,0.6669,100.0,24,0,0,0,0.0,0,0,False,False,2025,10,October
2025-10-13,GAS-01,Riverbend Combined Cycle,Natural Gas,River Valley,540,8917.8,8776.7,141.1,1.6,0.6881,100.0,24,0,0,0,0.0,0,0,False,False,2025,10,October
2025-10-14,GAS-01,Riverbend Combined Cycle,Natural Gas,River Valley,540,8159.0,8190.7,-31.7,-0.4,0.6296,100.0,24,0,0,0,0.0,0,0,False,False,2025,10,October
2025-10-15,GAS-01,Riverbend Combined Cycle,Natural Gas,River Valley,540,9172.9,9117.5,55.4,0.6,0.7078,100.0,24,0,0,0,0.0,0,0,False,False,2025,10,October
2025-10-16,GAS-01,Riverbend Combined Cycle,Natural Gas,River Valley,540,8553.3,8484.2,69.1,0.8,0.66,100.0,24,0,0,0,0.0,0,0,False,False,2025,10,October
2025-10-17,GAS-01,Riverbend Combined Cycle,Natural Gas,River Valley,540,8521.6,8650.8,-129.2,-1.5,0.6575,100.0,24,0,0,0,0.0,0,0,False,False,2025,10,October
2025-10-18,GAS-01,Riverbend Combined Cycle,Natural Gas,River Valley,540,9544.5,9651.4,-106.9,-1.1,0.7365,100.0,24,0,0,0,0.0,0,0,False,False,2025,10,October
2025-10-19,GAS-01,Riverbend Combined Cycle,Natural Gas,River Valley,540,9443.0,9270.9,172.1,1.9,0.7286,100.0,24,0,0,0,0.0,0,0,False,False,2025,10,October
2025-10-20,GAS-01,Riverbend Combined Cycle,Natural Gas,River Valley,540,9105.0,9073.4,31.6,0.3,0.7025,100.0,24,0,0,0,0.0,0,0,False,False,2025,10,October
2025-10-21,GAS-01,Riverbend Combined Cycle,Natural Gas,River Valley,540,8922.9,8985.5,-62.6,-0.7,0.6885,100.0,24,0,0,0,0.0,0,0,False,False,2025,10,October
2025-10-22,GAS-01,Riverbend Combined Cycle,Natural Gas,River Valley,540,8724.9,8738.1,-13.2,-0.2,0.6732,100.0,24,0,0,0,0.0,0,0,False,False,2025,10,October
2025-10-23,GAS-01,Riverbend Combined Cycle,Natural Gas,River Valley,540,9846.4,9719.7,126.7,1.3,0.7598,100.0,24,0,0,0,0.0,0,0,False,False,2025,10,October
2025-10-24,GAS-01,Riverbend Combined Cycle,Natural Gas,River Valley,540,9279.5,9176.7,102.8,1.1,0.716,100.0,24,0,0,0,0.0,0,0,False,False,2025,10,October
2025-10-25,GAS-01,Riverbend Combined Cycle,Natural Gas,River Valley,540,8323.7,8472.8,-149.1,-1.8,0.6423,100.0,24,0,0,0,0.0,0,0,False,False,2025,10,October
2025-10-26,GAS-01,Riverbend Combined Cycle,Natural Gas,River Valley,540,8338.1,8177.7,160.4,2.0,0.6434,100.0,24,0,0,0,0.0,0,0,False,False,2025,10,October
2025-10-27,GAS-01,Riverbend Combined Cycle,Natural Gas,River Valley,540,9175.1,9069.9,105.2,1.2,0.708,100.0,24,0,0,0,0.0,0,0,False,False,2025,10,October
2025-10-28,GAS-01,Riverbend Combined Cycle,Natural Gas,River Valley,540,8771.4,8787.5,-16.1,-0.2,0.6768,100.0,24,0,0,0,0.0,0,0,False,False,2025,10,October
2025-10-29,GAS-01,Riverbend Combined Cycle,Natural Gas,River Valley,540,8047.9,8164.6,-116.7,-1.4,0.621,100.0,24,0,0,0,0.0,0,0,False,False,2025,10,October
2025-10-30,GAS-01,Riverbend Combined Cycle,Natural Gas,River Valley,540,6840.8,9007.2,-2166.4,-24.1,0.5278,75.0,18,0,6,6,48232.8,1,0,False,False,2025,10,October
2025-10-31,GAS-01,Riverbend Combined Cycle,Natural Gas,River Valley,540,8740.5,8690.8,49.7,0.6,0.6744,100.0,24,0,0,0,0.0,0,0,False,False,2025,10,October
2025-11-01,GAS-01,Riverbend Combined Cycle,Natural Gas,River Valley,540,8895.1,9053.5,-158.4,-1.7,0.6864,100.0,24,0,0,0,0.0,0,0,False,False,2025,11,November
2025-11-02,GAS-01,Riverbend Combined Cycle,Natural Gas,River Valley,540,8988.1,9013.2,-25.1,-0.3,0.6935,100.0,24,0,0,0,0.0,0,0,False,False,2025,11,November
2025-11-03,GAS-01,Riverbend Combined Cycle,Natural Gas,River Valley,540,8857.1,8536.9,320.2,3.8,0.6834,100.0,24,0,0,0,0.0,0,0,False,False,2025,11,November
2025-11-04,GAS-01,Riverbend Combined Cycle,Natural Gas,River Valley,540,9101.7,9099.9,1.8,0.0,0.7023,100.0,24,0,0,0,0.0,0,0,False,False,2025,11,November
2025-11-05,GAS-01,Riverbend Combined Cycle,Natural Gas,River Valley,540,8510.5,8587.0,-76.5,-0.9,0.6567,100.0,24,0,0,0,0.0,0,0,False,False,2025,11,November
2025-11-06,GAS-01,Riverbend Combined Cycle,Natural Gas,River Valley,540,8512.2,8616.4,-104.2,-1.2,0.6568,100.0,24,0,0,0,0.0,0,0,False,False,2025,11,November
2025-11-07,GAS-01,Riverbend Combined Cycle,Natural Gas,River Valley,540,8753.6,8571.4,182.2,2.1,0.6754,100.0,24,0,0,0,0.0,0,0,False,False,2025,11,November
2025-11-08,GAS-01,Riverbend Combined Cycle,Natural Gas,River Valley,540,9420.7,9325.8,94.9,1.0,0.7269,100.0,24,0,0,0,0.0,0,0,False,False,2025,11,November
2025-11-09,GAS-01,Riverbend Combined Cycle,Natural Gas,River Valley,540,8832.2,8685.5,146.7,1.7,0.6815,100.0,24,0,0,0,0.0,0,0,False,False,2025,11,November
2025-11-10,GAS-01,Riverbend Combined Cycle,Natural Gas,River Valley,540,9463.4,9435.3,28.1,0.3,0.7302,100.0,24,0,0,0,0.0,0,0,False,False,2025,11,November
2025-11-11,GAS-01,Riverbend Combined Cycle,Natural Gas,River Valley,540,9766.6,9621.8,144.8,1.5,0.7536,100.0,24,0,0,0,0.0,0,0,False,False,2025,11,November
2025-11-12,GAS-01,Riverbend Combined Cycle,Natural Gas,River Valley,540,4895.0,4945.3,-50.3,-1.0,0.3777,58.3,14,10,0,10,41804.08,1,0,False,False,2025,11,November
2025-11-13,GAS-01,Riverbend Combined Cycle,Natural Gas,River Valley,540,7502.4,7487.8,14.6,0.2,0.5789,100.0,24,0,0,0,0.0,0,0,False,False,2025,11,November
2025-11-14,GAS-01,Riverbend Combined Cycle,Natural Gas,River Valley,540,9318.6,9286.6,32.0,0.3,0.719,100.0,24,0,0,0,0.0,0,0,False,False,2025,11,November
2025-11-15,GAS-01,Riverbend Combined Cycle,Natural Gas,River Valley,540,8801.3,8657.7,143.6,1.7,0.6791,100.0,24,0,0,0,0.0,0,0,False,False,2025,11,November
2025-11-16,GAS-01,Riverbend Combined Cycle,Natural Gas,River Valley,540,8452.1,8419.9,32.2,0.4,0.6522,100.0,24,0,0,0,0.0,0,0,False,False,2025,11,November
2025-11-17,GAS-01,Riverbend Combined Cycle,Natural Gas,River Valley,540,8481.6,8545.8,-64.2,-0.8,0.6544,100.0,24,0,0,0,0.0,0,0,False,False,2025,11,November
2025-11-18,GAS-01,Riverbend Combined Cycle,Natural Gas,River Valley,540,8631.3,8624.6,6.7,0.1,0.666,100.0,24,0,0,0,0.0,0,0,False,False,2025,11,November
2025-11-19,GAS-01,Riverbend Combined Cycle,Natural Gas,River Valley,540,9212.1,9401.2,-189.1,-2.0,0.7108,100.0,24,0,0,0,0.0,0,0,False,False,2025,11,November
2025-11-20,GAS-01,Riverbend Combined Cycle,Natural Gas,River Valley,540,8637.9,8885.3,-247.4,-2.8,0.6665,100.0,24,0,0,0,0.0,0,0,False,False,2025,11,November
2025-11-21,GAS-01,Riverbend Combined Cycle,Natural Gas,River Valley,540,9488.8,9395.0,93.8,1.0,0.7322,100.0,24,0,0,0,0.0,0,0,False,False,2025,11,November
2025-11-22,GAS-01,Riverbend Combined Cycle,Natural Gas,River Valley,540,8996.3,9037.0,-40.7,-0.5,0.6942,100.0,24,0,0,0,0.0,0,0,False,False,2025,11,November
2025-11-23,GAS-01,Riverbend Combined Cycle,Natural Gas,River Valley,540,5403.3,5420.3,-17.0,-0.3,0.4169,62.5,15,9,0,9,34918.78,1,0,False,False,2025,11,November
2025-11-24,GAS-01,Riverbend Combined Cycle,Natural Gas,River Valley,540,8721.8,8635.7,86.1,1.0,0.673,100.0,24,0,0,0,0.0,0,0,False,False,2025,11,November
2025-11-25,GAS-01,Riverbend Combined Cycle,Natural Gas,River Valley,540,9219.6,9067.5,152.1,1.7,0.7114,100.0,24,0,0,0,0.0,0,0,False,False,2025,11,November
2025-11-26,GAS-01,Riverbend Combined Cycle,Natural Gas,River Valley,540,9243.9,9184.9,59.0,0.6,0.7133,100.0,24,0,0,0,0.0,0,0,False,False,2025,11,November
2025-11-27,GAS-01,Riverbend Combined Cycle,Natural Gas,River Valley,540,9479.3,9264.9,214.4,2.3,0.7314,100.0,24,0,0,0,0.0,0,0,False,False,2025,11,November
2025-11-28,GAS-01,Riverbend Combined Cycle,Natural Gas,River Valley,540,8746.6,8694.2,52.4,0.6,0.6749,100.0,24,0,0,0,0.0,0,0,False,False,2025,11,November
2025-11-29,GAS-01,Riverbend Combined Cycle,Natural Gas,River Valley,540,8924.5,8892.3,32.2,0.4,0.6886,100.0,24,0,0,0,0.0,0,0,False,False,2025,11,November
2025-11-30,GAS-01,Riverbend Combined Cycle,Natural Gas,River Valley,540,9103.9,9077.7,26.2,0.3,0.7025,100.0,24,0,0,0,0.0,0,0,False,False,2025,11,November
2025-12-01,GAS-01,Riverbend Combined Cycle,Natural Gas,River Valley,540,8505.4,8638.6,-133.2,-1.5,0.6563,100.0,24,0,0,0,0.0,0,0,False,False,2025,12,December
2025-12-02,GAS-01,Riverbend Combined Cycle,Natural Gas,River Valley,540,8393.2,8298.0,95.2,1.1,0.6476,100.0,24,0,0,0,0.0,0,0,False,False,2025,12,December
2025-12-03,GAS-01,Riverbend Combined Cycle,Natural Gas,River Valley,540,8199.2,8447.1,-247.9,-2.9,0.6327,100.0,24,0,0,0,0.0,0,0,False,False,2025,12,December
2025-12-04,GAS-01,Riverbend Combined Cycle,Natural Gas,River Valley,540,8642.2,8703.5,-61.3,-0.7,0.6668,100.0,24,0,0,0,0.0,0,0,False,False,2025,12,December
2025-12-05,GAS-01,Riverbend Combined Cycle,Natural Gas,River Valley,540,9115.7,9113.2,2.5,0.0,0.7034,100.0,24,0,0,0,0.0,0,0,False,False,2025,12,December
2025-12-06,GAS-01,Riverbend Combined Cycle,Natural Gas,River Valley,540,9294.9,9383.9,-89.0,-0.9,0.7172,100.0,24,0,0,0,0.0,0,0,False,False,2025,12,December
2025-12-07,GAS-01,Riverbend Combined Cycle,Natural Gas,River Valley,540,8153.3,8197.7,-44.4,-0.5,0.6291,100.0,24,0,0,0,0.0,0,0,False,False,2025,12,December
2025-12-08,GAS-01,Riverbend Combined Cycle,Natural Gas,River Valley,540,8730.4,8541.8,188.6,2.2,0.6736,100.0,24,0,0,0,0.0,0,0,False,False,2025,12,December
2025-12-09,GAS-01,Riverbend Combined Cycle,Natural Gas,River Valley,540,8765.1,8650.5,114.6,1.3,0.6763,100.0,24,0,0,0,0.0,0,0,False,False,2025,12,December
2025-12-10,GAS-01,Riverbend Combined Cycle,Natural Gas,River Valley,540,9097.8,9173.3,-75.5,-0.8,0.702,100.0,24,0,0,0,0.0,0,0,False,False,2025,12,December
2025-12-11,GAS-01,Riverbend Combined Cycle,Natural Gas,River Valley,540,8524.9,8573.2,-48.3,-0.6,0.6578,100.0,24,0,0,0,0.0,0,0,False,False,2025,12,December
2025-12-12,GAS-01,Riverbend Combined Cycle,Natural Gas,River Valley,540,8485.8,8617.9,-132.1,-1.5,0.6548,100.0,24,0,0,0,0.0,0,0,False,False,2025,12,December
2025-12-13,GAS-01,Riverbend Combined Cycle,Natural Gas,River Valley,540,8241.5,8172.3,69.2,0.8,0.6359,100.0,24,0,0,0,0.0,0,0,False,False,2025,12,December
2025-12-14,GAS-01,Riverbend Combined Cycle,Natural Gas,River Valley,540,9005.0,9032.1,-27.1,-0.3,0.6948,100.0,24,0,0,0,0.0,0,0,False,False,2025,12,December
2025-12-15,GAS-01,Riverbend Combined Cycle,Natural Gas,River Valley,540,8533.4,8739.6,-206.2,-2.4,0.6584,100.0,24,0,0,0,0.0,0,0,False,False,2025,12,December
2025-12-16,GAS-01,Riverbend Combined Cycle,Natural Gas,River Valley,540,8526.4,8516.1,10.3,0.1,0.6579,100.0,24,0,0,0,0.0,0,0,False,False,2025,12,December
2025-12-17,GAS-01,Riverbend Combined Cycle,Natural Gas,River Valley,540,8740.9,8695.1,45.8,0.5,0.6745,100.0,24,0,0,0,0.0,0,0,False,False,2025,12,December
2025-12-18,GAS-01,Riverbend Combined Cycle,Natural Gas,River Valley,540,9431.8,9324.0,107.8,1.2,0.7278,100.0,24,0,0,0,0.0,0,0,False,False,2025,12,December
2025-12-19,GAS-01,Riverbend Combined Cycle,Natural Gas,River Valley,540,8349.6,8357.0,-7.4,-0.1,0.6443,100.0,24,0,0,0,0.0,0,0,False,False,2025,12,December
2025-12-20,GAS-01,Riverbend Combined Cycle,Natural Gas,River Valley,540,8393.3,8431.0,-37.7,-0.4,0.6476,100.0,24,0,0,0,0.0,0,0,False,False,2025,12,December
2025-12-21,GAS-01,Riverbend Combined Cycle,Natural Gas,River Valley,540,9604.4,9380.8,223.6,2.4,0.7411,100.0,24,0,0,0,0.0,0,0,False,False,2025,12,December
2025-12-22,GAS-01,Riverbend Combined Cycle,Natural Gas,River Valley,540,8847.9,8847.2,0.7,0.0,0.6827,100.0,24,0,0,0,0.0,0,0,False,False,2025,12,December
2025-12-23,GAS-01,Riverbend Combined Cycle,Natural Gas,River Valley,540,9195.3,9116.6,78.7,0.9,0.7095,100.0,24,0,0,0,0.0,0,0,False,False,2025,12,December
2025-12-24,GAS-01,Riverbend Combined Cycle,Natural Gas,River Valley,540,8936.8,8995.0,-58.2,-0.6,0.6896,100.0,24,0,0,0,0.0,0,0,False,False,2025,12,December
2025-12-25,GAS-01,Riverbend Combined Cycle,Natural Gas,River Valley,540,8869.6,8796.8,72.8,0.8,0.6844,100.0,24,0,0,0,0.0,0,0,False,False,2025,12,December
2025-12-26,GAS-01,Riverbend Combined Cycle,Natural Gas,River Valley,540,8503.6,8654.8,-151.2,-1.7,0.6561,100.0,24,0,0,0,0.0,0,0,False,False,2025,12,December
2025-12-27,GAS-01,Riverbend Combined Cycle,Natural Gas,River Valley,540,9139.0,9190.0,-51.0,-0.6,0.7052,100.0,24,0,0,0,0.0,0,0,False,False,2025,12,December
2025-12-28,GAS-01,Riverbend Combined Cycle,Natural Gas,River Valley,540,9204.6,9340.0,-135.4,-1.4,0.7102,100.0,24,0,0,0,0.0,0,0,False,False,2025,12,December
2025-12-29,GAS-01,Riverbend Combined Cycle,Natural Gas,River Valley,540,9237.0,9304.6,-67.6,-0.7,0.7127,100.0,24,0,0,0,0.0,0,0,False,False,2025,12,December
2025-12-30,GAS-01,Riverbend Combined Cycle,Natural Gas,River Valley,540,8399.2,8275.1,124.1,1.5,0.6481,100.0,24,0,0,0,0.0,0,0,False,False,2025,12,December
2025-12-31,GAS-01,Riverbend Combined Cycle,Natural Gas,River Valley,540,9335.6,9404.7,-69.1,-0.7,0.7203,100.0,24,0,0,0,0.0,0,0,False,False,2025,12,December
2025-01-01,GAS-02,Pinecrest Peakers,Natural Gas,North Ridge,200,377.1,385.0,-7.9,-2.1,0.0786,100.0,24,0,0,0,0.0,0,0,False,False,2025,1,January
2025-01-02,GAS-02,Pinecrest Peakers,Natural Gas,North Ridge,200,515.2,520.4,-5.2,-1.0,0.1073,100.0,24,0,0,0,0.0,0,0,False,False,2025,1,January
2025-01-03,GAS-02,Pinecrest Peakers,Natural Gas,North Ridge,200,556.3,558.0,-1.7,-0.3,0.1159,100.0,24,0,0,0,0.0,0,0,False,False,2025,1,January
2025-01-04,GAS-02,Pinecrest Peakers,Natural Gas,North Ridge,200,571.2,556.1,15.1,2.7,0.119,100.0,24,0,0,0,0.0,0,0,False,False,2025,1,January
2025-01-05,GAS-02,Pinecrest Peakers,Natural Gas,North Ridge,200,492.8,482.4,10.4,2.2,0.1027,100.0,24,0,0,0,0.0,0,0,False,False,2025,1,January
2025-01-06,GAS-02,Pinecrest Peakers,Natural Gas,North Ridge,200,506.8,499.1,7.7,1.5,0.1056,100.0,24,0,0,0,0.0,0,0,False,False,2025,1,January
2025-01-07,GAS-02,Pinecrest Peakers,Natural Gas,North Ridge,200,503.0,507.8,-4.8,-0.9,0.1048,100.0,24,0,0,0,0.0,0,0,False,False,2025,1,January
2025-01-08,GAS-02,Pinecrest Peakers,Natural Gas,North Ridge,200,516.1,520.4,-4.3,-0.8,0.1075,100.0,24,0,0,0,0.0,0,0,False,False,2025,1,January
2025-01-09,GAS-02,Pinecrest Peakers,Natural Gas,North Ridge,200,3355.1,3388.8,-33.7,-1.0,0.699,100.0,24,0,0,0,0.0,0,0,False,False,2025,1,January
2025-01-10,GAS-02,Pinecrest Peakers,Natural Gas,North Ridge,200,2977.2,3005.5,-28.3,-0.9,0.6202,100.0,24,0,0,0,0.0,0,0,False,False,2025,1,January
2025-01-11,GAS-02,Pinecrest Peakers,Natural Gas,North Ridge,200,495.5,486.8,8.7,1.8,0.1032,100.0,24,0,0,0,0.0,0,0,False,False,2025,1,January
2025-01-12,GAS-02,Pinecrest Peakers,Natural Gas,North Ridge,200,3358.8,3368.7,-9.9,-0.3,0.6998,100.0,24,0,0,0,0.0,0,0,False,False,2025,1,January
2025-01-13,GAS-02,Pinecrest Peakers,Natural Gas,North Ridge,200,462.1,462.7,-0.6,-0.1,0.0963,100.0,24,0,0,0,0.0,0,0,False,False,2025,1,January
2025-01-14,GAS-02,Pinecrest Peakers,Natural Gas,North Ridge,200,575.8,570.5,5.3,0.9,0.12,100.0,24,0,0,0,0.0,0,0,False,False,2025,1,January
2025-01-15,GAS-02,Pinecrest Peakers,Natural Gas,North Ridge,200,4167.4,4252.2,-84.8,-2.0,0.8682,100.0,24,0,0,0,0.0,0,0,False,False,2025,1,January
2025-01-16,GAS-02,Pinecrest Peakers,Natural Gas,North Ridge,200,3687.7,3685.4,2.3,0.1,0.7683,100.0,24,0,0,0,0.0,0,0,False,False,2025,1,January
2025-01-17,GAS-02,Pinecrest Peakers,Natural Gas,North Ridge,200,582.4,590.2,-7.8,-1.3,0.1213,100.0,24,0,0,0,0.0,0,0,False,False,2025,1,January
2025-01-18,GAS-02,Pinecrest Peakers,Natural Gas,North Ridge,200,3977.6,3991.7,-14.1,-0.4,0.8287,100.0,24,0,0,0,0.0,0,0,False,False,2025,1,January
2025-01-19,GAS-02,Pinecrest Peakers,Natural Gas,North Ridge,200,325.9,328.2,-2.3,-0.7,0.0679,100.0,24,0,0,0,0.0,0,0,False,False,2025,1,January
2025-01-20,GAS-02,Pinecrest Peakers,Natural Gas,North Ridge,200,488.3,492.1,-3.8,-0.8,0.1017,100.0,24,0,0,0,0.0,0,0,False,False,2025,1,January
2025-01-21,GAS-02,Pinecrest Peakers,Natural Gas,North Ridge,200,433.2,432.1,1.1,0.3,0.0902,100.0,24,0,0,0,0.0,0,0,False,False,2025,1,January
2025-01-22,GAS-02,Pinecrest Peakers,Natural Gas,North Ridge,200,448.7,448.7,0.0,0.0,0.0935,100.0,24,0,0,0,0.0,0,0,True,False,2025,1,January
2025-01-23,GAS-02,Pinecrest Peakers,Natural Gas,North Ridge,200,515.3,516.7,-1.4,-0.3,0.1074,100.0,24,0,0,0,0.0,0,0,False,False,2025,1,January
2025-01-24,GAS-02,Pinecrest Peakers,Natural Gas,North Ridge,200,3472.3,3456.9,15.4,0.4,0.7234,100.0,24,0,0,0,0.0,0,0,False,False,2025,1,January
2025-01-25,GAS-02,Pinecrest Peakers,Natural Gas,North Ridge,200,4052.0,4094.7,-42.7,-1.0,0.8442,100.0,24,0,0,0,0.0,0,0,False,False,2025,1,January
2025-01-26,GAS-02,Pinecrest Peakers,Natural Gas,North Ridge,200,3435.3,3407.5,27.8,0.8,0.7157,100.0,24,0,0,0,0.0,0,0,False,False,2025,1,January
2025-01-27,GAS-02,Pinecrest Peakers,Natural Gas,North Ridge,200,461.4,462.6,-1.2,-0.3,0.0961,100.0,24,0,0,0,0.0,0,0,False,False,2025,1,January
2025-01-28,GAS-02,Pinecrest Peakers,Natural Gas,North Ridge,200,3780.1,3802.2,-22.1,-0.6,0.7875,100.0,24,0,0,0,0.0,0,0,False,False,2025,1,January
2025-01-29,GAS-02,Pinecrest Peakers,Natural Gas,North Ridge,200,4491.5,4534.7,-43.2,-1.0,0.9357,100.0,24,0,0,0,0.0,0,0,False,False,2025,1,January
2025-01-30,GAS-02,Pinecrest Peakers,Natural Gas,North Ridge,200,3131.4,3140.5,-9.1,-0.3,0.6524,100.0,24,0,0,0,0.0,0,0,False,False,2025,1,January
2025-01-31,GAS-02,Pinecrest Peakers,Natural Gas,North Ridge,200,439.0,429.4,9.6,2.2,0.0915,100.0,24,0,0,0,0.0,0,0,False,False,2025,1,January
2025-02-01,GAS-02,Pinecrest Peakers,Natural Gas,North Ridge,200,2977.4,2979.6,-2.2,-0.1,0.6203,100.0,24,0,0,0,0.0,0,0,False,False,2025,2,February
2025-02-02,GAS-02,Pinecrest Peakers,Natural Gas,North Ridge,200,458.2,464.5,-6.3,-1.4,0.0955,100.0,24,0,0,0,0.0,0,0,False,False,2025,2,February
2025-02-03,GAS-02,Pinecrest Peakers,Natural Gas,North Ridge,200,3540.9,3502.3,38.6,1.1,0.7377,100.0,24,0,0,0,0.0,0,0,False,False,2025,2,February
2025-02-04,GAS-02,Pinecrest Peakers,Natural Gas,North Ridge,200,365.9,368.0,-2.1,-0.6,0.0762,100.0,24,0,0,0,0.0,0,0,False,False,2025,2,February
2025-02-05,GAS-02,Pinecrest Peakers,Natural Gas,North Ridge,200,3042.2,3031.9,10.3,0.3,0.6338,100.0,24,0,0,0,0.0,0,0,False,False,2025,2,February
2025-02-06,GAS-02,Pinecrest Peakers,Natural Gas,North Ridge,200,439.6,442.8,-3.2,-0.7,0.0916,100.0,24,0,0,0,0.0,0,0,False,False,2025,2,February
2025-02-07,GAS-02,Pinecrest Peakers,Natural Gas,North Ridge,200,3544.5,3490.9,53.6,1.5,0.7384,100.0,24,0,0,0,0.0,0,0,False,False,2025,2,February
2025-02-08,GAS-02,Pinecrest Peakers,Natural Gas,North Ridge,200,328.8,331.1,-2.3,-0.7,0.0685,100.0,24,0,0,0,0.0,0,0,False,False,2025,2,February
2025-02-09,GAS-02,Pinecrest Peakers,Natural Gas,North Ridge,200,318.7,313.5,5.2,1.7,0.0664,100.0,24,0,0,0,0.0,0,0,False,False,2025,2,February
2025-02-10,GAS-02,Pinecrest Peakers,Natural Gas,North Ridge,200,2811.5,2847.3,-35.8,-1.3,0.5857,100.0,24,0,0,0,0.0,0,0,False,False,2025,2,February
2025-02-11,GAS-02,Pinecrest Peakers,Natural Gas,North Ridge,200,387.7,389.1,-1.4,-0.4,0.0808,100.0,24,0,0,0,0.0,0,0,False,False,2025,2,February
2025-02-12,GAS-02,Pinecrest Peakers,Natural Gas,North Ridge,200,310.8,305.7,5.1,1.7,0.0648,100.0,24,0,0,0,0.0,0,0,False,False,2025,2,February
2025-02-13,GAS-02,Pinecrest Peakers,Natural Gas,North Ridge,200,597.0,595.8,1.2,0.2,0.1244,100.0,24,0,0,0,0.0,0,0,False,False,2025,2,February
2025-02-14,GAS-02,Pinecrest Peakers,Natural Gas,North Ridge,200,415.2,404.2,11.0,2.7,0.0865,100.0,24,0,0,0,0.0,0,0,False,False,2025,2,February
2025-02-15,GAS-02,Pinecrest Peakers,Natural Gas,North Ridge,200,3300.7,3311.4,-10.7,-0.3,0.6876,100.0,24,0,0,0,0.0,0,0,False,False,2025,2,February
2025-02-16,GAS-02,Pinecrest Peakers,Natural Gas,North Ridge,200,484.9,483.4,1.5,0.3,0.101,100.0,24,0,0,0,0.0,0,0,False,False,2025,2,February
2025-02-17,GAS-02,Pinecrest Peakers,Natural Gas,North Ridge,200,3389.9,3314.1,75.8,2.3,0.7062,100.0,24,0,0,0,0.0,0,0,False,False,2025,2,February
2025-02-18,GAS-02,Pinecrest Peakers,Natural Gas,North Ridge,200,446.4,454.6,-8.2,-1.8,0.093,100.0,24,0,0,0,0.0,0,0,False,False,2025,2,February
2025-02-19,GAS-02,Pinecrest Peakers,Natural Gas,North Ridge,200,158.2,161.4,-3.2,-2.0,0.033,100.0,24,0,0,0,0.0,0,0,False,False,2025,2,February
2025-02-20,GAS-02,Pinecrest Peakers,Natural Gas,North Ridge,200,340.3,343.6,-3.3,-1.0,0.0709,100.0,24,0,0,0,0.0,0,0,False,False,2025,2,February
2025-02-21,GAS-02,Pinecrest Peakers,Natural Gas,North Ridge,200,469.5,464.9,4.6,1.0,0.0978,100.0,24,0,0,0,0.0,0,0,False,False,2025,2,February
2025-02-22,GAS-02,Pinecrest Peakers,Natural Gas,North Ridge,200,513.6,523.8,-10.2,-1.9,0.107,100.0,24,0,0,0,0.0,0,0,False,False,2025,2,February
2025-02-23,GAS-02,Pinecrest Peakers,Natural Gas,North Ridge,200,3860.8,3833.4,27.4,0.7,0.8043,100.0,24,0,0,0,0.0,0,0,False,False,2025,2,February
2025-02-24,GAS-02,Pinecrest Peakers,Natural Gas,North Ridge,200,476.6,473.6,3.0,0.6,0.0993,100.0,24,0,0,0,0.0,0,0,False,False,2025,2,February
2025-02-25,GAS-02,Pinecrest Peakers,Natural Gas,North Ridge,200,353.7,345.3,8.4,2.4,0.0737,100.0,24,0,0,0,0.0,0,0,False,False,2025,2,February
2025-02-26,GAS-02,Pinecrest Peakers,Natural Gas,North Ridge,200,514.5,508.2,6.3,1.2,0.1072,100.0,24,0,0,0,0.0,0,0,False,False,2025,2,February
2025-02-27,GAS-02,Pinecrest Peakers,Natural Gas,North Ridge,200,3554.5,3539.0,15.5,0.4,0.7405,100.0,24,0,0,0,0.0,0,0,False,False,2025,2,February
2025-02-28,GAS-02,Pinecrest Peakers,Natural Gas,North Ridge,200,578.5,569.2,9.3,1.6,0.1205,100.0,24,0,0,0,0.0,0,0,False,False,2025,2,February
2025-03-01,GAS-02,Pinecrest Peakers,Natural Gas,North Ridge,200,612.0,608.0,4.0,0.7,0.1275,100.0,24,0,0,0,0.0,0,0,False,False,2025,3,March
2025-03-02,GAS-02,Pinecrest Peakers,Natural Gas,North Ridge,200,532.1,535.1,-3.0,-0.6,0.1109,100.0,24,0,0,0,0.0,0,0,False,False,2025,3,March
2025-03-03,GAS-02,Pinecrest Peakers,Natural Gas,North Ridge,200,575.2,583.2,-8.0,-1.4,0.1198,100.0,24,0,0,0,0.0,0,0,False,False,2025,3,March
2025-03-04,GAS-02,Pinecrest Peakers,Natural Gas,North Ridge,200,435.0,438.0,-3.0,-0.7,0.0906,100.0,24,0,0,0,0.0,0,0,False,False,2025,3,March
2025-03-05,GAS-02,Pinecrest Peakers,Natural Gas,North Ridge,200,3811.0,3812.8,-1.8,-0.0,0.794,100.0,24,0,0,0,0.0,0,0,False,False,2025,3,March
2025-03-06,GAS-02,Pinecrest Peakers,Natural Gas,North Ridge,200,334.4,333.7,0.7,0.2,0.0697,100.0,24,0,0,0,0.0,0,0,False,False,2025,3,March
2025-03-07,GAS-02,Pinecrest Peakers,Natural Gas,North Ridge,200,406.0,416.7,-10.7,-2.6,0.0846,100.0,24,0,0,0,0.0,0,0,False,False,2025,3,March
2025-03-08,GAS-02,Pinecrest Peakers,Natural Gas,North Ridge,200,586.6,588.2,-1.6,-0.3,0.1222,100.0,24,0,0,0,0.0,0,0,False,False,2025,3,March
2025-03-09,GAS-02,Pinecrest Peakers,Natural Gas,North Ridge,200,570.5,570.3,0.2,0.0,0.1189,100.0,24,0,0,0,0.0,0,0,False,False,2025,3,March
2025-03-10,GAS-02,Pinecrest Peakers,Natural Gas,North Ridge,200,542.0,538.5,3.5,0.6,0.1129,100.0,24,0,0,0,0.0,0,0,False,False,2025,3,March
2025-03-11,GAS-02,Pinecrest Peakers,Natural Gas,North Ridge,200,572.0,561.0,11.0,2.0,0.1192,100.0,24,0,0,0,0.0,0,0,False,False,2025,3,March
2025-03-12,GAS-02,Pinecrest Peakers,Natural Gas,North Ridge,200,230.5,230.0,0.5,0.2,0.048,100.0,24,0,0,0,0.0,0,0,False,False,2025,3,March
2025-03-13,GAS-02,Pinecrest Peakers,Natural Gas,North Ridge,200,663.4,670.7,-7.3,-1.1,0.1382,100.0,24,0,0,0,0.0,0,0,False,False,2025,3,March
2025-03-14,GAS-02,Pinecrest Peakers,Natural Gas,North Ridge,200,445.6,455.5,-9.9,-2.2,0.0928,100.0,24,0,0,0,0.0,0,0,False,False,2025,3,March
2025-03-15,GAS-02,Pinecrest Peakers,Natural Gas,North Ridge,200,634.7,629.5,5.2,0.8,0.1322,100.0,24,0,0,0,0.0,0,0,False,False,2025,3,March
2025-03-16,GAS-02,Pinecrest Peakers,Natural Gas,North Ridge,200,233.5,236.0,-2.5,-1.1,0.0486,100.0,24,0,0,0,0.0,0,0,False,False,2025,3,March
2025-03-17,GAS-02,Pinecrest Peakers,Natural Gas,North Ridge,200,516.1,510.8,5.3,1.0,0.1075,100.0,24,0,0,0,0.0,0,0,False,False,2025,3,March
2025-03-18,GAS-02,Pinecrest Peakers,Natural Gas,North Ridge,200,227.1,412.4,-185.3,-44.9,0.0473,54.2,13,0,11,11,55440.0,1,0,False,False,2025,3,March
2025-03-19,GAS-02,Pinecrest Peakers,Natural Gas,North Ridge,200,538.5,548.7,-10.2,-1.9,0.1122,100.0,24,0,0,0,0.0,0,0,False,False,2025,3,March
2025-03-20,GAS-02,Pinecrest Peakers,Natural Gas,North Ridge,200,521.5,518.0,3.5,0.7,0.1086,100.0,24,0,0,0,0.0,0,0,False,False,2025,3,March
2025-03-21,GAS-02,Pinecrest Peakers,Natural Gas,North Ridge,200,532.1,523.9,8.2,1.6,0.1109,100.0,24,0,0,0,0.0,0,0,False,False,2025,3,March
2025-03-22,GAS-02,Pinecrest Peakers,Natural Gas,North Ridge,200,357.2,352.9,4.3,1.2,0.0744,100.0,24,0,0,0,0.0,0,0,False,False,2025,3,March
2025-03-23,GAS-02,Pinecrest Peakers,Natural Gas,North Ridge,200,461.3,473.2,-11.9,-2.5,0.0961,100.0,24,0,0,0,0.0,0,0,False,False,2025,3,March
2025-03-24,GAS-02,Pinecrest Peakers,Natural Gas,North Ridge,200,453.7,458.4,-4.7,-1.0,0.0945,100.0,24,0,0,0,0.0,0,0,False,False,2025,3,March
2025-03-25,GAS-02,Pinecrest Peakers,Natural Gas,North Ridge,200,531.2,539.4,-8.2,-1.5,0.1107,100.0,24,0,0,0,0.0,0,0,False,False,2025,3,March
2025-03-26,GAS-02,Pinecrest Peakers,Natural Gas,North Ridge,200,602.5,598.7,3.8,0.6,0.1255,100.0,24,0,0,0,0.0,0,0,False,False,2025,3,March
2025-03-27,GAS-02,Pinecrest Peakers,Natural Gas,North Ridge,200,375.4,498.1,-122.7,-24.6,0.0782,75.0,18,0,6,6,30240.0,1,0,False,False,2025,3,March
2025-03-28,GAS-02,Pinecrest Peakers,Natural Gas,North Ridge,200,316.3,326.9,-10.6,-3.2,0.0659,100.0,24,0,0,0,0.0,0,0,False,False,2025,3,March
2025-03-29,GAS-02,Pinecrest Peakers,Natural Gas,North Ridge,200,491.1,492.9,-1.8,-0.4,0.1023,100.0,24,0,0,0,0.0,0,0,False,False,2025,3,March
2025-03-30,GAS-02,Pinecrest Peakers,Natural Gas,North Ridge,200,801.0,793.3,7.7,1.0,0.1669,100.0,24,0,0,0,0.0,0,0,False,False,2025,3,March
2025-03-31,GAS-02,Pinecrest Peakers,Natural Gas,North Ridge,200,678.7,677.5,1.2,0.2,0.1414,100.0,24,0,0,0,0.0,0,0,False,False,2025,3,March
2025-04-01,GAS-02,Pinecrest Peakers,Natural Gas,North Ridge,200,123.3,123.1,0.2,0.2,0.0257,100.0,24,0,0,0,0.0,0,0,False,False,2025,4,April
2025-04-02,GAS-02,Pinecrest Peakers,Natural Gas,North Ridge,200,485.5,487.6,-2.1,-0.4,0.1011,100.0,24,0,0,0,0.0,0,0,False,False,2025,4,April
2025-04-03,GAS-02,Pinecrest Peakers,Natural Gas,North Ridge,200,584.3,591.9,-7.6,-1.3,0.1217,100.0,24,0,0,0,0.0,0,0,False,False,2025,4,April
2025-04-04,GAS-02,Pinecrest Peakers,Natural Gas,North Ridge,200,458.0,458.1,-0.1,-0.0,0.0954,100.0,24,0,0,0,0.0,0,0,False,False,2025,4,April
2025-04-05,GAS-02,Pinecrest Peakers,Natural Gas,North Ridge,200,425.1,424.8,0.3,0.1,0.0886,100.0,24,0,0,0,0.0,0,0,False,False,2025,4,April
2025-04-06,GAS-02,Pinecrest Peakers,Natural Gas,North Ridge,200,451.3,448.0,3.3,0.7,0.094,100.0,24,0,0,0,0.0,0,0,False,False,2025,4,April
2025-04-07,GAS-02,Pinecrest Peakers,Natural Gas,North Ridge,200,550.8,546.3,4.5,0.8,0.1148,100.0,24,0,0,0,0.0,0,0,False,False,2025,4,April
2025-04-08,GAS-02,Pinecrest Peakers,Natural Gas,North Ridge,200,342.5,342.2,0.3,0.1,0.0714,100.0,24,0,0,0,0.0,0,0,False,False,2025,4,April
2025-04-09,GAS-02,Pinecrest Peakers,Natural Gas,North Ridge,200,630.8,622.6,8.2,1.3,0.1314,100.0,24,0,0,0,0.0,0,0,False,False,2025,4,April
2025-04-10,GAS-02,Pinecrest Peakers,Natural Gas,North Ridge,200,471.2,473.3,-2.1,-0.4,0.0982,100.0,24,0,0,0,0.0,0,0,False,False,2025,4,April
2025-04-11,GAS-02,Pinecrest Peakers,Natural Gas,North Ridge,200,361.4,367.8,-6.4,-1.7,0.0753,100.0,24,0,0,0,0.0,0,0,False,False,2025,4,April
2025-04-12,GAS-02,Pinecrest Peakers,Natural Gas,North Ridge,200,618.4,614.9,3.5,0.6,0.1288,100.0,24,0,0,0,0.0,0,0,False,False,2025,4,April
2025-04-13,GAS-02,Pinecrest Peakers,Natural Gas,North Ridge,200,295.0,294.6,0.4,0.1,0.0615,100.0,24,0,0,0,0.0,0,0,False,False,2025,4,April
2025-04-14,GAS-02,Pinecrest Peakers,Natural Gas,North Ridge,200,2908.5,2891.2,17.3,0.6,0.6059,100.0,24,0,0,0,0.0,0,0,False,False,2025,4,April
2025-04-15,GAS-02,Pinecrest Peakers,Natural Gas,North Ridge,200,405.2,411.4,-6.2,-1.5,0.0844,100.0,24,0,0,0,0.0,0,0,False,False,2025,4,April
2025-04-16,GAS-02,Pinecrest Peakers,Natural Gas,North Ridge,200,753.1,737.3,15.8,2.1,0.1569,100.0,24,0,0,0,0.0,0,0,False,False,2025,4,April
2025-04-17,GAS-02,Pinecrest Peakers,Natural Gas,North Ridge,200,401.2,397.8,3.4,0.9,0.0836,100.0,24,0,0,0,0.0,0,0,False,False,2025,4,April
2025-04-18,GAS-02,Pinecrest Peakers,Natural Gas,North Ridge,200,220.6,221.4,-0.8,-0.4,0.046,100.0,24,0,0,0,0.0,0,0,False,False,2025,4,April
2025-04-19,GAS-02,Pinecrest Peakers,Natural Gas,North Ridge,200,405.6,410.2,-4.6,-1.1,0.0845,100.0,24,0,0,0,0.0,0,0,False,False,2025,4,April
2025-04-20,GAS-02,Pinecrest Peakers,Natural Gas,North Ridge,200,541.6,534.7,6.9,1.3,0.1128,100.0,24,0,0,0,0.0,0,0,False,False,2025,4,April
2025-04-21,GAS-02,Pinecrest Peakers,Natural Gas,North Ridge,200,566.5,574.1,-7.6,-1.3,0.118,100.0,24,0,0,0,0.0,0,0,False,False,2025,4,April
2025-04-22,GAS-02,Pinecrest Peakers,Natural Gas,North Ridge,200,773.6,753.2,20.4,2.7,0.1612,100.0,24,0,0,0,0.0,0,0,False,False,2025,4,April
2025-04-23,GAS-02,Pinecrest Peakers,Natural Gas,North Ridge,200,644.1,648.8,-4.7,-0.7,0.1342,100.0,24,0,0,0,0.0,0,0,False,False,2025,4,April
2025-04-24,GAS-02,Pinecrest Peakers,Natural Gas,North Ridge,200,512.9,502.6,10.3,2.0,0.1069,100.0,24,0,0,0,0.0,0,0,False,False,2025,4,April
2025-04-25,GAS-02,Pinecrest Peakers,Natural Gas,North Ridge,200,372.2,373.0,-0.8,-0.2,0.0775,100.0,24,0,0,0,0.0,0,0,False,False,2025,4,April
2025-04-26,GAS-02,Pinecrest Peakers,Natural Gas,North Ridge,200,687.7,674.9,12.8,1.9,0.1433,100.0,24,0,0,0,0.0,0,0,False,False,2025,4,April
2025-04-27,GAS-02,Pinecrest Peakers,Natural Gas,North Ridge,200,431.9,435.8,-3.9,-0.9,0.09,100.0,24,0,0,0,0.0,0,0,False,False,2025,4,April
2025-04-28,GAS-02,Pinecrest Peakers,Natural Gas,North Ridge,200,401.1,401.0,0.1,0.0,0.0836,100.0,24,0,0,0,0.0,0,0,False,False,2025,4,April
2025-04-29,GAS-02,Pinecrest Peakers,Natural Gas,North Ridge,200,434.1,430.0,4.1,1.0,0.0904,100.0,24,0,0,0,0.0,0,0,False,False,2025,4,April
2025-04-30,GAS-02,Pinecrest Peakers,Natural Gas,North Ridge,200,332.3,329.7,2.6,0.8,0.0692,100.0,24,0,0,0,0.0,0,0,False,False,2025,4,April
2025-05-01,GAS-02,Pinecrest Peakers,Natural Gas,North Ridge,200,429.8,424.2,5.6,1.3,0.0895,100.0,24,0,0,0,0.0,0,0,False,False,2025,5,May
2025-05-02,GAS-02,Pinecrest Peakers,Natural Gas,North Ridge,200,449.4,452.0,-2.6,-0.6,0.0936,100.0,24,0,0,0,0.0,0,0,False,False,2025,5,May
2025-05-03,GAS-02,Pinecrest Peakers,Natural Gas,North Ridge,200,568.3,567.7,0.6,0.1,0.1184,100.0,24,0,0,0,0.0,0,0,False,False,2025,5,May
2025-05-04,GAS-02,Pinecrest Peakers,Natural Gas,North Ridge,200,439.9,433.4,6.5,1.5,0.0916,100.0,24,0,0,0,0.0,0,0,False,False,2025,5,May
2025-05-05,GAS-02,Pinecrest Peakers,Natural Gas,North Ridge,200,325.1,327.9,-2.8,-0.9,0.0677,100.0,24,0,0,0,0.0,0,0,False,False,2025,5,May
2025-05-06,GAS-02,Pinecrest Peakers,Natural Gas,North Ridge,200,289.5,287.5,2.0,0.7,0.0603,100.0,24,0,0,0,0.0,0,0,False,False,2025,5,May
2025-05-07,GAS-02,Pinecrest Peakers,Natural Gas,North Ridge,200,503.8,505.1,-1.3,-0.3,0.105,100.0,24,0,0,0,0.0,0,0,False,False,2025,5,May
2025-05-08,GAS-02,Pinecrest Peakers,Natural Gas,North Ridge,200,489.9,488.7,1.2,0.2,0.1021,100.0,24,0,0,0,0.0,0,0,False,False,2025,5,May
2025-05-09,GAS-02,Pinecrest Peakers,Natural Gas,North Ridge,200,413.9,413.5,0.4,0.1,0.0862,100.0,24,0,0,0,0.0,0,0,False,False,2025,5,May
2025-05-10,GAS-02,Pinecrest Peakers,Natural Gas,North Ridge,200,419.9,423.9,-4.0,-0.9,0.0875,100.0,24,0,0,0,0.0,0,0,False,False,2025,5,May
2025-05-11,GAS-02,Pinecrest Peakers,Natural Gas,North Ridge,200,525.0,526.6,-1.6,-0.3,0.1094,100.0,24,0,0,0,0.0,0,0,False,False,2025,5,May
2025-05-12,GAS-02,Pinecrest Peakers,Natural Gas,North Ridge,200,648.0,646.9,1.1,0.2,0.135,100.0,24,0,0,0,0.0,0,0,False,False,2025,5,May
2025-05-13,GAS-02,Pinecrest Peakers,Natural Gas,North Ridge,200,385.9,386.4,-0.5,-0.1,0.0804,100.0,24,0,0,0,0.0,0,0,False,False,2025,5,May
2025-05-14,GAS-02,Pinecrest Peakers,Natural Gas,North Ridge,200,499.9,490.7,9.2,1.9,0.1041,100.0,24,0,0,0,0.0,0,0,False,False,2025,5,May
2025-05-15,GAS-02,Pinecrest Peakers,Natural Gas,North Ridge,200,602.2,595.0,7.2,1.2,0.1255,100.0,24,0,0,0,0.0,0,0,False,False,2025,5,May
2025-05-16,GAS-02,Pinecrest Peakers,Natural Gas,North Ridge,200,388.2,386.9,1.3,0.3,0.0809,100.0,24,0,0,0,0.0,0,0,False,False,2025,5,May
2025-05-17,GAS-02,Pinecrest Peakers,Natural Gas,North Ridge,200,473.7,478.1,-4.4,-0.9,0.0987,100.0,24,0,0,0,0.0,0,0,False,False,2025,5,May
2025-05-18,GAS-02,Pinecrest Peakers,Natural Gas,North Ridge,200,470.7,475.4,-4.7,-1.0,0.0981,100.0,24,0,0,0,0.0,0,0,False,False,2025,5,May
2025-05-19,GAS-02,Pinecrest Peakers,Natural Gas,North Ridge,200,330.3,322.6,7.7,2.4,0.0688,100.0,24,0,0,0,0.0,0,0,False,False,2025,5,May
2025-05-20,GAS-02,Pinecrest Peakers,Natural Gas,North Ridge,200,494.2,500.2,-6.0,-1.2,0.103,100.0,24,0,0,0,0.0,0,0,False,False,2025,5,May
2025-05-21,GAS-02,Pinecrest Peakers,Natural Gas,North Ridge,200,484.4,483.8,0.6,0.1,0.1009,100.0,24,0,0,0,0.0,0,0,False,False,2025,5,May
2025-05-22,GAS-02,Pinecrest Peakers,Natural Gas,North Ridge,200,549.0,546.6,2.4,0.4,0.1144,100.0,24,0,0,0,0.0,0,0,False,False,2025,5,May
2025-05-23,GAS-02,Pinecrest Peakers,Natural Gas,North Ridge,200,336.3,337.6,-1.3,-0.4,0.0701,100.0,24,0,0,0,0.0,0,0,False,False,2025,5,May
2025-05-24,GAS-02,Pinecrest Peakers,Natural Gas,North Ridge,200,475.4,481.2,-5.8,-1.2,0.099,100.0,24,0,0,0,0.0,0,0,False,False,2025,5,May
2025-05-25,GAS-02,Pinecrest Peakers,Natural Gas,North Ridge,200,639.7,645.8,-6.1,-0.9,0.1333,100.0,24,0,0,0,0.0,0,0,False,False,2025,5,May
2025-05-26,GAS-02,Pinecrest Peakers,Natural Gas,North Ridge,200,724.5,729.3,-4.8,-0.7,0.1509,100.0,24,0,0,0,0.0,0,0,False,False,2025,5,May
2025-05-27,GAS-02,Pinecrest Peakers,Natural Gas,North Ridge,200,628.2,633.6,-5.4,-0.9,0.1309,100.0,24,0,0,0,0.0,0,0,False,False,2025,5,May
2025-05-28,GAS-02,Pinecrest Peakers,Natural Gas,North Ridge,200,4240.8,4174.2,66.6,1.6,0.8835,100.0,24,0,0,0,0.0,0,0,False,False,2025,5,May
2025-05-29,GAS-02,Pinecrest Peakers,Natural Gas,North Ridge,200,534.1,534.1,0.0,0.0,0.1113,100.0,24,0,0,0,0.0,0,0,False,False,2025,5,May
2025-05-30,GAS-02,Pinecrest Peakers,Natural Gas,North Ridge,200,419.4,422.0,-2.6,-0.6,0.0874,100.0,24,0,0,0,0.0,0,0,False,False,2025,5,May
2025-05-31,GAS-02,Pinecrest Peakers,Natural Gas,North Ridge,200,2867.0,2863.3,3.7,0.1,0.5973,100.0,24,0,0,0,0.0,0,0,False,False,2025,5,May
2025-06-01,GAS-02,Pinecrest Peakers,Natural Gas,North Ridge,200,390.4,387.3,3.1,0.8,0.0813,100.0,24,0,0,0,0.0,0,0,False,False,2025,6,June
2025-06-02,GAS-02,Pinecrest Peakers,Natural Gas,North Ridge,200,273.2,274.4,-1.2,-0.4,0.0569,100.0,24,0,0,0,0.0,0,0,False,False,2025,6,June
2025-06-03,GAS-02,Pinecrest Peakers,Natural Gas,North Ridge,200,443.4,438.7,4.7,1.1,0.0924,100.0,24,0,0,0,0.0,0,0,False,False,2025,6,June
2025-06-04,GAS-02,Pinecrest Peakers,Natural Gas,North Ridge,200,3164.1,3213.1,-49.0,-1.5,0.6592,100.0,24,0,0,0,0.0,0,0,False,False,2025,6,June
2025-06-05,GAS-02,Pinecrest Peakers,Natural Gas,North Ridge,200,521.8,514.6,7.2,1.4,0.1087,100.0,24,0,0,0,0.0,0,0,False,False,2025,6,June
2025-06-06,GAS-02,Pinecrest Peakers,Natural Gas,North Ridge,200,3984.8,3985.3,-0.5,-0.0,0.8302,100.0,24,0,0,0,0.0,0,0,False,False,2025,6,June
2025-06-07,GAS-02,Pinecrest Peakers,Natural Gas,North Ridge,200,505.7,506.0,-0.3,-0.1,0.1054,100.0,24,0,0,0,0.0,0,0,False,False,2025,6,June
2025-06-08,GAS-02,Pinecrest Peakers,Natural Gas,North Ridge,200,2967.6,2992.4,-24.8,-0.8,0.6182,100.0,24,0,0,0,0.0,0,0,False,False,2025,6,June
2025-06-09,GAS-02,Pinecrest Peakers,Natural Gas,North Ridge,200,535.5,543.5,-8.0,-1.5,0.1116,100.0,24,0,0,0,0.0,0,0,False,False,2025,6,June
2025-06-10,GAS-02,Pinecrest Peakers,Natural Gas,North Ridge,200,438.1,447.0,-8.9,-2.0,0.0913,100.0,24,0,0,0,0.0,0,0,False,False,2025,6,June
2025-06-11,GAS-02,Pinecrest Peakers,Natural Gas,North Ridge,200,2665.7,2690.3,-24.6,-0.9,0.5554,100.0,24,0,0,0,0.0,0,0,False,False,2025,6,June
2025-06-12,GAS-02,Pinecrest Peakers,Natural Gas,North Ridge,200,694.1,689.2,4.9,0.7,0.1446,100.0,24,0,0,0,0.0,0,0,False,False,2025,6,June
2025-06-13,GAS-02,Pinecrest Peakers,Natural Gas,North Ridge,200,491.3,497.0,-5.7,-1.1,0.1024,100.0,24,0,0,0,0.0,0,0,False,False,2025,6,June
2025-06-14,GAS-02,Pinecrest Peakers,Natural Gas,North Ridge,200,476.1,485.1,-9.0,-1.9,0.0992,100.0,24,0,0,0,0.0,0,0,False,False,2025,6,June
2025-06-15,GAS-02,Pinecrest Peakers,Natural Gas,North Ridge,200,487.0,492.3,-5.3,-1.1,0.1015,100.0,24,0,0,0,0.0,0,0,False,False,2025,6,June
2025-06-16,GAS-02,Pinecrest Peakers,Natural Gas,North Ridge,200,451.8,453.9,-2.1,-0.5,0.0941,100.0,24,0,0,0,0.0,0,0,False,False,2025,6,June
2025-06-17,GAS-02,Pinecrest Peakers,Natural Gas,North Ridge,200,426.0,427.8,-1.8,-0.4,0.0888,100.0,24,0,0,0,0.0,0,0,False,False,2025,6,June
2025-06-18,GAS-02,Pinecrest Peakers,Natural Gas,North Ridge,200,504.3,505.0,-0.7,-0.1,0.1051,100.0,24,0,0,0,0.0,0,0,False,False,2025,6,June
2025-06-19,GAS-02,Pinecrest Peakers,Natural Gas,North Ridge,200,424.5,419.3,5.2,1.2,0.0884,100.0,24,0,0,0,0.0,0,0,False,False,2025,6,June
2025-06-20,GAS-02,Pinecrest Peakers,Natural Gas,North Ridge,200,4451.2,4385.4,65.8,1.5,0.9273,100.0,24,0,0,0,0.0,0,0,False,False,2025,6,June
2025-06-21,GAS-02,Pinecrest Peakers,Natural Gas,North Ridge,200,394.4,385.1,9.3,2.4,0.0822,100.0,24,0,0,0,0.0,0,0,False,False,2025,6,June
2025-06-22,GAS-02,Pinecrest Peakers,Natural Gas,North Ridge,200,3369.6,3436.6,-67.0,-1.9,0.702,100.0,24,0,0,0,0.0,0,0,False,False,2025,6,June
2025-06-23,GAS-02,Pinecrest Peakers,Natural Gas,North Ridge,200,294.9,550.1,-255.2,-46.4,0.0614,54.2,13,0,11,11,55440.0,1,0,False,False,2025,6,June
2025-06-24,GAS-02,Pinecrest Peakers,Natural Gas,North Ridge,200,4379.2,4342.8,36.4,0.8,0.9123,100.0,24,0,0,0,0.0,0,0,False,False,2025,6,June
2025-06-25,GAS-02,Pinecrest Peakers,Natural Gas,North Ridge,200,2691.3,2706.0,-14.7,-0.5,0.5607,100.0,24,0,0,0,0.0,0,0,False,False,2025,6,June
2025-06-26,GAS-02,Pinecrest Peakers,Natural Gas,North Ridge,200,556.5,550.8,5.7,1.0,0.1159,100.0,24,0,0,0,0.0,0,0,False,False,2025,6,June
2025-06-27,GAS-02,Pinecrest Peakers,Natural Gas,North Ridge,200,495.7,494.4,1.3,0.3,0.1033,100.0,24,0,0,0,0.0,0,0,False,False,2025,6,June
2025-06-28,GAS-02,Pinecrest Peakers,Natural Gas,North Ridge,200,4309.2,4229.0,80.2,1.9,0.8978,100.0,24,0,0,0,0.0,0,0,False,False,2025,6,June
2025-06-29,GAS-02,Pinecrest Peakers,Natural Gas,North Ridge,200,580.0,572.8,7.2,1.3,0.1208,100.0,24,0,0,0,0.0,0,0,False,False,2025,6,June
2025-06-30,GAS-02,Pinecrest Peakers,Natural Gas,North Ridge,200,316.2,312.2,4.0,1.3,0.0659,100.0,24,0,0,0,0.0,0,0,False,False,2025,6,June
2025-07-01,GAS-02,Pinecrest Peakers,Natural Gas,North Ridge,200,602.5,605.4,-2.9,-0.5,0.1255,100.0,24,0,0,0,0.0,0,0,False,False,2025,7,July
2025-07-02,GAS-02,Pinecrest Peakers,Natural Gas,North Ridge,200,472.6,473.1,-0.5,-0.1,0.0985,100.0,24,0,0,0,0.0,0,0,False,False,2025,7,July
2025-07-03,GAS-02,Pinecrest Peakers,Natural Gas,North Ridge,200,3210.2,3222.0,-11.8,-0.4,0.6688,100.0,24,0,0,0,0.0,0,0,False,False,2025,7,July
2025-07-04,GAS-02,Pinecrest Peakers,Natural Gas,North Ridge,200,3472.6,3536.5,-63.9,-1.8,0.7235,100.0,24,0,0,0,0.0,0,0,False,False,2025,7,July
2025-07-05,GAS-02,Pinecrest Peakers,Natural Gas,North Ridge,200,438.9,431.3,7.6,1.8,0.0914,100.0,24,0,0,0,0.0,0,0,False,False,2025,7,July
2025-07-06,GAS-02,Pinecrest Peakers,Natural Gas,North Ridge,200,4586.1,4545.4,40.7,0.9,0.9554,100.0,24,0,0,0,0.0,0,0,False,False,2025,7,July
2025-07-07,GAS-02,Pinecrest Peakers,Natural Gas,North Ridge,200,389.9,391.5,-1.6,-0.4,0.0812,100.0,24,0,0,0,0.0,0,0,False,False,2025,7,July
2025-07-08,GAS-02,Pinecrest Peakers,Natural Gas,North Ridge,200,472.0,464.7,7.3,1.6,0.0983,100.0,24,0,0,0,0.0,0,0,False,False,2025,7,July
2025-07-09,GAS-02,Pinecrest Peakers,Natural Gas,North Ridge,200,418.6,421.8,-3.2,-0.8,0.0872,100.0,24,0,0,0,0.0,0,0,False,False,2025,7,July
2025-07-10,GAS-02,Pinecrest Peakers,Natural Gas,North Ridge,200,2824.2,2887.9,-63.7,-2.2,0.5884,100.0,24,0,0,0,0.0,0,0,False,False,2025,7,July
2025-07-11,GAS-02,Pinecrest Peakers,Natural Gas,North Ridge,200,640.3,632.6,7.7,1.2,0.1334,100.0,24,0,0,0,0.0,0,0,False,False,2025,7,July
2025-07-12,GAS-02,Pinecrest Peakers,Natural Gas,North Ridge,200,443.8,450.7,-6.9,-1.5,0.0925,100.0,24,0,0,0,0.0,0,0,False,False,2025,7,July
2025-07-13,GAS-02,Pinecrest Peakers,Natural Gas,North Ridge,200,3311.0,3318.8,-7.8,-0.2,0.6898,100.0,24,0,0,0,0.0,0,0,False,False,2025,7,July
2025-07-14,GAS-02,Pinecrest Peakers,Natural Gas,North Ridge,200,3098.1,3090.4,7.7,0.2,0.6454,100.0,24,0,0,0,0.0,0,0,False,False,2025,7,July
2025-07-15,GAS-02,Pinecrest Peakers,Natural Gas,North Ridge,200,4501.9,4481.2,20.7,0.5,0.9379,100.0,24,0,0,0,0.0,0,0,False,False,2025,7,July
2025-07-16,GAS-02,Pinecrest Peakers,Natural Gas,North Ridge,200,3565.6,3529.7,35.9,1.0,0.7428,100.0,24,0,0,0,0.0,0,0,False,False,2025,7,July
2025-07-17,GAS-02,Pinecrest Peakers,Natural Gas,North Ridge,200,499.5,496.1,3.4,0.7,0.1041,100.0,24,0,0,0,0.0,0,0,False,False,2025,7,July
2025-07-18,GAS-02,Pinecrest Peakers,Natural Gas,North Ridge,200,412.7,410.0,2.7,0.7,0.086,100.0,24,0,0,0,0.0,0,0,False,False,2025,7,July
2025-07-19,GAS-02,Pinecrest Peakers,Natural Gas,North Ridge,200,2963.9,2992.3,-28.4,-0.9,0.6175,100.0,24,0,0,0,0.0,0,0,False,False,2025,7,July
2025-07-20,GAS-02,Pinecrest Peakers,Natural Gas,North Ridge,200,348.8,347.6,1.2,0.3,0.0727,100.0,24,0,0,0,0.0,0,0,False,False,2025,7,July
2025-07-21,GAS-02,Pinecrest Peakers,Natural Gas,North Ridge,200,3101.1,3158.2,-57.1,-1.8,0.6461,100.0,24,0,0,0,0.0,0,0,False,False,2025,7,July
2025-07-22,GAS-02,Pinecrest Peakers,Natural Gas,North Ridge,200,3051.2,2995.1,56.1,1.9,0.6357,100.0,24,0,0,0,0.0,0,0,False,False,2025,7,July
2025-07-23,GAS-02,Pinecrest Peakers,Natural Gas,North Ridge,200,2774.3,2821.8,-47.5,-1.7,0.578,100.0,24,0,0,0,0.0,0,0,False,False,2025,7,July
2025-07-24,GAS-02,Pinecrest Peakers,Natural Gas,North Ridge,200,384.1,385.7,-1.6,-0.4,0.08,100.0,24,0,0,0,0.0,0,0,False,False,2025,7,July
2025-07-25,GAS-02,Pinecrest Peakers,Natural Gas,North Ridge,200,461.7,469.1,-7.4,-1.6,0.0962,100.0,24,0,0,0,0.0,0,0,False,False,2025,7,July
2025-07-26,GAS-02,Pinecrest Peakers,Natural Gas,North Ridge,200,581.5,586.6,-5.1,-0.9,0.1211,100.0,24,0,0,0,0.0,0,0,False,False,2025,7,July
2025-07-27,GAS-02,Pinecrest Peakers,Natural Gas,North Ridge,200,280.5,280.5,0.0,0.0,0.0584,100.0,24,0,0,0,0.0,0,0,False,False,2025,7,July
2025-07-28,GAS-02,Pinecrest Peakers,Natural Gas,North Ridge,200,2972.6,2991.6,-19.0,-0.6,0.6193,100.0,24,0,0,0,0.0,0,0,False,False,2025,7,July
2025-07-29,GAS-02,Pinecrest Peakers,Natural Gas,North Ridge,200,370.9,365.9,5.0,1.4,0.0773,100.0,24,0,0,0,0.0,0,0,False,False,2025,7,July
2025-07-30,GAS-02,Pinecrest Peakers,Natural Gas,North Ridge,200,3369.0,3359.8,9.2,0.3,0.7019,100.0,24,0,0,0,0.0,0,0,False,False,2025,7,July
2025-07-31,GAS-02,Pinecrest Peakers,Natural Gas,North Ridge,200,3580.3,3600.3,-20.0,-0.6,0.7459,100.0,24,0,0,0,0.0,0,0,False,False,2025,7,July
2025-08-01,GAS-02,Pinecrest Peakers,Natural Gas,North Ridge,200,413.9,414.6,-0.7,-0.2,0.0862,100.0,24,0,0,0,0.0,0,0,False,False,2025,8,August
2025-08-02,GAS-02,Pinecrest Peakers,Natural Gas,North Ridge,200,4304.9,4242.8,62.1,1.5,0.8969,100.0,24,0,0,0,0.0,0,0,False,False,2025,8,August
2025-08-03,GAS-02,Pinecrest Peakers,Natural Gas,North Ridge,200,2688.1,2659.1,29.0,1.1,0.56,100.0,24,0,0,0,0.0,0,0,False,False,2025,8,August
2025-08-04,GAS-02,Pinecrest Peakers,Natural Gas,North Ridge,200,3379.0,3425.8,-46.8,-1.4,0.704,100.0,24,0,0,0,0.0,0,0,False,False,2025,8,August
2025-08-05,GAS-02,Pinecrest Peakers,Natural Gas,North Ridge,200,4195.1,4229.6,-34.5,-0.8,0.874,100.0,24,0,0,0,0.0,0,0,False,False,2025,8,August
2025-08-06,GAS-02,Pinecrest Peakers,Natural Gas,North Ridge,200,304.8,303.1,1.7,0.6,0.0635,100.0,24,0,0,0,0.0,0,0,False,False,2025,8,August
2025-08-07,GAS-02,Pinecrest Peakers,Natural Gas,North Ridge,200,3680.1,3664.6,15.5,0.4,0.7667,100.0,24,0,0,0,0.0,0,0,False,False,2025,8,August
2025-08-08,GAS-02,Pinecrest Peakers,Natural Gas,North Ridge,200,440.2,445.8,-5.6,-1.3,0.0917,100.0,24,0,0,0,0.0,0,0,False,False,2025,8,August
2025-08-09,GAS-02,Pinecrest Peakers,Natural Gas,North Ridge,200,666.0,660.1,5.9,0.9,0.1388,100.0,24,0,0,0,0.0,0,0,False,False,2025,8,August
2025-08-10,GAS-02,Pinecrest Peakers,Natural Gas,North Ridge,200,548.0,554.0,-6.0,-1.1,0.1142,100.0,24,0,0,0,0.0,0,0,False,False,2025,8,August
2025-08-11,GAS-02,Pinecrest Peakers,Natural Gas,North Ridge,200,524.0,515.9,8.1,1.6,0.1092,100.0,24,0,0,0,0.0,0,0,False,False,2025,8,August
2025-08-12,GAS-02,Pinecrest Peakers,Natural Gas,North Ridge,200,359.6,357.4,2.2,0.6,0.0749,100.0,24,0,0,0,0.0,0,0,False,False,2025,8,August
2025-08-13,GAS-02,Pinecrest Peakers,Natural Gas,North Ridge,200,3620.2,3670.0,-49.8,-1.4,0.7542,100.0,24,0,0,0,0.0,0,0,False,False,2025,8,August
2025-08-14,GAS-02,Pinecrest Peakers,Natural Gas,North Ridge,200,4347.4,4375.2,-27.8,-0.6,0.9057,100.0,24,0,0,0,0.0,0,0,False,False,2025,8,August
2025-08-15,GAS-02,Pinecrest Peakers,Natural Gas,North Ridge,200,632.5,636.6,-4.1,-0.6,0.1318,100.0,24,0,0,0,0.0,0,0,False,False,2025,8,August
2025-08-16,GAS-02,Pinecrest Peakers,Natural Gas,North Ridge,200,531.7,530.7,1.0,0.2,0.1108,100.0,24,0,0,0,0.0,0,0,False,False,2025,8,August
2025-08-17,GAS-02,Pinecrest Peakers,Natural Gas,North Ridge,200,380.1,381.0,-0.9,-0.2,0.0792,100.0,24,0,0,0,0.0,0,0,False,False,2025,8,August
2025-08-18,GAS-02,Pinecrest Peakers,Natural Gas,North Ridge,200,3342.0,3388.5,-46.5,-1.4,0.6962,100.0,24,0,0,0,0.0,0,0,False,False,2025,8,August
2025-08-19,GAS-02,Pinecrest Peakers,Natural Gas,North Ridge,200,736.5,749.0,-12.5,-1.7,0.1534,100.0,24,0,0,0,0.0,0,0,False,False,2025,8,August
2025-08-20,GAS-02,Pinecrest Peakers,Natural Gas,North Ridge,200,456.9,453.9,3.0,0.7,0.0952,100.0,24,0,0,0,0.0,0,0,False,False,2025,8,August
2025-08-21,GAS-02,Pinecrest Peakers,Natural Gas,North Ridge,200,547.9,546.0,1.9,0.3,0.1141,100.0,24,0,0,0,0.0,0,0,False,False,2025,8,August
2025-08-22,GAS-02,Pinecrest Peakers,Natural Gas,North Ridge,200,3759.2,3754.4,4.8,0.1,0.7832,100.0,24,0,0,0,0.0,0,0,False,False,2025,8,August
2025-08-23,GAS-02,Pinecrest Peakers,Natural Gas,North Ridge,200,491.8,490.2,1.6,0.3,0.1025,100.0,24,0,0,0,0.0,0,0,False,False,2025,8,August
2025-08-24,GAS-02,Pinecrest Peakers,Natural Gas,North Ridge,200,296.9,299.1,-2.2,-0.7,0.0619,100.0,24,0,0,0,0.0,0,0,False,False,2025,8,August
2025-08-25,GAS-02,Pinecrest Peakers,Natural Gas,North Ridge,200,481.0,479.9,1.1,0.2,0.1002,100.0,24,0,0,0,0.0,0,0,False,False,2025,8,August
2025-08-26,GAS-02,Pinecrest Peakers,Natural Gas,North Ridge,200,4041.4,3921.9,119.5,3.0,0.842,100.0,24,0,0,0,0.0,0,0,False,False,2025,8,August
2025-08-27,GAS-02,Pinecrest Peakers,Natural Gas,North Ridge,200,3952.6,3897.7,54.9,1.4,0.8235,100.0,24,0,0,0,0.0,0,0,False,False,2025,8,August
2025-08-28,GAS-02,Pinecrest Peakers,Natural Gas,North Ridge,200,263.7,264.6,-0.9,-0.3,0.0549,100.0,24,0,0,0,0.0,0,0,False,False,2025,8,August
2025-08-29,GAS-02,Pinecrest Peakers,Natural Gas,North Ridge,200,443.5,446.3,-2.8,-0.6,0.0924,100.0,24,0,0,0,0.0,0,0,False,False,2025,8,August
2025-08-30,GAS-02,Pinecrest Peakers,Natural Gas,North Ridge,200,612.8,634.6,-21.8,-3.4,0.1277,100.0,24,0,0,0,0.0,0,0,False,False,2025,8,August
2025-08-31,GAS-02,Pinecrest Peakers,Natural Gas,North Ridge,200,456.8,451.0,5.8,1.3,0.0952,100.0,24,0,0,0,0.0,0,0,False,False,2025,8,August
2025-09-01,GAS-02,Pinecrest Peakers,Natural Gas,North Ridge,200,463.8,459.4,4.4,1.0,0.0966,100.0,24,0,0,0,0.0,0,0,False,False,2025,9,September
2025-09-02,GAS-02,Pinecrest Peakers,Natural Gas,North Ridge,200,2965.5,2985.0,-19.5,-0.7,0.6178,100.0,24,0,0,0,0.0,0,0,False,False,2025,9,September
2025-09-03,GAS-02,Pinecrest Peakers,Natural Gas,North Ridge,200,226.1,230.1,-4.0,-1.7,0.0471,62.5,15,9,0,9,23652.06,1,0,False,False,2025,9,September
2025-09-04,GAS-02,Pinecrest Peakers,Natural Gas,North Ridge,200,257.3,260.9,-3.6,-1.4,0.0536,100.0,24,0,0,0,0.0,0,0,False,False,2025,9,September
2025-09-05,GAS-02,Pinecrest Peakers,Natural Gas,North Ridge,200,406.7,404.5,2.2,0.5,0.0847,100.0,24,0,0,0,0.0,0,0,False,False,2025,9,September
2025-09-06,GAS-02,Pinecrest Peakers,Natural Gas,North Ridge,200,360.9,361.3,-0.4,-0.1,0.0752,100.0,24,0,0,0,0.0,0,0,False,False,2025,9,September
2025-09-07,GAS-02,Pinecrest Peakers,Natural Gas,North Ridge,200,498.3,494.2,4.1,0.8,0.1038,100.0,24,0,0,0,0.0,0,0,False,False,2025,9,September
2025-09-08,GAS-02,Pinecrest Peakers,Natural Gas,North Ridge,200,385.9,385.5,0.4,0.1,0.0804,100.0,24,0,0,0,0.0,0,0,False,False,2025,9,September
2025-09-09,GAS-02,Pinecrest Peakers,Natural Gas,North Ridge,200,427.3,422.4,4.9,1.2,0.089,100.0,24,0,0,0,0.0,0,0,False,False,2025,9,September
2025-09-10,GAS-02,Pinecrest Peakers,Natural Gas,North Ridge,200,2864.6,2852.0,12.6,0.4,0.5968,100.0,24,0,0,0,0.0,0,0,False,False,2025,9,September
2025-09-11,GAS-02,Pinecrest Peakers,Natural Gas,North Ridge,200,3963.9,3924.8,39.1,1.0,0.8258,100.0,24,0,0,0,0.0,0,0,False,False,2025,9,September
2025-09-12,GAS-02,Pinecrest Peakers,Natural Gas,North Ridge,200,406.1,416.6,-10.5,-2.5,0.0846,100.0,24,0,0,0,0.0,0,0,False,False,2025,9,September
2025-09-13,GAS-02,Pinecrest Peakers,Natural Gas,North Ridge,200,347.4,352.6,-5.2,-1.5,0.0724,100.0,24,0,0,0,0.0,0,0,False,False,2025,9,September
2025-09-14,GAS-02,Pinecrest Peakers,Natural Gas,North Ridge,200,488.1,490.3,-2.2,-0.4,0.1017,100.0,24,0,0,0,0.0,0,0,False,False,2025,9,September
2025-09-15,GAS-02,Pinecrest Peakers,Natural Gas,North Ridge,200,616.0,608.1,7.9,1.3,0.1283,100.0,24,0,0,0,0.0,0,0,False,False,2025,9,September
2025-09-16,GAS-02,Pinecrest Peakers,Natural Gas,North Ridge,200,506.6,495.4,11.2,2.3,0.1055,100.0,24,0,0,0,0.0,0,0,False,False,2025,9,September
2025-09-17,GAS-02,Pinecrest Peakers,Natural Gas,North Ridge,200,406.0,406.8,-0.8,-0.2,0.0846,100.0,24,0,0,0,0.0,0,0,False,False,2025,9,September
2025-09-18,GAS-02,Pinecrest Peakers,Natural Gas,North Ridge,200,461.8,465.2,-3.4,-0.7,0.0962,100.0,24,0,0,0,0.0,0,0,False,False,2025,9,September
2025-09-19,GAS-02,Pinecrest Peakers,Natural Gas,North Ridge,200,152.3,155.9,-3.6,-2.3,0.0317,66.7,16,8,0,8,25749.16,1,0,False,False,2025,9,September
2025-09-20,GAS-02,Pinecrest Peakers,Natural Gas,North Ridge,200,468.1,463.3,4.8,1.0,0.0975,100.0,24,0,0,0,0.0,0,0,False,False,2025,9,September
2025-09-21,GAS-02,Pinecrest Peakers,Natural Gas,North Ridge,200,429.1,432.0,-2.9,-0.7,0.0894,100.0,24,0,0,0,0.0,0,0,False,False,2025,9,September
2025-09-22,GAS-02,Pinecrest Peakers,Natural Gas,North Ridge,200,381.0,368.0,13.0,3.5,0.0794,100.0,24,0,0,0,0.0,0,0,False,False,2025,9,September
2025-09-23,GAS-02,Pinecrest Peakers,Natural Gas,North Ridge,200,386.3,389.7,-3.4,-0.9,0.0805,100.0,24,0,0,0,0.0,0,0,False,False,2025,9,September
2025-09-24,GAS-02,Pinecrest Peakers,Natural Gas,North Ridge,200,441.7,430.8,10.9,2.5,0.092,100.0,24,0,0,0,0.0,0,0,False,False,2025,9,September
2025-09-25,GAS-02,Pinecrest Peakers,Natural Gas,North Ridge,200,604.5,599.1,5.4,0.9,0.1259,100.0,24,0,0,0,0.0,0,0,False,False,2025,9,September
2025-09-26,GAS-02,Pinecrest Peakers,Natural Gas,North Ridge,200,603.5,611.0,-7.5,-1.2,0.1257,100.0,24,0,0,0,0.0,0,0,False,False,2025,9,September
2025-09-27,GAS-02,Pinecrest Peakers,Natural Gas,North Ridge,200,369.7,368.6,1.1,0.3,0.077,100.0,24,0,0,0,0.0,0,0,False,False,2025,9,September
2025-09-28,GAS-02,Pinecrest Peakers,Natural Gas,North Ridge,200,421.7,417.8,3.9,0.9,0.0879,100.0,24,0,0,0,0.0,0,0,False,False,2025,9,September
2025-09-29,GAS-02,Pinecrest Peakers,Natural Gas,North Ridge,200,419.8,420.9,-1.1,-0.3,0.0875,100.0,24,0,0,0,0.0,0,0,False,False,2025,9,September
2025-09-30,GAS-02,Pinecrest Peakers,Natural Gas,North Ridge,200,582.9,577.1,5.8,1.0,0.1214,100.0,24,0,0,0,0.0,0,0,False,False,2025,9,September
2025-10-01,GAS-02,Pinecrest Peakers,Natural Gas,North Ridge,200,502.3,497.5,4.8,1.0,0.1046,100.0,24,0,0,0,0.0,0,0,False,False,2025,10,October
2025-10-02,GAS-02,Pinecrest Peakers,Natural Gas,North Ridge,200,494.6,491.1,3.5,0.7,0.103,100.0,24,0,0,0,0.0,0,0,False,False,2025,10,October
2025-10-03,GAS-02,Pinecrest Peakers,Natural Gas,North Ridge,200,544.2,544.4,-0.2,-0.0,0.1134,100.0,24,0,0,0,0.0,0,0,False,False,2025,10,October
2025-10-04,GAS-02,Pinecrest Peakers,Natural Gas,North Ridge,200,402.7,408.4,-5.7,-1.4,0.0839,100.0,24,0,0,0,0.0,0,0,False,False,2025,10,October
2025-10-05,GAS-02,Pinecrest Peakers,Natural Gas,North Ridge,200,643.1,643.7,-0.6,-0.1,0.134,100.0,24,0,0,0,0.0,0,0,False,False,2025,10,October
2025-10-06,GAS-02,Pinecrest Peakers,Natural Gas,North Ridge,200,0.0,0.0,0.0,0.0,0.0,0.0,0,24,0,24,30568.77,2,0,False,False,2025,10,October
2025-10-07,GAS-02,Pinecrest Peakers,Natural Gas,North Ridge,200,0.0,0.0,0.0,0.0,0.0,0.0,0,24,0,24,35521.48,3,0,False,False,2025,10,October
2025-10-08,GAS-02,Pinecrest Peakers,Natural Gas,North Ridge,200,0.0,0.0,0.0,0.0,0.0,0.0,0,24,0,24,29126.75,3,0,False,False,2025,10,October
2025-10-09,GAS-02,Pinecrest Peakers,Natural Gas,North Ridge,200,0.0,0.0,0.0,0.0,0.0,0.0,0,24,0,24,37099.68,4,0,False,False,2025,10,October
2025-10-10,GAS-02,Pinecrest Peakers,Natural Gas,North Ridge,200,0.0,0.0,0.0,0.0,0.0,0.0,0,24,0,24,32348.13,4,0,False,False,2025,10,October
2025-10-11,GAS-02,Pinecrest Peakers,Natural Gas,North Ridge,200,0.0,0.0,0.0,0.0,0.0,0.0,0,24,0,24,27109.37,3,0,False,False,2025,10,October
2025-10-12,GAS-02,Pinecrest Peakers,Natural Gas,North Ridge,200,0.0,0.0,0.0,0.0,0.0,0.0,0,24,0,24,28900.05,3,0,False,False,2025,10,October
2025-10-13,GAS-02,Pinecrest Peakers,Natural Gas,North Ridge,200,0.0,0.0,0.0,0.0,0.0,0.0,0,24,0,24,36875.59,2,0,False,False,2025,10,October
2025-10-14,GAS-02,Pinecrest Peakers,Natural Gas,North Ridge,200,560.6,559.2,1.4,0.3,0.1168,100.0,24,0,0,0,0.0,0,0,False,False,2025,10,October
2025-10-15,GAS-02,Pinecrest Peakers,Natural Gas,North Ridge,200,379.8,375.1,4.7,1.3,0.0791,100.0,24,0,0,0,0.0,0,0,False,False,2025,10,October
2025-10-16,GAS-02,Pinecrest Peakers,Natural Gas,North Ridge,200,577.9,578.7,-0.8,-0.1,0.1204,100.0,24,0,0,0,0.0,0,0,False,False,2025,10,October
2025-10-17,GAS-02,Pinecrest Peakers,Natural Gas,North Ridge,200,510.5,522.2,-11.7,-2.2,0.1064,100.0,24,0,0,0,0.0,0,0,False,False,2025,10,October
2025-10-18,GAS-02,Pinecrest Peakers,Natural Gas,North Ridge,200,3861.1,3830.2,30.9,0.8,0.8044,100.0,24,0,0,0,0.0,0,0,False,False,2025,10,October
2025-10-19,GAS-02,Pinecrest Peakers,Natural Gas,North Ridge,200,467.7,471.4,-3.7,-0.8,0.0974,100.0,24,0,0,0,0.0,0,0,False,False,2025,10,October
2025-10-20,GAS-02,Pinecrest Peakers,Natural Gas,North Ridge,200,412.5,414.1,-1.6,-0.4,0.0859,100.0,24,0,0,0,0.0,0,0,False,False,2025,10,October
2025-10-21,GAS-02,Pinecrest Peakers,Natural Gas,North Ridge,200,515.3,521.9,-6.6,-1.3,0.1074,100.0,24,0,0,0,0.0,0,0,False,False,2025,10,October
2025-10-22,GAS-02,Pinecrest Peakers,Natural Gas,North Ridge,200,707.2,706.5,0.7,0.1,0.1473,100.0,24,0,0,0,0.0,0,0,False,False,2025,10,October
2025-10-23,GAS-02,Pinecrest Peakers,Natural Gas,North Ridge,200,441.1,435.5,5.6,1.3,0.0919,100.0,24,0,0,0,0.0,0,0,False,False,2025,10,October
2025-10-24,GAS-02,Pinecrest Peakers,Natural Gas,North Ridge,200,550.1,544.1,6.0,1.1,0.1146,100.0,24,0,0,0,0.0,0,0,False,False,2025,10,October
2025-10-25,GAS-02,Pinecrest Peakers,Natural Gas,North Ridge,200,492.1,482.9,9.2,1.9,0.1025,100.0,24,0,0,0,0.0,0,0,False,False,2025,10,October
2025-10-26,GAS-02,Pinecrest Peakers,Natural Gas,North Ridge,200,492.9,482.9,10.0,2.1,0.1027,100.0,24,0,0,0,0.0,0,0,False,False,2025,10,October
2025-10-27,GAS-02,Pinecrest Peakers,Natural Gas,North Ridge,200,448.9,460.2,-11.3,-2.5,0.0935,100.0,24,0,0,0,0.0,0,0,False,False,2025,10,October
2025-10-28,GAS-02,Pinecrest Peakers,Natural Gas,North Ridge,200,371.7,377.1,-5.4,-1.4,0.0774,100.0,24,0,0,0,0.0,0,0,False,False,2025,10,October
2025-10-29,GAS-02,Pinecrest Peakers,Natural Gas,North Ridge,200,508.9,520.2,-11.3,-2.2,0.106,100.0,24,0,0,0,0.0,0,0,False,False,2025,10,October
2025-10-30,GAS-02,Pinecrest Peakers,Natural Gas,North Ridge,200,448.7,445.4,3.3,0.7,0.0935,100.0,24,0,0,0,0.0,0,0,False,False,2025,10,October
2025-10-31,GAS-02,Pinecrest Peakers,Natural Gas,North Ridge,200,368.3,371.4,-3.1,-0.8,0.0767,100.0,24,0,0,0,0.0,0,0,False,False,2025,10,October
2025-11-01,GAS-02,Pinecrest Peakers,Natural Gas,North Ridge,200,598.2,601.7,-3.5,-0.6,0.1246,100.0,24,0,0,0,0.0,0,0,False,False,2025,11,November
2025-11-02,GAS-02,Pinecrest Peakers,Natural Gas,North Ridge,200,490.6,491.9,-1.3,-0.3,0.1022,100.0,24,0,0,0,0.0,0,0,False,False,2025,11,November
2025-11-03,GAS-02,Pinecrest Peakers,Natural Gas,North Ridge,200,454.7,452.6,2.1,0.5,0.0947,100.0,24,0,0,0,0.0,0,0,False,False,2025,11,November
2025-11-04,GAS-02,Pinecrest Peakers,Natural Gas,North Ridge,200,629.4,640.8,-11.4,-1.8,0.1311,100.0,24,0,0,0,0.0,0,0,False,False,2025,11,November
2025-11-05,GAS-02,Pinecrest Peakers,Natural Gas,North Ridge,200,255.7,259.7,-4.0,-1.5,0.0533,100.0,24,0,0,0,0.0,0,0,False,False,2025,11,November
2025-11-06,GAS-02,Pinecrest Peakers,Natural Gas,North Ridge,200,632.7,632.7,0.0,0.0,0.1318,100.0,24,0,0,0,0.0,0,0,False,False,2025,11,November
2025-11-07,GAS-02,Pinecrest Peakers,Natural Gas,North Ridge,200,379.8,374.4,5.4,1.4,0.0791,100.0,24,0,0,0,0.0,0,0,False,False,2025,11,November
2025-11-08,GAS-02,Pinecrest Peakers,Natural Gas,North Ridge,200,505.2,505.4,-0.2,-0.0,0.1052,100.0,24,0,0,0,0.0,0,0,False,False,2025,11,November
2025-11-09,GAS-02,Pinecrest Peakers,Natural Gas,North Ridge,200,405.5,409.4,-3.9,-1.0,0.0845,100.0,24,0,0,0,0.0,0,0,False,False,2025,11,November
2025-11-10,GAS-02,Pinecrest Peakers,Natural Gas,North Ridge,200,359.7,369.2,-9.5,-2.6,0.0749,100.0,24,0,0,0,0.0,0,0,False,False,2025,11,November
2025-11-11,GAS-02,Pinecrest Peakers,Natural Gas,North Ridge,200,645.0,637.7,7.3,1.1,0.1344,100.0,24,0,0,0,0.0,0,0,False,False,2025,11,November
2025-11-12,GAS-02,Pinecrest Peakers,Natural Gas,North Ridge,200,696.5,702.7,-6.2,-0.9,0.1451,100.0,24,0,0,0,0.0,0,0,False,False,2025,11,November
2025-11-13,GAS-02,Pinecrest Peakers,Natural Gas,North Ridge,200,447.2,453.5,-6.3,-1.4,0.0932,100.0,24,0,0,0,0.0,0,0,False,False,2025,11,November
2025-11-14,GAS-02,Pinecrest Peakers,Natural Gas,North Ridge,200,509.5,520.3,-10.8,-2.1,0.1061,100.0,24,0,0,0,0.0,0,0,False,False,2025,11,November
2025-11-15,GAS-02,Pinecrest Peakers,Natural Gas,North Ridge,200,478.4,486.8,-8.4,-1.7,0.0997,100.0,24,0,0,0,0.0,0,0,False,False,2025,11,November
2025-11-16,GAS-02,Pinecrest Peakers,Natural Gas,North Ridge,200,679.7,687.7,-8.0,-1.2,0.1416,100.0,24,0,0,0,0.0,0,0,False,False,2025,11,November
2025-11-17,GAS-02,Pinecrest Peakers,Natural Gas,North Ridge,200,225.8,226.4,-0.6,-0.3,0.047,100.0,24,0,0,0,0.0,0,0,False,False,2025,11,November
2025-11-18,GAS-02,Pinecrest Peakers,Natural Gas,North Ridge,200,517.6,525.3,-7.7,-1.5,0.1078,100.0,24,0,0,0,0.0,0,0,False,False,2025,11,November
2025-11-19,GAS-02,Pinecrest Peakers,Natural Gas,North Ridge,200,393.6,392.7,0.9,0.2,0.082,100.0,24,0,0,0,0.0,0,0,False,False,2025,11,November
2025-11-20,GAS-02,Pinecrest Peakers,Natural Gas,North Ridge,200,196.7,197.3,-0.6,-0.3,0.041,100.0,24,0,0,0,0.0,0,0,False,False,2025,11,November
2025-11-21,GAS-02,Pinecrest Peakers,Natural Gas,North Ridge,200,448.4,436.7,11.7,2.7,0.0934,100.0,24,0,0,0,0.0,0,0,False,False,2025,11,November
2025-11-22,GAS-02,Pinecrest Peakers,Natural Gas,North Ridge,200,687.4,701.8,-14.4,-2.1,0.1432,100.0,24,0,0,0,0.0,0,0,False,False,2025,11,November
2025-11-23,GAS-02,Pinecrest Peakers,Natural Gas,North Ridge,200,402.1,401.3,0.8,0.2,0.0838,100.0,24,0,0,0,0.0,0,0,False,False,2025,11,November
2025-11-24,GAS-02,Pinecrest Peakers,Natural Gas,North Ridge,200,576.1,574.9,1.2,0.2,0.12,100.0,24,0,0,0,0.0,0,0,False,False,2025,11,November
2025-11-25,GAS-02,Pinecrest Peakers,Natural Gas,North Ridge,200,616.1,623.8,-7.7,-1.2,0.1284,100.0,24,0,0,0,0.0,0,0,False,False,2025,11,November
2025-11-26,GAS-02,Pinecrest Peakers,Natural Gas,North Ridge,200,479.0,478.5,0.5,0.1,0.0998,100.0,24,0,0,0,0.0,0,0,False,False,2025,11,November
2025-11-27,GAS-02,Pinecrest Peakers,Natural Gas,North Ridge,200,499.0,494.5,4.5,0.9,0.104,100.0,24,0,0,0,0.0,0,0,False,False,2025,11,November
2025-11-28,GAS-02,Pinecrest Peakers,Natural Gas,North Ridge,200,274.4,274.0,0.4,0.1,0.0572,100.0,24,0,0,0,0.0,0,0,False,False,2025,11,November
2025-11-29,GAS-02,Pinecrest Peakers,Natural Gas,North Ridge,200,400.6,394.1,6.5,1.6,0.0835,100.0,24,0,0,0,0.0,0,0,False,False,2025,11,November
2025-11-30,GAS-02,Pinecrest Peakers,Natural Gas,North Ridge,200,573.5,588.8,-15.3,-2.6,0.1195,100.0,24,0,0,0,0.0,0,0,False,False,2025,11,November
2025-12-01,GAS-02,Pinecrest Peakers,Natural Gas,North Ridge,200,482.4,487.3,-4.9,-1.0,0.1005,100.0,24,0,0,0,0.0,0,0,False,False,2025,12,December
2025-12-02,GAS-02,Pinecrest Peakers,Natural Gas,North Ridge,200,533.4,524.1,9.3,1.8,0.1111,100.0,24,0,0,0,0.0,0,0,False,False,2025,12,December
2025-12-03,GAS-02,Pinecrest Peakers,Natural Gas,North Ridge,200,501.4,496.0,5.4,1.1,0.1045,100.0,24,0,0,0,0.0,0,0,False,False,2025,12,December
2025-12-04,GAS-02,Pinecrest Peakers,Natural Gas,North Ridge,200,747.9,743.0,4.9,0.7,0.1558,100.0,24,0,0,0,0.0,0,0,False,False,2025,12,December
2025-12-05,GAS-02,Pinecrest Peakers,Natural Gas,North Ridge,200,434.7,428.3,6.4,1.5,0.0906,100.0,24,0,0,0,0.0,0,0,False,False,2025,12,December
2025-12-06,GAS-02,Pinecrest Peakers,Natural Gas,North Ridge,200,657.2,672.6,-15.4,-2.3,0.1369,100.0,24,0,0,0,0.0,0,0,False,False,2025,12,December
2025-12-07,GAS-02,Pinecrest Peakers,Natural Gas,North Ridge,200,500.8,496.0,4.8,1.0,0.1043,100.0,24,0,0,0,0.0,0,0,False,False,2025,12,December
2025-12-08,GAS-02,Pinecrest Peakers,Natural Gas,North Ridge,200,692.0,683.3,8.7,1.3,0.1442,100.0,24,0,0,0,0.0,0,0,False,False,2025,12,December
2025-12-09,GAS-02,Pinecrest Peakers,Natural Gas,North Ridge,200,330.4,333.0,-2.6,-0.8,0.0688,100.0,24,0,0,0,0.0,0,0,False,False,2025,12,December
2025-12-10,GAS-02,Pinecrest Peakers,Natural Gas,North Ridge,200,518.0,502.2,15.8,3.1,0.1079,100.0,24,0,0,0,0.0,0,0,False,False,2025,12,December
2025-12-11,GAS-02,Pinecrest Peakers,Natural Gas,North Ridge,200,433.8,432.8,1.0,0.2,0.0904,100.0,24,0,0,0,0.0,0,0,False,False,2025,12,December
2025-12-12,GAS-02,Pinecrest Peakers,Natural Gas,North Ridge,200,483.7,496.7,-13.0,-2.6,0.1008,100.0,24,0,0,0,0.0,0,0,False,False,2025,12,December
2025-12-13,GAS-02,Pinecrest Peakers,Natural Gas,North Ridge,200,629.6,626.7,2.9,0.5,0.1312,100.0,24,0,0,0,0.0,0,0,False,False,2025,12,December
2025-12-14,GAS-02,Pinecrest Peakers,Natural Gas,North Ridge,200,520.9,525.5,-4.6,-0.9,0.1085,100.0,24,0,0,0,0.0,0,0,False,False,2025,12,December
2025-12-15,GAS-02,Pinecrest Peakers,Natural Gas,North Ridge,200,635.2,626.4,8.8,1.4,0.1323,100.0,24,0,0,0,0.0,0,0,False,False,2025,12,December
2025-12-16,GAS-02,Pinecrest Peakers,Natural Gas,North Ridge,200,3273.5,3252.2,21.3,0.7,0.682,100.0,24,0,0,0,0.0,0,0,False,False,2025,12,December
2025-12-17,GAS-02,Pinecrest Peakers,Natural Gas,North Ridge,200,378.5,381.3,-2.8,-0.7,0.0789,100.0,24,0,0,0,0.0,0,0,False,False,2025,12,December
2025-12-18,GAS-02,Pinecrest Peakers,Natural Gas,North Ridge,200,490.6,481.9,8.7,1.8,0.1022,100.0,24,0,0,0,0.0,0,0,False,False,2025,12,December
2025-12-19,GAS-02,Pinecrest Peakers,Natural Gas,North Ridge,200,480.7,475.4,5.3,1.1,0.1001,100.0,24,0,0,0,0.0,0,0,False,False,2025,12,December
2025-12-20,GAS-02,Pinecrest Peakers,Natural Gas,North Ridge,200,453.1,457.7,-4.6,-1.0,0.0944,100.0,24,0,0,0,0.0,0,0,False,False,2025,12,December
2025-12-21,GAS-02,Pinecrest Peakers,Natural Gas,North Ridge,200,364.3,365.0,-0.7,-0.2,0.0759,100.0,24,0,0,0,0.0,0,0,False,False,2025,12,December
2025-12-22,GAS-02,Pinecrest Peakers,Natural Gas,North Ridge,200,2736.2,2719.3,16.9,0.6,0.57,100.0,24,0,0,0,0.0,0,0,False,False,2025,12,December
2025-12-23,GAS-02,Pinecrest Peakers,Natural Gas,North Ridge,200,434.6,436.5,-1.9,-0.4,0.0905,100.0,24,0,0,0,0.0,0,0,False,False,2025,12,December
2025-12-24,GAS-02,Pinecrest Peakers,Natural Gas,North Ridge,200,648.5,651.1,-2.6,-0.4,0.1351,100.0,24,0,0,0,0.0,0,0,False,False,2025,12,December
2025-12-25,GAS-02,Pinecrest Peakers,Natural Gas,North Ridge,200,481.7,481.5,0.2,0.0,0.1004,100.0,24,0,0,0,0.0,0,0,False,False,2025,12,December
2025-12-26,GAS-02,Pinecrest Peakers,Natural Gas,North Ridge,200,252.4,255.7,-3.3,-1.3,0.0526,45.8,11,13,0,13,34575.18,1,0,False,False,2025,12,December
2025-12-27,GAS-02,Pinecrest Peakers,Natural Gas,North Ridge,200,532.3,546.9,-14.6,-2.7,0.1109,100.0,24,0,0,0,0.0,0,0,False,False,2025,12,December
2025-12-28,GAS-02,Pinecrest Peakers,Natural Gas,North Ridge,200,382.2,381.1,1.1,0.3,0.0796,100.0,24,0,0,0,0.0,0,0,False,False,2025,12,December
2025-12-29,GAS-02,Pinecrest Peakers,Natural Gas,North Ridge,200,511.6,524.1,-12.5,-2.4,0.1066,100.0,24,0,0,0,0.0,0,0,False,False,2025,12,December
2025-12-30,GAS-02,Pinecrest Peakers,Natural Gas,North Ridge,200,702.9,711.4,-8.5,-1.2,0.1464,100.0,24,0,0,0,0.0,0,0,False,False,2025,12,December
2025-12-31,GAS-02,Pinecrest Peakers,Natural Gas,North Ridge,200,499.3,510.2,-10.9,-2.1,0.104,100.0,24,0,0,0,0.0,0,0,False,False,2025,12,December
2025-01-01,SOL-01,Horizon Flats Solar,Solar,High Desert,180,699.0,742.9,-43.9,-5.9,0.1618,100.0,24,0,0,0,0.0,0,0,False,False,2025,1,January
2025-01-02,SOL-01,Horizon Flats Solar,Solar,High Desert,180,786.5,744.5,42.0,5.6,0.1821,100.0,24,0,0,0,0.0,0,0,False,False,2025,1,January
2025-01-03,SOL-01,Horizon Flats Solar,Solar,High Desert,180,764.6,746.2,18.4,2.5,0.177,100.0,24,0,0,0,0.0,0,0,False,False,2025,1,January
2025-01-04,SOL-01,Horizon Flats Solar,Solar,High Desert,180,692.4,748.0,-55.6,-7.4,0.1603,100.0,24,0,0,0,0.0,0,0,False,False,2025,1,January
2025-01-05,SOL-01,Horizon Flats Solar,Solar,High Desert,180,637.0,750.0,-113.0,-15.1,0.1475,100.0,24,0,0,0,0.0,0,0,False,False,2025,1,January
2025-01-06,SOL-01,Horizon Flats Solar,Solar,High Desert,180,806.8,752.1,54.7,7.3,0.1868,100.0,24,0,0,0,0.0,0,0,False,False,2025,1,January
2025-01-07,SOL-01,Horizon Flats Solar,Solar,High Desert,180,727.3,754.4,-27.1,-3.6,0.1684,100.0,24,0,0,0,0.0,0,0,False,False,2025,1,January
2025-01-08,SOL-01,Horizon Flats Solar,Solar,High Desert,180,702.0,756.7,-54.7,-7.2,0.1625,100.0,24,0,0,0,0.0,0,0,False,False,2025,1,January
2025-01-09,SOL-01,Horizon Flats Solar,Solar,High Desert,180,748.1,759.2,-11.1,-1.5,0.1732,100.0,24,0,0,0,0.0,0,0,False,False,2025,1,January
2025-01-10,SOL-01,Horizon Flats Solar,Solar,High Desert,180,814.5,761.8,52.7,6.9,0.1885,100.0,24,0,0,0,0.0,0,0,False,False,2025,1,January
2025-01-11,SOL-01,Horizon Flats Solar,Solar,High Desert,180,636.7,764.6,-127.9,-16.7,0.1474,100.0,24,0,0,0,0.0,0,0,False,False,2025,1,January
2025-01-12,SOL-01,Horizon Flats Solar,Solar,High Desert,180,831.3,767.5,63.8,8.3,0.1924,100.0,24,0,0,0,0.0,0,0,False,False,2025,1,January
2025-01-13,SOL-01,Horizon Flats Solar,Solar,High Desert,180,585.9,770.4,-184.5,-23.9,0.1356,100.0,24,0,0,0,0.0,0,0,False,False,2025,1,January
2025-01-14,SOL-01,Horizon Flats Solar,Solar,High Desert,180,753.4,773.6,-20.2,-2.6,0.1744,100.0,24,0,0,0,0.0,0,0,False,False,2025,1,January
2025-01-15,SOL-01,Horizon Flats Solar,Solar,High Desert,180,784.8,776.8,8.0,1.0,0.1817,100.0,24,0,0,0,0.0,0,0,False,False,2025,1,January
2025-01-16,SOL-01,Horizon Flats Solar,Solar,High Desert,180,859.1,780.1,79.0,10.1,0.1989,100.0,24,0,0,0,0.0,0,0,False,False,2025,1,January
2025-01-17,SOL-01,Horizon Flats Solar,Solar,High Desert,180,821.2,783.6,37.6,4.8,0.1901,100.0,24,0,0,0,0.0,0,0,False,False,2025,1,January
2025-01-18,SOL-01,Horizon Flats Solar,Solar,High Desert,180,784.7,787.2,-2.5,-0.3,0.1816,100.0,24,0,0,0,0.0,0,0,False,False,2025,1,January
2025-01-19,SOL-01,Horizon Flats Solar,Solar,High Desert,180,800.7,790.9,9.8,1.2,0.1853,100.0,24,0,0,0,0.0,0,0,False,False,2025,1,January
2025-01-20,SOL-01,Horizon Flats Solar,Solar,High Desert,180,864.5,794.7,69.8,8.8,0.2001,100.0,24,0,0,0,0.0,0,0,False,False,2025,1,January
2025-01-21,SOL-01,Horizon Flats Solar,Solar,High Desert,180,715.7,798.7,-83.0,-10.4,0.1657,100.0,24,0,0,0,0.0,0,0,False,False,2025,1,January
2025-01-22,SOL-01,Horizon Flats Solar,Solar,High Desert,180,848.1,802.7,45.4,5.7,0.1963,100.0,24,0,0,0,0.0,0,0,False,False,2025,1,January
2025-01-23,SOL-01,Horizon Flats Solar,Solar,High Desert,180,701.6,806.9,-105.3,-13.0,0.1624,100.0,24,0,0,0,0.0,0,0,False,False,2025,1,January
2025-01-24,SOL-01,Horizon Flats Solar,Solar,High Desert,180,472.0,811.2,-339.2,-41.8,0.1093,100.0,24,0,0,0,0.0,0,0,False,False,2025,1,January
2025-01-25,SOL-01,Horizon Flats Solar,Solar,High Desert,180,806.6,815.5,-8.9,-1.1,0.1867,100.0,24,0,0,0,0.0,0,0,False,False,2025,1,January
2025-01-26,SOL-01,Horizon Flats Solar,Solar,High Desert,180,767.6,820.0,-52.4,-6.4,0.1777,100.0,24,0,0,0,0.0,0,0,False,False,2025,1,January
2025-01-27,SOL-01,Horizon Flats Solar,Solar,High Desert,180,841.2,824.6,16.6,2.0,0.1947,100.0,24,0,0,0,0.0,0,0,False,False,2025,1,January
2025-01-28,SOL-01,Horizon Flats Solar,Solar,High Desert,180,909.9,829.3,80.6,9.7,0.2106,100.0,24,0,0,0,0.0,0,0,False,False,2025,1,January
2025-01-29,SOL-01,Horizon Flats Solar,Solar,High Desert,180,851.9,834.1,17.8,2.1,0.1972,100.0,24,0,0,0,0.0,0,0,False,False,2025,1,January
2025-01-30,SOL-01,Horizon Flats Solar,Solar,High Desert,180,803.6,839.1,-35.5,-4.2,0.186,100.0,24,0,0,0,0.0,0,0,False,False,2025,1,January
2025-01-31,SOL-01,Horizon Flats Solar,Solar,High Desert,180,879.5,844.1,35.4,4.2,0.2036,100.0,24,0,0,0,0.0,0,0,False,False,2025,1,January
2025-02-01,SOL-01,Horizon Flats Solar,Solar,High Desert,180,883.0,849.2,33.8,4.0,0.2044,100.0,24,0,0,0,0.0,0,0,False,False,2025,2,February
2025-02-02,SOL-01,Horizon Flats Solar,Solar,High Desert,180,520.8,569.6,-48.8,-8.6,0.1206,66.7,16,8,0,8,7399.8,1,0,False,False,2025,2,February
2025-02-03,SOL-01,Horizon Flats Solar,Solar,High Desert,180,770.5,859.7,-89.2,-10.4,0.1784,100.0,24,0,0,0,0.0,0,0,False,False,2025,2,February
2025-02-04,SOL-01,Horizon Flats Solar,Solar,High Desert,180,818.8,865.1,-46.3,-5.4,0.1895,100.0,24,0,0,0,0.0,0,0,False,False,2025,2,February
2025-02-05,SOL-01,Horizon Flats Solar,Solar,High Desert,180,868.4,870.6,-2.2,-0.3,0.201,100.0,24,0,0,0,0.0,0,0,False,False,2025,2,February
2025-02-06,SOL-01,Horizon Flats Solar,Solar,High Desert,180,821.6,876.2,-54.6,-6.2,0.1902,100.0,24,0,0,0,0.0,0,0,False,False,2025,2,February
2025-02-07,SOL-01,Horizon Flats Solar,Solar,High Desert,180,825.1,881.9,-56.8,-6.4,0.191,100.0,24,0,0,0,0.0,0,0,False,False,2025,2,February
2025-02-08,SOL-01,Horizon Flats Solar,Solar,High Desert,180,870.0,887.7,-17.7,-2.0,0.2014,100.0,24,0,0,0,0.0,0,0,False,False,2025,2,February
2025-02-09,SOL-01,Horizon Flats Solar,Solar,High Desert,180,961.1,893.5,67.6,7.6,0.2225,100.0,24,0,0,0,0.0,0,0,False,False,2025,2,February
2025-02-10,SOL-01,Horizon Flats Solar,Solar,High Desert,180,930.6,899.5,31.1,3.5,0.2154,100.0,24,0,0,0,0.0,0,0,False,False,2025,2,February
2025-02-11,SOL-01,Horizon Flats Solar,Solar,High Desert,180,981.5,905.5,76.0,8.4,0.2272,100.0,24,0,0,0,0.0,0,0,False,False,2025,2,February
2025-02-12,SOL-01,Horizon Flats Solar,Solar,High Desert,180,861.1,911.6,-50.5,-5.5,0.1993,87.5,21,0,3,3,4689.9,1,0,False,False,2025,2,February
2025-02-13,SOL-01,Horizon Flats Solar,Solar,High Desert,180,929.9,917.8,12.1,1.3,0.2153,100.0,24,0,0,0,0.0,0,0,False,False,2025,2,February
2025-02-14,SOL-01,Horizon Flats Solar,Solar,High Desert,180,932.1,924.0,8.1,0.9,0.2158,100.0,24,0,0,0,0.0,0,0,False,False,2025,2,February
2025-02-15,SOL-01,Horizon Flats Solar,Solar,High Desert,180,936.3,930.4,5.9,0.6,0.2167,100.0,24,0,0,0,0.0,0,0,False,False,2025,2,February
2025-02-16,SOL-01,Horizon Flats Solar,Solar,High Desert,180,1037.1,936.8,100.3,10.7,0.2401,100.0,24,0,0,0,0.0,0,0,False,False,2025,2,February
2025-02-17,SOL-01,Horizon Flats Solar,Solar,High Desert,180,913.0,943.3,-30.3,-3.2,0.2113,100.0,24,0,0,0,0.0,0,0,False,False,2025,2,February
2025-02-18,SOL-01,Horizon Flats Solar,Solar,High Desert,180,895.8,949.9,-54.1,-5.7,0.2074,100.0,24,0,0,0,0.0,0,0,False,False,2025,2,February
2025-02-19,SOL-01,Horizon Flats Solar,Solar,High Desert,180,965.6,956.5,9.1,1.0,0.2235,100.0,24,0,0,0,0.0,0,0,False,False,2025,2,February
2025-02-20,SOL-01,Horizon Flats Solar,Solar,High Desert,180,1057.6,963.2,94.4,9.8,0.2448,100.0,24,0,0,0,0.0,0,0,False,False,2025,2,February
2025-02-21,SOL-01,Horizon Flats Solar,Solar,High Desert,180,1050.4,970.0,80.4,8.3,0.2431,100.0,24,0,0,0,0.0,0,0,False,False,2025,2,February
2025-02-22,SOL-01,Horizon Flats Solar,Solar,High Desert,180,832.7,976.8,-144.1,-14.8,0.1928,100.0,24,0,0,0,0.0,0,0,False,False,2025,2,February
2025-02-23,SOL-01,Horizon Flats Solar,Solar,High Desert,180,991.3,983.7,7.6,0.8,0.2295,100.0,24,0,0,0,0.0,0,0,False,False,2025,2,February
2025-02-24,SOL-01,Horizon Flats Solar,Solar,High Desert,180,783.8,990.6,-206.8,-20.9,0.1814,100.0,24,0,0,0,0.0,0,0,False,False,2025,2,February
2025-02-25,SOL-01,Horizon Flats Solar,Solar,High Desert,180,929.5,997.6,-68.1,-6.8,0.2152,100.0,24,0,0,0,0.0,0,0,False,False,2025,2,February
2025-02-26,SOL-01,Horizon Flats Solar,Solar,High Desert,180,997.1,1004.7,-7.6,-0.8,0.2308,100.0,24,0,0,0,0.0,0,0,False,False,2025,2,February
2025-02-27,SOL-01,Horizon Flats Solar,Solar,High Desert,180,1030.7,1011.8,18.9,1.9,0.2386,100.0,24,0,0,0,0.0,0,0,False,False,2025,2,February
2025-02-28,SOL-01,Horizon Flats Solar,Solar,High Desert,180,796.2,1018.9,-222.7,-21.9,0.1843,100.0,24,0,0,0,0.0,0,0,False,False,2025,2,February
2025-03-01,SOL-01,Horizon Flats Solar,Solar,High Desert,180,1048.6,1026.2,22.4,2.2,0.2427,100.0,24,0,0,0,0.0,0,0,False,False,2025,3,March
2025-03-02,SOL-01,Horizon Flats Solar,Solar,High Desert,180,1016.1,1033.4,-17.3,-1.7,0.2352,100.0,24,0,0,0,0.0,0,0,False,False,2025,3,March
2025-03-03,SOL-01,Horizon Flats Solar,Solar,High Desert,180,879.3,1040.7,-161.4,-15.5,0.2035,100.0,24,0,0,0,0.0,0,0,False,False,2025,3,March
2025-03-04,SOL-01,Horizon Flats Solar,Solar,High Desert,180,1063.1,1048.0,15.1,1.4,0.2461,100.0,24,0,0,0,0.0,0,0,False,False,2025,3,March
2025-03-05,SOL-01,Horizon Flats Solar,Solar,High Desert,180,1105.0,1055.4,49.6,4.7,0.2558,100.0,24,0,0,0,0.0,0,0,False,False,2025,3,March
2025-03-06,SOL-01,Horizon Flats Solar,Solar,High Desert,180,1169.7,1062.8,106.9,10.1,0.2708,100.0,24,0,0,0,0.0,0,0,False,False,2025,3,March
2025-03-07,SOL-01,Horizon Flats Solar,Solar,High Desert,180,1030.9,1070.3,-39.4,-3.7,0.2386,100.0,24,0,0,0,0.0,0,0,False,False,2025,3,March
2025-03-08,SOL-01,Horizon Flats Solar,Solar,High Desert,180,1039.6,1077.8,-38.2,-3.5,0.2406,100.0,24,0,0,0,0.0,0,0,False,False,2025,3,March
2025-03-09,SOL-01,Horizon Flats Solar,Solar,High Desert,180,1137.4,1085.3,52.1,4.8,0.2633,100.0,24,0,0,0,0.0,0,0,False,False,2025,3,March
2025-03-10,SOL-01,Horizon Flats Solar,Solar,High Desert,180,1120.0,1092.9,27.1,2.5,0.2593,100.0,24,0,0,0,0.0,0,0,False,False,2025,3,March
2025-03-11,SOL-01,Horizon Flats Solar,Solar,High Desert,180,1166.2,1100.4,65.8,6.0,0.27,100.0,24,0,0,0,0.0,0,0,False,False,2025,3,March
2025-03-12,SOL-01,Horizon Flats Solar,Solar,High Desert,180,1108.0,1108.0,0.0,0.0,0.2565,100.0,24,0,0,0,0.0,0,0,True,False,2025,3,March
2025-03-13,SOL-01,Horizon Flats Solar,Solar,High Desert,180,1201.1,1115.6,85.5,7.7,0.278,100.0,24,0,0,0,0.0,0,0,False,False,2025,3,March
2025-03-14,SOL-01,Horizon Flats Solar,Solar,High Desert,180,1077.1,1123.3,-46.2,-4.1,0.2493,100.0,24,0,0,0,0.0,0,0,False,False,2025,3,March
2025-03-15,SOL-01,Horizon Flats Solar,Solar,High Desert,180,1148.7,1130.9,17.8,1.6,0.2659,100.0,24,0,0,0,0.0,0,0,False,False,2025,3,March
2025-03-16,SOL-01,Horizon Flats Solar,Solar,High Desert,180,1191.7,1138.6,53.1,4.7,0.2759,100.0,24,0,0,0,0.0,0,0,False,False,2025,3,March
2025-03-17,SOL-01,Horizon Flats Solar,Solar,High Desert,180,946.4,1146.3,-199.9,-17.4,0.2191,100.0,24,0,0,0,0.0,0,0,False,False,2025,3,March
2025-03-18,SOL-01,Horizon Flats Solar,Solar,High Desert,180,1074.1,1154.0,-79.9,-6.9,0.2486,100.0,24,0,0,0,0.0,0,0,False,False,2025,3,March
2025-03-19,SOL-01,Horizon Flats Solar,Solar,High Desert,180,809.2,1161.7,-352.5,-30.3,0.1873,100.0,24,0,0,0,0.0,0,0,False,False,2025,3,March
2025-03-20,SOL-01,Horizon Flats Solar,Solar,High Desert,180,1202.2,1169.4,32.8,2.8,0.2783,100.0,24,0,0,0,0.0,0,0,False,False,2025,3,March
2025-03-21,SOL-01,Horizon Flats Solar,Solar,High Desert,180,1197.4,1177.1,20.3,1.7,0.2772,100.0,24,0,0,0,0.0,0,0,False,False,2025,3,March
2025-03-22,SOL-01,Horizon Flats Solar,Solar,High Desert,180,1275.5,1184.8,90.7,7.7,0.2953,100.0,24,0,0,0,0.0,0,0,False,False,2025,3,March
2025-03-23,SOL-01,Horizon Flats Solar,Solar,High Desert,180,1263.1,1192.5,70.6,5.9,0.2924,100.0,24,0,0,0,0.0,0,0,False,False,2025,3,March
2025-03-24,SOL-01,Horizon Flats Solar,Solar,High Desert,180,1237.2,1200.3,36.9,3.1,0.2864,100.0,24,0,0,0,0.0,0,0,False,False,2025,3,March
2025-03-25,SOL-01,Horizon Flats Solar,Solar,High Desert,180,1167.9,1208.0,-40.1,-3.3,0.2703,100.0,24,0,0,0,0.0,0,0,False,False,2025,3,March
2025-03-26,SOL-01,Horizon Flats Solar,Solar,High Desert,180,1169.9,1215.7,-45.8,-3.8,0.2708,100.0,24,0,0,0,0.0,0,0,False,False,2025,3,March
2025-03-27,SOL-01,Horizon Flats Solar,Solar,High Desert,180,1220.5,1223.3,-2.8,-0.2,0.2825,100.0,24,0,0,0,0.0,0,0,False,False,2025,3,March
2025-03-28,SOL-01,Horizon Flats Solar,Solar,High Desert,180,1313.1,1231.0,82.1,6.7,0.304,100.0,24,0,0,0,0.0,0,0,False,False,2025,3,March
2025-03-29,SOL-01,Horizon Flats Solar,Solar,High Desert,180,1335.6,1238.7,96.9,7.8,0.3092,100.0,24,0,0,0,0.0,0,0,False,False,2025,3,March
2025-03-30,SOL-01,Horizon Flats Solar,Solar,High Desert,180,1284.5,1246.3,38.2,3.1,0.2973,100.0,24,0,0,0,0.0,0,0,False,False,2025,3,March
2025-03-31,SOL-01,Horizon Flats Solar,Solar,High Desert,180,1200.7,1254.0,-53.3,-4.3,0.2779,100.0,24,0,0,0,0.0,0,0,False,False,2025,3,March
2025-04-01,SOL-01,Horizon Flats Solar,Solar,High Desert,180,1305.5,1261.6,43.9,3.5,0.3022,100.0,24,0,0,0,0.0,0,0,False,False,2025,4,April
2025-04-02,SOL-01,Horizon Flats Solar,Solar,High Desert,180,1294.4,1269.1,25.3,2.0,0.2996,100.0,24,0,0,0,0.0,0,0,False,False,2025,4,April
2025-04-03,SOL-01,Horizon Flats Solar,Solar,High Desert,180,1358.0,1276.7,81.3,6.4,0.3144,100.0,24,0,0,0,0.0,0,0,False,False,2025,4,April
2025-04-04,SOL-01,Horizon Flats Solar,Solar,High Desert,180,1223.3,1284.2,-60.9,-4.7,0.2832,100.0,24,0,0,0,0.0,0,0,False,False,2025,4,April
2025-04-05,SOL-01,Horizon Flats Solar,Solar,High Desert,180,1225.2,1291.7,-66.5,-5.1,0.2836,100.0,24,0,0,0,0.0,0,0,False,False,2025,4,April
2025-04-06,SOL-01,Horizon Flats Solar,Solar,High Desert,180,1299.9,1299.2,0.7,0.1,0.3009,100.0,24,0,0,0,0.0,0,0,False,False,2025,4,April
2025-04-07,SOL-01,Horizon Flats Solar,Solar,High Desert,180,1340.2,1306.6,33.6,2.6,0.3102,100.0,24,0,0,0,0.0,0,0,False,False,2025,4,April
2025-04-08,SOL-01,Horizon Flats Solar,Solar,High Desert,180,1329.2,1314.0,15.2,1.2,0.3077,100.0,24,0,0,0,0.0,0,0,False,False,2025,4,April
2025-04-09,SOL-01,Horizon Flats Solar,Solar,High Desert,180,1348.2,1321.4,26.8,2.0,0.3121,100.0,24,0,0,0,0.0,0,0,False,False,2025,4,April
2025-04-10,SOL-01,Horizon Flats Solar,Solar,High Desert,180,1179.2,1328.7,-149.5,-11.3,0.273,100.0,24,0,0,0,0.0,0,0,False,False,2025,4,April
2025-04-11,SOL-01,Horizon Flats Solar,Solar,High Desert,180,1315.5,1336.0,-20.5,-1.5,0.3045,100.0,24,0,0,0,0.0,0,0,False,False,2025,4,April
2025-04-12,SOL-01,Horizon Flats Solar,Solar,High Desert,180,1341.9,1343.2,-1.3,-0.1,0.3106,100.0,24,0,0,0,0.0,0,0,False,False,2025,4,April
2025-04-13,SOL-01,Horizon Flats Solar,Solar,High Desert,180,1483.9,1350.4,133.5,9.9,0.3435,100.0,24,0,0,0,0.0,0,0,False,False,2025,4,April
2025-04-14,SOL-01,Horizon Flats Solar,Solar,High Desert,180,1447.6,1357.5,90.1,6.6,0.3351,100.0,24,0,0,0,0.0,0,0,False,False,2025,4,April
2025-04-15,SOL-01,Horizon Flats Solar,Solar,High Desert,180,1372.7,1364.6,8.1,0.6,0.3178,100.0,24,0,0,0,0.0,0,0,False,False,2025,4,April
2025-04-16,SOL-01,Horizon Flats Solar,Solar,High Desert,180,1489.8,1371.6,118.2,8.6,0.3449,100.0,24,0,0,0,0.0,0,0,False,False,2025,4,April
2025-04-17,SOL-01,Horizon Flats Solar,Solar,High Desert,180,1425.5,1378.6,46.9,3.4,0.33,100.0,24,0,0,0,0.0,0,0,False,False,2025,4,April
2025-04-18,SOL-01,Horizon Flats Solar,Solar,High Desert,180,1456.0,1385.5,70.5,5.1,0.337,100.0,24,0,0,0,0.0,0,0,False,False,2025,4,April
2025-04-19,SOL-01,Horizon Flats Solar,Solar,High Desert,180,1498.4,1392.3,106.1,7.6,0.3469,100.0,24,0,0,0,0.0,0,0,False,False,2025,4,April
2025-04-20,SOL-01,Horizon Flats Solar,Solar,High Desert,180,1531.6,1399.1,132.5,9.5,0.3545,100.0,24,0,0,0,0.0,0,0,False,False,2025,4,April
2025-04-21,SOL-01,Horizon Flats Solar,Solar,High Desert,180,1421.4,1405.8,15.6,1.1,0.329,100.0,24,0,0,0,0.0,0,0,False,False,2025,4,April
2025-04-22,SOL-01,Horizon Flats Solar,Solar,High Desert,180,1541.0,1412.5,128.5,9.1,0.3567,100.0,24,0,0,0,0.0,0,0,False,False,2025,4,April
2025-04-23,SOL-01,Horizon Flats Solar,Solar,High Desert,180,1323.7,1419.1,-95.4,-6.7,0.3064,100.0,24,0,0,0,0.0,0,0,False,False,2025,4,April
2025-04-24,SOL-01,Horizon Flats Solar,Solar,High Desert,180,1501.9,1425.6,76.3,5.4,0.3477,100.0,24,0,0,0,0.0,0,0,False,False,2025,4,April
2025-04-25,SOL-01,Horizon Flats Solar,Solar,High Desert,180,1466.6,1432.0,34.6,2.4,0.3395,100.0,24,0,0,0,0.0,0,0,False,False,2025,4,April
2025-04-26,SOL-01,Horizon Flats Solar,Solar,High Desert,180,1501.1,1438.4,62.7,4.4,0.3475,100.0,24,0,0,0,0.0,0,0,False,False,2025,4,April
2025-04-27,SOL-01,Horizon Flats Solar,Solar,High Desert,180,1391.0,1444.7,-53.7,-3.7,0.322,100.0,24,0,0,0,0.0,0,0,False,False,2025,4,April
2025-04-28,SOL-01,Horizon Flats Solar,Solar,High Desert,180,1578.8,1450.9,127.9,8.8,0.3655,100.0,24,0,0,0,0.0,0,0,False,False,2025,4,April
2025-04-29,SOL-01,Horizon Flats Solar,Solar,High Desert,180,1560.9,1457.1,103.8,7.1,0.3613,100.0,24,0,0,0,0.0,0,0,False,False,2025,4,April
2025-04-30,SOL-01,Horizon Flats Solar,Solar,High Desert,180,1522.7,1463.1,59.6,4.1,0.3525,100.0,24,0,0,0,0.0,0,0,False,False,2025,4,April
2025-05-01,SOL-01,Horizon Flats Solar,Solar,High Desert,180,1461.2,1469.1,-7.9,-0.5,0.3382,100.0,24,0,0,0,0.0,0,0,False,False,2025,5,May
2025-05-02,SOL-01,Horizon Flats Solar,Solar,High Desert,180,1623.5,1475.0,148.5,10.1,0.3758,100.0,24,0,0,0,0.0,0,0,False,False,2025,5,May
2025-05-03,SOL-01,Horizon Flats Solar,Solar,High Desert,180,1351.5,1480.8,-129.3,-8.7,0.3128,100.0,24,0,0,0,0.0,0,0,False,False,2025,5,May
2025-05-04,SOL-01,Horizon Flats Solar,Solar,High Desert,180,1550.6,1486.5,64.1,4.3,0.3589,100.0,24,0,0,0,0.0,0,0,False,False,2025,5,May
2025-05-05,SOL-01,Horizon Flats Solar,Solar,High Desert,180,1463.3,1492.1,-28.8,-1.9,0.3387,100.0,24,0,0,0,0.0,0,0,False,False,2025,5,May
2025-05-06,SOL-01,Horizon Flats Solar,Solar,High Desert,180,1383.8,1497.7,-113.9,-7.6,0.3203,100.0,24,0,0,0,0.0,0,0,False,False,2025,5,May
2025-05-07,SOL-01,Horizon Flats Solar,Solar,High Desert,180,1561.9,1503.1,58.8,3.9,0.3616,100.0,24,0,0,0,0.0,0,0,False,False,2025,5,May
2025-05-08,SOL-01,Horizon Flats Solar,Solar,High Desert,180,1622.5,1508.5,114.0,7.6,0.3756,100.0,24,0,0,0,0.0,0,0,False,False,2025,5,May
2025-05-09,SOL-01,Horizon Flats Solar,Solar,High Desert,180,1648.1,1513.7,134.4,8.9,0.3815,100.0,24,0,0,0,0.0,0,0,False,False,2025,5,May
2025-05-10,SOL-01,Horizon Flats Solar,Solar,High Desert,180,1537.2,1518.9,18.3,1.2,0.3558,100.0,24,0,0,0,0.0,0,0,False,False,2025,5,May
2025-05-11,SOL-01,Horizon Flats Solar,Solar,High Desert,180,1591.8,1523.9,67.9,4.5,0.3685,100.0,24,0,0,0,0.0,0,0,False,False,2025,5,May
2025-05-12,SOL-01,Horizon Flats Solar,Solar,High Desert,180,1637.4,1528.9,108.5,7.1,0.379,100.0,24,0,0,0,0.0,0,0,False,False,2025,5,May
2025-05-13,SOL-01,Horizon Flats Solar,Solar,High Desert,180,1615.6,1533.7,81.9,5.3,0.374,100.0,24,0,0,0,0.0,0,0,False,False,2025,5,May
2025-05-14,SOL-01,Horizon Flats Solar,Solar,High Desert,180,1643.1,1538.5,104.6,6.8,0.3803,100.0,24,0,0,0,0.0,0,0,False,False,2025,5,May
2025-05-15,SOL-01,Horizon Flats Solar,Solar,High Desert,180,1650.3,1543.1,107.2,6.9,0.382,100.0,24,0,0,0,0.0,0,0,False,False,2025,5,May
2025-05-16,SOL-01,Horizon Flats Solar,Solar,High Desert,180,1532.6,1547.6,-15.0,-1.0,0.3548,100.0,24,0,0,0,0.0,0,0,False,False,2025,5,May
2025-05-17,SOL-01,Horizon Flats Solar,Solar,High Desert,180,1690.8,1552.1,138.7,8.9,0.3914,100.0,24,0,0,0,0.0,0,0,False,False,2025,5,May
2025-05-18,SOL-01,Horizon Flats Solar,Solar,High Desert,180,1654.4,1556.4,98.0,6.3,0.383,100.0,24,0,0,0,0.0,0,0,False,False,2025,5,May
2025-05-19,SOL-01,Horizon Flats Solar,Solar,High Desert,180,1618.2,1560.6,57.6,3.7,0.3746,100.0,24,0,0,0,0.0,0,0,False,False,2025,5,May
2025-05-20,SOL-01,Horizon Flats Solar,Solar,High Desert,180,1450.4,1564.7,-114.3,-7.3,0.3357,100.0,24,0,0,0,0.0,0,0,False,False,2025,5,May
2025-05-21,SOL-01,Horizon Flats Solar,Solar,High Desert,180,1557.9,1568.6,-10.7,-0.7,0.3606,100.0,24,0,0,0,0.0,0,0,False,False,2025,5,May
2025-05-22,SOL-01,Horizon Flats Solar,Solar,High Desert,180,1686.0,1572.5,113.5,7.2,0.3903,100.0,24,0,0,0,0.0,0,0,False,False,2025,5,May
2025-05-23,SOL-01,Horizon Flats Solar,Solar,High Desert,180,1653.7,1576.3,77.4,4.9,0.3828,100.0,24,0,0,0,0.0,0,0,False,False,2025,5,May
2025-05-24,SOL-01,Horizon Flats Solar,Solar,High Desert,180,1588.9,1579.9,9.0,0.6,0.3678,100.0,24,0,0,0,0.0,0,0,False,False,2025,5,May
2025-05-25,SOL-01,Horizon Flats Solar,Solar,High Desert,180,1694.4,1583.4,111.0,7.0,0.3922,100.0,24,0,0,0,0.0,0,0,False,False,2025,5,May
2025-05-26,SOL-01,Horizon Flats Solar,Solar,High Desert,180,1639.9,1586.8,53.1,3.3,0.3796,100.0,24,0,0,0,0.0,0,0,False,False,2025,5,May
2025-05-27,SOL-01,Horizon Flats Solar,Solar,High Desert,180,1619.4,1590.1,29.3,1.8,0.3749,100.0,24,0,0,0,0.0,0,0,False,False,2025,5,May
2025-05-28,SOL-01,Horizon Flats Solar,Solar,High Desert,180,1563.2,1593.2,-30.0,-1.9,0.3619,100.0,24,0,0,0,0.0,0,0,False,False,2025,5,May
2025-05-29,SOL-01,Horizon Flats Solar,Solar,High Desert,180,1521.4,1596.3,-74.9,-4.7,0.3522,100.0,24,0,0,0,0.0,0,0,False,False,2025,5,May
2025-05-30,SOL-01,Horizon Flats Solar,Solar,High Desert,180,1627.7,1599.2,28.5,1.8,0.3768,100.0,24,0,0,0,0.0,0,0,False,False,2025,5,May
2025-05-31,SOL-01,Horizon Flats Solar,Solar,High Desert,180,1604.8,1602.0,2.8,0.2,0.3715,100.0,24,0,0,0,0.0,0,0,False,False,2025,5,May
2025-06-01,SOL-01,Horizon Flats Solar,Solar,High Desert,180,1689.7,1604.6,85.1,5.3,0.3911,100.0,24,0,0,0,0.0,0,0,False,False,2025,6,June
2025-06-02,SOL-01,Horizon Flats Solar,Solar,High Desert,180,1558.0,1607.2,-49.2,-3.1,0.3606,100.0,24,0,0,0,0.0,0,0,False,False,2025,6,June
2025-06-03,SOL-01,Horizon Flats Solar,Solar,High Desert,180,1601.0,1609.6,-8.6,-0.5,0.3706,100.0,24,0,0,0,0.0,0,0,False,False,2025,6,June
2025-06-04,SOL-01,Horizon Flats Solar,Solar,High Desert,180,1766.8,1611.9,154.9,9.6,0.409,100.0,24,0,0,0,0.0,0,0,False,False,2025,6,June
2025-06-05,SOL-01,Horizon Flats Solar,Solar,High Desert,180,1759.4,1614.0,145.4,9.0,0.4073,100.0,24,0,0,0,0.0,0,0,False,False,2025,6,June
2025-06-06,SOL-01,Horizon Flats Solar,Solar,High Desert,180,1290.9,1616.1,-325.2,-20.1,0.2988,100.0,24,0,0,0,0.0,0,0,False,False,2025,6,June
2025-06-07,SOL-01,Horizon Flats Solar,Solar,High Desert,180,1112.8,1011.2,101.6,10.0,0.2576,62.5,15,9,0,9,7775.17,1,0,False,False,2025,6,June
2025-06-08,SOL-01,Horizon Flats Solar,Solar,High Desert,180,1764.3,1619.8,144.5,8.9,0.4084,100.0,24,0,0,0,0.0,0,0,False,False,2025,6,June
2025-06-09,SOL-01,Horizon Flats Solar,Solar,High Desert,180,1002.1,1013.4,-11.3,-1.1,0.232,62.5,15,9,0,9,6849.82,1,0,False,False,2025,6,June
2025-06-10,SOL-01,Horizon Flats Solar,Solar,High Desert,180,1607.7,1622.9,-15.2,-0.9,0.3722,100.0,24,0,0,0,0.0,0,0,False,False,2025,6,June
2025-06-11,SOL-01,Horizon Flats Solar,Solar,High Desert,180,1530.6,1624.3,-93.7,-5.8,0.3543,100.0,24,0,0,0,0.0,0,0,False,False,2025,6,June
2025-06-12,SOL-01,Horizon Flats Solar,Solar,High Desert,180,1504.3,1625.6,-121.3,-7.5,0.3482,100.0,24,0,0,0,0.0,0,0,False,False,2025,6,June
2025-06-13,SOL-01,Horizon Flats Solar,Solar,High Desert,180,1409.1,1626.7,-217.6,-13.4,0.3262,100.0,24,0,0,0,0.0,0,0,False,False,2025,6,June
2025-06-14,SOL-01,Horizon Flats Solar,Solar,High Desert,180,1736.9,1627.7,109.2,6.7,0.4021,100.0,24,0,0,0,0.0,0,0,False,False,2025,6,June
2025-06-15,SOL-01,Horizon Flats Solar,Solar,High Desert,180,1650.9,1628.5,22.4,1.4,0.3822,100.0,24,0,0,0,0.0,0,0,False,False,2025,6,June
2025-06-16,SOL-01,Horizon Flats Solar,Solar,High Desert,180,1728.6,1629.3,99.3,6.1,0.4001,100.0,24,0,0,0,0.0,0,0,False,False,2025,6,June
2025-06-17,SOL-01,Horizon Flats Solar,Solar,High Desert,180,1716.5,1629.9,86.6,5.3,0.3973,100.0,24,0,0,0,0.0,0,0,False,False,2025,6,June
2025-06-18,SOL-01,Horizon Flats Solar,Solar,High Desert,180,1766.1,1630.3,135.8,8.3,0.4088,100.0,24,0,0,0,0.0,0,0,False,False,2025,6,June
2025-06-19,SOL-01,Horizon Flats Solar,Solar,High Desert,180,1253.9,1630.7,-376.8,-23.1,0.2903,100.0,24,0,0,0,0.0,0,0,False,False,2025,6,June
2025-06-20,SOL-01,Horizon Flats Solar,Solar,High Desert,180,1615.1,1630.9,-15.8,-1.0,0.3739,100.0,24,0,0,0,0.0,0,0,False,False,2025,6,June
2025-06-21,SOL-01,Horizon Flats Solar,Solar,High Desert,180,1729.7,1630.9,98.8,6.1,0.4004,100.0,24,0,0,0,0.0,0,0,False,False,2025,6,June
2025-06-22,SOL-01,Horizon Flats Solar,Solar,High Desert,180,1766.9,1630.9,136.0,8.3,0.409,100.0,24,0,0,0,0.0,0,0,False,False,2025,6,June
2025-06-23,SOL-01,Horizon Flats Solar,Solar,High Desert,180,1738.0,1630.7,107.3,6.6,0.4023,100.0,24,0,0,0,0.0,0,0,False,False,2025,6,June
2025-06-24,SOL-01,Horizon Flats Solar,Solar,High Desert,180,1467.0,1630.3,-163.3,-10.0,0.3396,100.0,24,0,0,0,0.0,0,0,False,False,2025,6,June
2025-06-25,SOL-01,Horizon Flats Solar,Solar,High Desert,180,1685.3,1629.9,55.4,3.4,0.3901,100.0,24,0,0,0,0.0,0,0,False,False,2025,6,June
2025-06-26,SOL-01,Horizon Flats Solar,Solar,High Desert,180,1791.6,1629.3,162.3,10.0,0.4147,100.0,24,0,0,0,0.0,0,0,False,False,2025,6,June
2025-06-27,SOL-01,Horizon Flats Solar,Solar,High Desert,180,1287.9,1628.5,-340.6,-20.9,0.2981,100.0,24,0,0,0,0.0,0,0,False,False,2025,6,June
2025-06-28,SOL-01,Horizon Flats Solar,Solar,High Desert,180,1726.0,1627.7,98.3,6.0,0.3995,100.0,24,0,0,0,0.0,0,0,False,False,2025,6,June
2025-06-29,SOL-01,Horizon Flats Solar,Solar,High Desert,180,1704.6,1626.7,77.9,4.8,0.3946,100.0,24,0,0,0,0.0,0,0,False,False,2025,6,June
2025-06-30,SOL-01,Horizon Flats Solar,Solar,High Desert,180,1703.5,1625.6,77.9,4.8,0.3943,100.0,24,0,0,0,0.0,0,0,False,False,2025,6,June
2025-07-01,SOL-01,Horizon Flats Solar,Solar,High Desert,180,1558.7,1624.3,-65.6,-4.0,0.3608,100.0,24,0,0,0,0.0,0,0,False,False,2025,7,July
2025-07-02,SOL-01,Horizon Flats Solar,Solar,High Desert,180,1478.2,1622.9,-144.7,-8.9,0.3422,100.0,24,0,0,0,0.0,0,0,False,False,2025,7,July
2025-07-03,SOL-01,Horizon Flats Solar,Solar,High Desert,180,1659.5,1621.4,38.1,2.3,0.3841,100.0,24,0,0,0,0.0,0,0,False,False,2025,7,July
2025-07-04,SOL-01,Horizon Flats Solar,Solar,High Desert,180,1711.3,1619.8,91.5,5.6,0.3961,100.0,24,0,0,0,0.0,0,0,False,False,2025,7,July
2025-07-05,SOL-01,Horizon Flats Solar,Solar,High Desert,180,1373.2,1618.0,-244.8,-15.1,0.3179,100.0,24,0,0,0,0.0,0,0,False,False,2025,7,July
2025-07-06,SOL-01,Horizon Flats Solar,Solar,High Desert,180,1655.1,1616.1,39.0,2.4,0.3831,100.0,24,0,0,0,0.0,0,0,False,False,2025,7,July
2025-07-07,SOL-01,Horizon Flats Solar,Solar,High Desert,180,1706.8,1614.0,92.8,5.7,0.3951,100.0,24,0,0,0,0.0,0,0,False,False,2025,7,July
2025-07-08,SOL-01,Horizon Flats Solar,Solar,High Desert,180,1361.3,1611.9,-250.6,-15.5,0.3151,100.0,24,0,0,0,0.0,0,0,False,False,2025,7,July
2025-07-09,SOL-01,Horizon Flats Solar,Solar,High Desert,180,1715.2,1609.6,105.6,6.6,0.397,100.0,24,0,0,0,0.0,0,0,False,False,2025,7,July
2025-07-10,SOL-01,Horizon Flats Solar,Solar,High Desert,180,1381.6,1607.2,-225.6,-14.0,0.3198,100.0,24,0,0,0,0.0,0,0,False,False,2025,7,July
2025-07-11,SOL-01,Horizon Flats Solar,Solar,High Desert,180,1227.5,1604.6,-377.1,-23.5,0.2841,100.0,24,0,0,0,0.0,0,0,False,False,2025,7,July
2025-07-12,SOL-01,Horizon Flats Solar,Solar,High Desert,180,1502.1,1602.0,-99.9,-6.2,0.3477,100.0,24,0,0,0,0.0,0,0,False,False,2025,7,July
2025-07-13,SOL-01,Horizon Flats Solar,Solar,High Desert,180,1380.3,1599.2,-218.9,-13.7,0.3195,100.0,24,0,0,0,0.0,0,0,False,False,2025,7,July
2025-07-14,SOL-01,Horizon Flats Solar,Solar,High Desert,180,1480.5,1596.3,-115.8,-7.3,0.3427,100.0,24,0,0,0,0.0,0,0,False,False,2025,7,July
2025-07-15,SOL-01,Horizon Flats Solar,Solar,High Desert,180,1737.7,1593.2,144.5,9.1,0.4022,100.0,24,0,0,0,0.0,0,0,False,False,2025,7,July
2025-07-16,SOL-01,Horizon Flats Solar,Solar,High Desert,180,1745.9,1590.1,155.8,9.8,0.4041,100.0,24,0,0,0,0.0,0,0,False,False,2025,7,July
2025-07-17,SOL-01,Horizon Flats Solar,Solar,High Desert,180,1718.5,1586.8,131.7,8.3,0.3978,100.0,24,0,0,0,0.0,0,0,False,False,2025,7,July
2025-07-18,SOL-01,Horizon Flats Solar,Solar,High Desert,180,1352.6,1583.4,-230.8,-14.6,0.3131,100.0,24,0,0,0,0.0,0,0,False,False,2025,7,July
2025-07-19,SOL-01,Horizon Flats Solar,Solar,High Desert,180,1648.2,1579.9,68.3,4.3,0.3815,100.0,24,0,0,0,0.0,0,0,False,False,2025,7,July
2025-07-20,SOL-01,Horizon Flats Solar,Solar,High Desert,180,1665.9,1576.3,89.6,5.7,0.3856,100.0,24,0,0,0,0.0,0,0,False,False,2025,7,July
2025-07-21,SOL-01,Horizon Flats Solar,Solar,High Desert,180,1701.8,1572.5,129.3,8.2,0.3939,100.0,24,0,0,0,0.0,0,0,False,False,2025,7,July
2025-07-22,SOL-01,Horizon Flats Solar,Solar,High Desert,180,1519.9,1568.6,-48.7,-3.1,0.3518,100.0,24,0,0,0,0.0,0,0,False,False,2025,7,July
2025-07-23,SOL-01,Horizon Flats Solar,Solar,High Desert,180,1549.8,1564.7,-14.9,-1.0,0.3588,100.0,24,0,0,0,0.0,0,0,False,False,2025,7,July
2025-07-24,SOL-01,Horizon Flats Solar,Solar,High Desert,180,1598.9,1560.6,38.3,2.5,0.3701,100.0,24,0,0,0,0.0,0,0,False,False,2025,7,July
2025-07-25,SOL-01,Horizon Flats Solar,Solar,High Desert,180,1516.3,1556.4,-40.1,-2.6,0.351,100.0,24,0,0,0,0.0,0,0,False,False,2025,7,July
2025-07-26,SOL-01,Horizon Flats Solar,Solar,High Desert,180,1418.6,1552.1,-133.5,-8.6,0.3284,100.0,24,0,0,0,0.0,0,0,False,False,2025,7,July
2025-07-27,SOL-01,Horizon Flats Solar,Solar,High Desert,180,1513.8,1547.6,-33.8,-2.2,0.3504,100.0,24,0,0,0,0.0,0,0,False,False,2025,7,July
2025-07-28,SOL-01,Horizon Flats Solar,Solar,High Desert,180,1439.2,1543.1,-103.9,-6.7,0.3331,100.0,24,0,0,0,0.0,0,0,False,False,2025,7,July
2025-07-29,SOL-01,Horizon Flats Solar,Solar,High Desert,180,1370.7,1538.5,-167.8,-10.9,0.3173,100.0,24,0,0,0,0.0,0,0,False,False,2025,7,July
2025-07-30,SOL-01,Horizon Flats Solar,Solar,High Desert,180,1437.9,1533.7,-95.8,-6.2,0.3328,100.0,24,0,0,0,0.0,0,0,False,False,2025,7,July
2025-07-31,SOL-01,Horizon Flats Solar,Solar,High Desert,180,1648.9,1528.9,120.0,7.8,0.3817,100.0,24,0,0,0,0.0,0,0,False,False,2025,7,July
2025-08-01,SOL-01,Horizon Flats Solar,Solar,High Desert,180,1273.3,1523.9,-250.6,-16.4,0.2947,100.0,24,0,0,0,0.0,0,0,False,False,2025,8,August
2025-08-02,SOL-01,Horizon Flats Solar,Solar,High Desert,180,1311.0,1518.9,-207.9,-13.7,0.3035,100.0,24,0,0,0,0.0,0,0,False,False,2025,8,August
2025-08-03,SOL-01,Horizon Flats Solar,Solar,High Desert,180,1647.0,1513.7,133.3,8.8,0.3812,100.0,24,0,0,0,0.0,0,0,False,False,2025,8,August
2025-08-04,SOL-01,Horizon Flats Solar,Solar,High Desert,180,1574.6,1508.5,66.1,4.4,0.3645,100.0,24,0,0,0,0.0,0,0,False,False,2025,8,August
2025-08-05,SOL-01,Horizon Flats Solar,Solar,High Desert,180,1480.5,1503.1,-22.6,-1.5,0.3427,100.0,24,0,0,0,0.0,0,0,False,False,2025,8,August
2025-08-06,SOL-01,Horizon Flats Solar,Solar,High Desert,180,1237.4,1497.7,-260.3,-17.4,0.2864,100.0,24,0,0,0,0.0,0,0,False,False,2025,8,August
2025-08-07,SOL-01,Horizon Flats Solar,Solar,High Desert,180,1610.1,1492.1,118.0,7.9,0.3727,100.0,24,0,0,0,0.0,0,0,False,False,2025,8,August
2025-08-08,SOL-01,Horizon Flats Solar,Solar,High Desert,180,1538.0,1486.5,51.5,3.5,0.356,100.0,24,0,0,0,0.0,0,0,False,False,2025,8,August
2025-08-09,SOL-01,Horizon Flats Solar,Solar,High Desert,180,1304.6,1480.8,-176.2,-11.9,0.302,100.0,24,0,0,0,0.0,0,0,False,False,2025,8,August
2025-08-10,SOL-01,Horizon Flats Solar,Solar,High Desert,180,1329.4,1475.0,-145.6,-9.9,0.3077,100.0,24,0,0,0,0.0,0,0,False,False,2025,8,August
2025-08-11,SOL-01,Horizon Flats Solar,Solar,High Desert,180,1583.5,1469.1,114.4,7.8,0.3666,100.0,24,0,0,0,0.0,0,0,False,False,2025,8,August
2025-08-12,SOL-01,Horizon Flats Solar,Solar,High Desert,180,1432.6,1463.1,-30.5,-2.1,0.3316,100.0,24,0,0,0,0.0,0,0,False,False,2025,8,August
2025-08-13,SOL-01,Horizon Flats Solar,Solar,High Desert,180,1084.3,1457.1,-372.8,-25.6,0.251,100.0,24,0,0,0,0.0,0,0,False,False,2025,8,August
2025-08-14,SOL-01,Horizon Flats Solar,Solar,High Desert,180,1309.3,1450.9,-141.6,-9.8,0.3031,100.0,24,0,0,0,0.0,0,0,False,False,2025,8,August
2025-08-15,SOL-01,Horizon Flats Solar,Solar,High Desert,180,1287.9,1444.7,-156.8,-10.9,0.2981,100.0,24,0,0,0,0.0,0,0,False,False,2025,8,August
2025-08-16,SOL-01,Horizon Flats Solar,Solar,High Desert,180,1377.3,1438.4,-61.1,-4.2,0.3188,100.0,24,0,0,0,0.0,0,0,False,False,2025,8,August
2025-08-17,SOL-01,Horizon Flats Solar,Solar,High Desert,180,1456.1,1432.0,24.1,1.7,0.3371,100.0,24,0,0,0,0.0,0,0,False,False,2025,8,August
2025-08-18,SOL-01,Horizon Flats Solar,Solar,High Desert,180,1414.5,1425.6,-11.1,-0.8,0.3274,100.0,24,0,0,0,0.0,0,0,False,False,2025,8,August
2025-08-19,SOL-01,Horizon Flats Solar,Solar,High Desert,180,1359.0,1419.1,-60.1,-4.2,0.3146,100.0,24,0,0,0,0.0,0,0,False,False,2025,8,August
2025-08-20,SOL-01,Horizon Flats Solar,Solar,High Desert,180,1536.5,1412.5,124.0,8.8,0.3557,100.0,24,0,0,0,0.0,0,0,False,False,2025,8,August
2025-08-21,SOL-01,Horizon Flats Solar,Solar,High Desert,180,1166.2,1405.8,-239.6,-17.0,0.27,100.0,24,0,0,0,0.0,0,0,False,False,2025,8,August
2025-08-22,SOL-01,Horizon Flats Solar,Solar,High Desert,180,1349.1,1399.1,-50.0,-3.6,0.3123,100.0,24,0,0,0,0.0,0,0,False,False,2025,8,August
2025-08-23,SOL-01,Horizon Flats Solar,Solar,High Desert,180,1075.7,1392.3,-316.6,-22.7,0.249,100.0,24,0,0,0,0.0,0,0,False,False,2025,8,August
2025-08-24,SOL-01,Horizon Flats Solar,Solar,High Desert,180,1394.0,1385.5,8.5,0.6,0.3227,100.0,24,0,0,0,0.0,0,0,False,False,2025,8,August
2025-08-25,SOL-01,Horizon Flats Solar,Solar,High Desert,180,870.4,804.2,66.2,8.2,0.2015,58.3,14,10,0,10,8972.97,1,0,False,False,2025,8,August
2025-08-26,SOL-01,Horizon Flats Solar,Solar,High Desert,180,1402.7,1371.6,31.1,2.3,0.3247,100.0,24,0,0,0,0.0,0,0,False,False,2025,8,August
2025-08-27,SOL-01,Horizon Flats Solar,Solar,High Desert,180,1457.0,1364.6,92.4,6.8,0.3373,100.0,24,0,0,0,0.0,0,0,False,False,2025,8,August
2025-08-28,SOL-01,Horizon Flats Solar,Solar,High Desert,180,1453.5,1357.5,96.0,7.1,0.3365,100.0,24,0,0,0,0.0,0,0,False,False,2025,8,August
2025-08-29,SOL-01,Horizon Flats Solar,Solar,High Desert,180,1314.4,1350.4,-36.0,-2.7,0.3043,100.0,24,0,0,0,0.0,0,0,False,False,2025,8,August
2025-08-30,SOL-01,Horizon Flats Solar,Solar,High Desert,180,1383.8,1343.2,40.6,3.0,0.3203,100.0,24,0,0,0,0.0,0,0,False,False,2025,8,August
2025-08-31,SOL-01,Horizon Flats Solar,Solar,High Desert,180,1306.0,1336.0,-30.0,-2.2,0.3023,100.0,24,0,0,0,0.0,0,0,False,False,2025,8,August
2025-09-01,SOL-01,Horizon Flats Solar,Solar,High Desert,180,1239.5,1328.7,-89.2,-6.7,0.2869,100.0,24,0,0,0,0.0,0,0,False,False,2025,9,September
2025-09-02,SOL-01,Horizon Flats Solar,Solar,High Desert,180,1389.1,1321.4,67.7,5.1,0.3216,100.0,24,0,0,0,0.0,0,0,False,False,2025,9,September
2025-09-03,SOL-01,Horizon Flats Solar,Solar,High Desert,180,1375.9,1314.0,61.9,4.7,0.3185,100.0,24,0,0,0,0.0,0,0,False,False,2025,9,September
2025-09-04,SOL-01,Horizon Flats Solar,Solar,High Desert,180,1318.2,1306.6,11.6,0.9,0.3051,100.0,24,0,0,0,0.0,0,0,False,False,2025,9,September
2025-09-05,SOL-01,Horizon Flats Solar,Solar,High Desert,180,1375.4,1299.2,76.2,5.9,0.3184,100.0,24,0,0,0,0.0,0,0,False,False,2025,9,September
2025-09-06,SOL-01,Horizon Flats Solar,Solar,High Desert,180,1281.0,1291.7,-10.7,-0.8,0.2965,100.0,24,0,0,0,0.0,0,0,False,False,2025,9,September
2025-09-07,SOL-01,Horizon Flats Solar,Solar,High Desert,180,1324.7,1284.2,40.5,3.2,0.3066,100.0,24,0,0,0,0.0,0,0,False,False,2025,9,September
2025-09-08,SOL-01,Horizon Flats Solar,Solar,High Desert,180,1227.1,1276.7,-49.6,-3.9,0.2841,100.0,24,0,0,0,0.0,0,0,False,False,2025,9,September
2025-09-09,SOL-01,Horizon Flats Solar,Solar,High Desert,180,1304.6,1269.1,35.5,2.8,0.302,100.0,24,0,0,0,0.0,0,0,False,False,2025,9,September
2025-09-10,SOL-01,Horizon Flats Solar,Solar,High Desert,180,1173.1,1261.6,-88.5,-7.0,0.2716,100.0,24,0,0,0,0.0,0,0,False,False,2025,9,September
2025-09-11,SOL-01,Horizon Flats Solar,Solar,High Desert,180,1258.1,1254.0,4.1,0.3,0.2912,100.0,24,0,0,0,0.0,0,0,False,False,2025,9,September
2025-09-12,SOL-01,Horizon Flats Solar,Solar,High Desert,180,1294.2,1246.3,47.9,3.8,0.2996,100.0,24,0,0,0,0.0,0,0,False,False,2025,9,September
2025-09-13,SOL-01,Horizon Flats Solar,Solar,High Desert,180,1356.3,1238.7,117.6,9.5,0.314,100.0,24,0,0,0,0.0,0,0,False,False,2025,9,September
2025-09-14,SOL-01,Horizon Flats Solar,Solar,High Desert,180,1247.3,1231.0,16.3,1.3,0.2887,100.0,24,0,0,0,0.0,0,0,False,False,2025,9,September
2025-09-15,SOL-01,Horizon Flats Solar,Solar,High Desert,180,1065.7,1223.3,-157.6,-12.9,0.2467,100.0,24,0,0,0,0.0,0,0,False,False,2025,9,September
2025-09-16,SOL-01,Horizon Flats Solar,Solar,High Desert,180,1257.5,1215.7,41.8,3.4,0.2911,100.0,24,0,0,0,0.0,0,0,False,False,2025,9,September
2025-09-17,SOL-01,Horizon Flats Solar,Solar,High Desert,180,1318.7,1208.0,110.7,9.2,0.3053,100.0,24,0,0,0,0.0,0,0,False,False,2025,9,September
2025-09-18,SOL-01,Horizon Flats Solar,Solar,High Desert,180,1271.9,1200.3,71.6,6.0,0.2944,100.0,24,0,0,0,0.0,0,0,False,False,2025,9,September
2025-09-19,SOL-01,Horizon Flats Solar,Solar,High Desert,180,1240.1,1192.5,47.6,4.0,0.2871,100.0,24,0,0,0,0.0,0,0,False,False,2025,9,September
2025-09-20,SOL-01,Horizon Flats Solar,Solar,High Desert,180,1196.9,1184.8,12.1,1.0,0.2771,100.0,24,0,0,0,0.0,0,0,False,False,2025,9,September
2025-09-21,SOL-01,Horizon Flats Solar,Solar,High Desert,180,1022.8,1177.1,-154.3,-13.1,0.2368,100.0,24,0,0,0,0.0,0,0,False,False,2025,9,September
2025-09-22,SOL-01,Horizon Flats Solar,Solar,High Desert,180,959.5,1169.4,-209.9,-17.9,0.2221,100.0,24,0,0,0,0.0,0,0,False,False,2025,9,September
2025-09-23,SOL-01,Horizon Flats Solar,Solar,High Desert,180,1214.9,1161.7,53.2,4.6,0.2812,100.0,24,0,0,0,0.0,0,0,False,False,2025,9,September
2025-09-24,SOL-01,Horizon Flats Solar,Solar,High Desert,180,1160.3,1154.0,6.3,0.5,0.2686,100.0,24,0,0,0,0.0,0,0,False,False,2025,9,September
2025-09-25,SOL-01,Horizon Flats Solar,Solar,High Desert,180,1261.4,1146.3,115.1,10.0,0.292,100.0,24,0,0,0,0.0,0,0,False,False,2025,9,September
2025-09-26,SOL-01,Horizon Flats Solar,Solar,High Desert,180,1132.4,1138.6,-6.2,-0.5,0.2621,100.0,24,0,0,0,0.0,0,0,False,False,2025,9,September
2025-09-27,SOL-01,Horizon Flats Solar,Solar,High Desert,180,1085.4,1130.9,-45.5,-4.0,0.2513,100.0,24,0,0,0,0.0,0,0,False,False,2025,9,September
2025-09-28,SOL-01,Horizon Flats Solar,Solar,High Desert,180,1096.2,1123.3,-27.1,-2.4,0.2538,100.0,24,0,0,0,0.0,0,0,False,False,2025,9,September
2025-09-29,SOL-01,Horizon Flats Solar,Solar,High Desert,180,1113.4,1115.6,-2.2,-0.2,0.2577,100.0,24,0,0,0,0.0,0,0,False,False,2025,9,September
2025-09-30,SOL-01,Horizon Flats Solar,Solar,High Desert,180,1074.8,1108.0,-33.2,-3.0,0.2488,100.0,24,0,0,0,0.0,0,0,False,False,2025,9,September
2025-10-01,SOL-01,Horizon Flats Solar,Solar,High Desert,180,1068.7,1100.4,-31.7,-2.9,0.2474,100.0,24,0,0,0,0.0,0,0,False,False,2025,10,October
2025-10-02,SOL-01,Horizon Flats Solar,Solar,High Desert,180,1190.1,1092.9,97.2,8.9,0.2755,100.0,24,0,0,0,0.0,0,0,False,False,2025,10,October
2025-10-03,SOL-01,Horizon Flats Solar,Solar,High Desert,180,1114.9,1085.3,29.6,2.7,0.2581,100.0,24,0,0,0,0.0,0,0,False,False,2025,10,October
2025-10-04,SOL-01,Horizon Flats Solar,Solar,High Desert,180,1032.5,1077.8,-45.3,-4.2,0.239,100.0,24,0,0,0,0.0,0,0,False,False,2025,10,October
2025-10-05,SOL-01,Horizon Flats Solar,Solar,High Desert,180,1049.2,1070.3,-21.1,-2.0,0.2429,100.0,24,0,0,0,0.0,0,0,False,False,2025,10,October
2025-10-06,SOL-01,Horizon Flats Solar,Solar,High Desert,180,873.1,1062.8,-189.7,-17.8,0.2021,100.0,24,0,0,0,0.0,0,0,False,False,2025,10,October
2025-10-07,SOL-01,Horizon Flats Solar,Solar,High Desert,180,599.1,659.6,-60.5,-9.2,0.1387,62.5,15,9,0,9,8261.48,1,0,False,False,2025,10,October
2025-10-08,SOL-01,Horizon Flats Solar,Solar,High Desert,180,1049.7,1048.0,1.7,0.2,0.243,100.0,24,0,0,0,0.0,0,0,False,False,2025,10,October
2025-10-09,SOL-01,Horizon Flats Solar,Solar,High Desert,180,1046.0,1040.7,5.3,0.5,0.2421,100.0,24,0,0,0,0.0,0,0,False,False,2025,10,October
2025-10-10,SOL-01,Horizon Flats Solar,Solar,High Desert,180,954.7,1033.4,-78.7,-7.6,0.221,100.0,24,0,0,0,0.0,0,0,False,False,2025,10,October
2025-10-11,SOL-01,Horizon Flats Solar,Solar,High Desert,180,1116.1,1026.2,89.9,8.8,0.2584,100.0,24,0,0,0,0.0,0,0,False,False,2025,10,October
2025-10-12,SOL-01,Horizon Flats Solar,Solar,High Desert,180,1069.2,1018.9,50.3,4.9,0.2475,100.0,24,0,0,0,0.0,0,0,False,False,2025,10,October
2025-10-13,SOL-01,Horizon Flats Solar,Solar,High Desert,180,1027.5,1011.8,15.7,1.6,0.2378,100.0,24,0,0,0,0.0,0,0,False,False,2025,10,October
2025-10-14,SOL-01,Horizon Flats Solar,Solar,High Desert,180,1021.4,1004.7,16.7,1.7,0.2364,100.0,24,0,0,0,0.0,0,0,False,False,2025,10,October
2025-10-15,SOL-01,Horizon Flats Solar,Solar,High Desert,180,966.7,997.6,-30.9,-3.1,0.2238,100.0,24,0,0,0,0.0,0,0,False,False,2025,10,October
2025-10-16,SOL-01,Horizon Flats Solar,Solar,High Desert,180,1036.0,990.6,45.4,4.6,0.2398,100.0,24,0,0,0,0.0,0,0,False,False,2025,10,October
2025-10-17,SOL-01,Horizon Flats Solar,Solar,High Desert,180,1088.9,983.7,105.2,10.7,0.2521,100.0,24,0,0,0,0.0,0,0,False,False,2025,10,October
2025-10-18,SOL-01,Horizon Flats Solar,Solar,High Desert,180,1012.0,976.8,35.2,3.6,0.2343,100.0,24,0,0,0,0.0,0,0,False,False,2025,10,October
2025-10-19,SOL-01,Horizon Flats Solar,Solar,High Desert,180,1073.6,970.0,103.6,10.7,0.2485,100.0,24,0,0,0,0.0,0,0,False,False,2025,10,October
2025-10-20,SOL-01,Horizon Flats Solar,Solar,High Desert,180,968.2,963.2,5.0,0.5,0.2241,100.0,24,0,0,0,0.0,0,0,False,False,2025,10,October
2025-10-21,SOL-01,Horizon Flats Solar,Solar,High Desert,180,1036.1,956.5,79.6,8.3,0.2398,100.0,24,0,0,0,0.0,0,0,False,False,2025,10,October
2025-10-22,SOL-01,Horizon Flats Solar,Solar,High Desert,180,710.4,949.9,-239.5,-25.2,0.1644,100.0,24,0,0,0,0.0,0,0,False,False,2025,10,October
2025-10-23,SOL-01,Horizon Flats Solar,Solar,High Desert,180,992.9,943.3,49.6,5.3,0.2298,100.0,24,0,0,0,0.0,0,0,False,False,2025,10,October
2025-10-24,SOL-01,Horizon Flats Solar,Solar,High Desert,180,955.8,936.8,19.0,2.0,0.2212,100.0,24,0,0,0,0.0,0,0,False,False,2025,10,October
2025-10-25,SOL-01,Horizon Flats Solar,Solar,High Desert,180,814.5,930.4,-115.9,-12.5,0.1885,100.0,24,0,0,0,0.0,0,0,False,False,2025,10,October
2025-10-26,SOL-01,Horizon Flats Solar,Solar,High Desert,180,928.2,924.0,4.2,0.5,0.2149,100.0,24,0,0,0,0.0,0,0,False,False,2025,10,October
2025-10-27,SOL-01,Horizon Flats Solar,Solar,High Desert,180,1003.8,917.8,86.0,9.4,0.2324,100.0,24,0,0,0,0.0,0,0,False,False,2025,10,October
2025-10-28,SOL-01,Horizon Flats Solar,Solar,High Desert,180,884.2,911.6,-27.4,-3.0,0.2047,100.0,24,0,0,0,0.0,0,0,False,False,2025,10,October
2025-10-29,SOL-01,Horizon Flats Solar,Solar,High Desert,180,965.8,905.5,60.3,6.7,0.2236,100.0,24,0,0,0,0.0,0,0,False,False,2025,10,October
2025-10-30,SOL-01,Horizon Flats Solar,Solar,High Desert,180,851.6,899.5,-47.9,-5.3,0.1971,100.0,24,0,0,0,0.0,0,0,False,False,2025,10,October
2025-10-31,SOL-01,Horizon Flats Solar,Solar,High Desert,180,938.9,893.5,45.4,5.1,0.2173,100.0,24,0,0,0,0.0,0,0,False,False,2025,10,October
2025-11-01,SOL-01,Horizon Flats Solar,Solar,High Desert,180,948.7,887.7,61.0,6.9,0.2196,100.0,24,0,0,0,0.0,0,0,False,False,2025,11,November
2025-11-02,SOL-01,Horizon Flats Solar,Solar,High Desert,180,830.4,881.9,-51.5,-5.8,0.1922,100.0,24,0,0,0,0.0,0,0,False,False,2025,11,November
2025-11-03,SOL-01,Horizon Flats Solar,Solar,High Desert,180,939.2,876.2,63.0,7.2,0.2174,100.0,24,0,0,0,0.0,0,0,False,False,2025,11,November
2025-11-04,SOL-01,Horizon Flats Solar,Solar,High Desert,180,749.8,870.6,-120.8,-13.9,0.1736,100.0,24,0,0,0,0.0,0,0,False,False,2025,11,November
2025-11-05,SOL-01,Horizon Flats Solar,Solar,High Desert,180,872.6,865.1,7.5,0.9,0.202,100.0,24,0,0,0,0.0,0,0,False,False,2025,11,November
2025-11-06,SOL-01,Horizon Flats Solar,Solar,High Desert,180,892.7,859.7,33.0,3.8,0.2066,100.0,24,0,0,0,0.0,0,0,False,False,2025,11,November
2025-11-07,SOL-01,Horizon Flats Solar,Solar,High Desert,180,738.0,854.4,-116.4,-13.6,0.1708,100.0,24,0,0,0,0.0,0,0,False,False,2025,11,November
2025-11-08,SOL-01,Horizon Flats Solar,Solar,High Desert,180,725.6,849.2,-123.6,-14.6,0.168,100.0,24,0,0,0,0.0,0,0,False,False,2025,11,November
2025-11-09,SOL-01,Horizon Flats Solar,Solar,High Desert,180,875.6,844.1,31.5,3.7,0.2027,100.0,24,0,0,0,0.0,0,0,False,False,2025,11,November
2025-11-10,SOL-01,Horizon Flats Solar,Solar,High Desert,180,535.3,524.4,10.9,2.1,0.1239,62.5,15,9,0,9,7866.78,1,0,False,False,2025,11,November
2025-11-11,SOL-01,Horizon Flats Solar,Solar,High Desert,180,808.3,834.1,-25.8,-3.1,0.1871,100.0,24,0,0,0,0.0,0,0,False,False,2025,11,November
2025-11-12,SOL-01,Horizon Flats Solar,Solar,High Desert,180,835.7,829.3,6.4,0.8,0.1934,100.0,24,0,0,0,0.0,0,0,False,False,2025,11,November
2025-11-13,SOL-01,Horizon Flats Solar,Solar,High Desert,180,911.0,824.6,86.4,10.5,0.2109,100.0,24,0,0,0,0.0,0,0,False,False,2025,11,November
2025-11-14,SOL-01,Horizon Flats Solar,Solar,High Desert,180,858.7,820.0,38.7,4.7,0.1988,100.0,24,0,0,0,0.0,0,0,False,False,2025,11,November
2025-11-15,SOL-01,Horizon Flats Solar,Solar,High Desert,180,856.2,815.5,40.7,5.0,0.1982,100.0,24,0,0,0,0.0,0,0,False,False,2025,11,November
2025-11-16,SOL-01,Horizon Flats Solar,Solar,High Desert,180,801.0,811.2,-10.2,-1.3,0.1854,100.0,24,0,0,0,0.0,0,0,False,False,2025,11,November
2025-11-17,SOL-01,Horizon Flats Solar,Solar,High Desert,180,842.5,806.9,35.6,4.4,0.195,100.0,24,0,0,0,0.0,0,0,False,False,2025,11,November
2025-11-18,SOL-01,Horizon Flats Solar,Solar,High Desert,180,792.0,802.7,-10.7,-1.3,0.1833,100.0,24,0,0,0,0.0,0,0,False,False,2025,11,November
2025-11-19,SOL-01,Horizon Flats Solar,Solar,High Desert,180,827.8,798.7,29.1,3.6,0.1916,100.0,24,0,0,0,0.0,0,0,False,False,2025,11,November
2025-11-20,SOL-01,Horizon Flats Solar,Solar,High Desert,180,789.6,794.7,-5.1,-0.6,0.1828,100.0,24,0,0,0,0.0,0,0,False,False,2025,11,November
2025-11-21,SOL-01,Horizon Flats Solar,Solar,High Desert,180,869.6,790.9,78.7,10.0,0.2013,100.0,24,0,0,0,0.0,0,0,False,False,2025,11,November
2025-11-22,SOL-01,Horizon Flats Solar,Solar,High Desert,180,725.0,787.2,-62.2,-7.9,0.1678,100.0,24,0,0,0,0.0,0,0,False,False,2025,11,November
2025-11-23,SOL-01,Horizon Flats Solar,Solar,High Desert,180,760.0,783.6,-23.6,-3.0,0.1759,100.0,24,0,0,0,0.0,0,0,False,False,2025,11,November
2025-11-24,SOL-01,Horizon Flats Solar,Solar,High Desert,180,700.4,780.1,-79.7,-10.2,0.1621,100.0,24,0,0,0,0.0,0,0,False,False,2025,11,November
2025-11-25,SOL-01,Horizon Flats Solar,Solar,High Desert,180,825.4,776.8,48.6,6.3,0.1911,100.0,24,0,0,0,0.0,0,0,False,False,2025,11,November
2025-11-26,SOL-01,Horizon Flats Solar,Solar,High Desert,180,794.7,773.6,21.1,2.7,0.184,100.0,24,0,0,0,0.0,0,0,False,False,2025,11,November
2025-11-27,SOL-01,Horizon Flats Solar,Solar,High Desert,180,782.3,770.4,11.9,1.5,0.1811,100.0,24,0,0,0,0.0,0,0,False,False,2025,11,November
2025-11-28,SOL-01,Horizon Flats Solar,Solar,High Desert,180,826.7,767.5,59.2,7.7,0.1914,100.0,24,0,0,0,0.0,0,0,False,False,2025,11,November
2025-11-29,SOL-01,Horizon Flats Solar,Solar,High Desert,180,559.8,764.6,-204.8,-26.8,0.1296,100.0,24,0,0,0,0.0,0,0,False,False,2025,11,November
2025-11-30,SOL-01,Horizon Flats Solar,Solar,High Desert,180,608.7,761.8,-153.1,-20.1,0.1409,100.0,24,0,0,0,0.0,0,0,False,False,2025,11,November
2025-12-01,SOL-01,Horizon Flats Solar,Solar,High Desert,180,759.0,759.2,-0.2,-0.0,0.1757,100.0,24,0,0,0,0.0,0,0,False,False,2025,12,December
2025-12-02,SOL-01,Horizon Flats Solar,Solar,High Desert,180,741.6,756.7,-15.1,-2.0,0.1717,100.0,24,0,0,0,0.0,0,0,False,False,2025,12,December
2025-12-03,SOL-01,Horizon Flats Solar,Solar,High Desert,180,832.8,754.4,78.4,10.4,0.1928,100.0,24,0,0,0,0.0,0,0,False,False,2025,12,December
2025-12-04,SOL-01,Horizon Flats Solar,Solar,High Desert,180,724.6,752.1,-27.5,-3.7,0.1677,100.0,24,0,0,0,0.0,0,0,False,False,2025,12,December
2025-12-05,SOL-01,Horizon Flats Solar,Solar,High Desert,180,656.9,750.0,-93.1,-12.4,0.1521,100.0,24,0,0,0,0.0,0,0,False,False,2025,12,December
2025-12-06,SOL-01,Horizon Flats Solar,Solar,High Desert,180,807.6,748.0,59.6,8.0,0.1869,100.0,24,0,0,0,0.0,0,0,False,False,2025,12,December
2025-12-07,SOL-01,Horizon Flats Solar,Solar,High Desert,180,736.8,746.2,-9.4,-1.3,0.1706,100.0,24,0,0,0,0.0,0,0,False,False,2025,12,December
2025-12-08,SOL-01,Horizon Flats Solar,Solar,High Desert,180,705.5,744.5,-39.0,-5.2,0.1633,100.0,24,0,0,0,0.0,0,0,False,False,2025,12,December
2025-12-09,SOL-01,Horizon Flats Solar,Solar,High Desert,180,639.0,742.9,-103.9,-14.0,0.1479,100.0,24,0,0,0,0.0,0,0,False,False,2025,12,December
2025-12-10,SOL-01,Horizon Flats Solar,Solar,High Desert,180,807.3,741.4,65.9,8.9,0.1869,100.0,24,0,0,0,0.0,0,0,False,False,2025,12,December
2025-12-11,SOL-01,Horizon Flats Solar,Solar,High Desert,180,679.0,740.0,-61.0,-8.2,0.1572,100.0,24,0,0,0,0.0,0,0,False,False,2025,12,December
2025-12-12,SOL-01,Horizon Flats Solar,Solar,High Desert,180,652.9,738.8,-85.9,-11.6,0.1511,100.0,24,0,0,0,0.0,0,0,False,False,2025,12,December
2025-12-13,SOL-01,Horizon Flats Solar,Solar,High Desert,180,804.6,737.8,66.8,9.1,0.1862,100.0,24,0,0,0,0.0,0,0,False,False,2025,12,December
2025-12-14,SOL-01,Horizon Flats Solar,Solar,High Desert,180,728.8,736.8,-8.0,-1.1,0.1687,100.0,24,0,0,0,0.0,0,0,False,False,2025,12,December
2025-12-15,SOL-01,Horizon Flats Solar,Solar,High Desert,180,801.2,736.0,65.2,8.9,0.1855,100.0,24,0,0,0,0.0,0,0,False,False,2025,12,December
2025-12-16,SOL-01,Horizon Flats Solar,Solar,High Desert,180,566.8,735.3,-168.5,-22.9,0.1312,100.0,24,0,0,0,0.0,0,0,False,False,2025,12,December
2025-12-17,SOL-01,Horizon Flats Solar,Solar,High Desert,180,779.6,734.8,44.8,6.1,0.1805,100.0,24,0,0,0,0.0,0,0,False,False,2025,12,December
2025-12-18,SOL-01,Horizon Flats Solar,Solar,High Desert,180,788.0,734.4,53.6,7.3,0.1824,100.0,24,0,0,0,0.0,0,0,False,False,2025,12,December
2025-12-19,SOL-01,Horizon Flats Solar,Solar,High Desert,180,769.8,734.1,35.7,4.9,0.1782,100.0,24,0,0,0,0.0,0,0,False,False,2025,12,December
2025-12-20,SOL-01,Horizon Flats Solar,Solar,High Desert,180,713.2,733.9,-20.7,-2.8,0.1651,100.0,24,0,0,0,0.0,0,0,False,False,2025,12,December
2025-12-21,SOL-01,Horizon Flats Solar,Solar,High Desert,180,695.8,733.9,-38.1,-5.2,0.1611,100.0,24,0,0,0,0.0,0,0,False,False,2025,12,December
2025-12-22,SOL-01,Horizon Flats Solar,Solar,High Desert,180,618.8,734.0,-115.2,-15.7,0.1432,100.0,24,0,0,0,0.0,0,0,False,False,2025,12,December
2025-12-23,SOL-01,Horizon Flats Solar,Solar,High Desert,180,747.9,734.3,13.6,1.9,0.1731,100.0,24,0,0,0,0.0,0,0,False,False,2025,12,December
2025-12-24,SOL-01,Horizon Flats Solar,Solar,High Desert,180,778.3,734.7,43.6,5.9,0.1802,100.0,24,0,0,0,0.0,0,0,False,False,2025,12,December
2025-12-25,SOL-01,Horizon Flats Solar,Solar,High Desert,180,758.9,735.2,23.7,3.2,0.1757,100.0,24,0,0,0,0.0,0,0,False,False,2025,12,December
2025-12-26,SOL-01,Horizon Flats Solar,Solar,High Desert,180,796.3,735.8,60.5,8.2,0.1843,100.0,24,0,0,0,0.0,0,0,False,False,2025,12,December
2025-12-27,SOL-01,Horizon Flats Solar,Solar,High Desert,180,702.9,736.6,-33.7,-4.6,0.1627,100.0,24,0,0,0,0.0,0,0,False,False,2025,12,December
2025-12-28,SOL-01,Horizon Flats Solar,Solar,High Desert,180,760.7,737.5,23.2,3.1,0.1761,100.0,24,0,0,0,0.0,0,0,False,False,2025,12,December
2025-12-29,SOL-01,Horizon Flats Solar,Solar,High Desert,180,797.3,738.6,58.7,7.9,0.1846,100.0,24,0,0,0,0.0,0,0,False,False,2025,12,December
2025-12-30,SOL-01,Horizon Flats Solar,Solar,High Desert,180,687.4,739.7,-52.3,-7.1,0.1591,100.0,24,0,0,0,0.0,0,0,False,False,2025,12,December
2025-12-31,SOL-01,Horizon Flats Solar,Solar,High Desert,180,685.6,741.0,-55.4,-7.5,0.1587,100.0,24,0,0,0,0.0,0,0,False,False,2025,12,December
2025-01-01,SOL-02,Cedar Bend Solar,Solar,Coastal Plain,95,348.5,324.1,24.4,7.5,0.1529,100.0,24,0,0,0,0.0,0,0,False,False,2025,1,January
2025-01-02,SOL-02,Cedar Bend Solar,Solar,Coastal Plain,95,332.2,324.8,7.4,2.3,0.1457,100.0,24,0,0,0,0.0,0,0,False,False,2025,1,January
2025-01-03,SOL-02,Cedar Bend Solar,Solar,Coastal Plain,95,386.5,325.5,61.0,18.7,0.1695,100.0,24,0,0,0,0.0,0,0,False,False,2025,1,January
2025-01-04,SOL-02,Cedar Bend Solar,Solar,Coastal Plain,95,281.5,326.3,-44.8,-13.7,0.1235,100.0,24,0,0,0,0.0,0,0,False,False,2025,1,January
2025-01-05,SOL-02,Cedar Bend Solar,Solar,Coastal Plain,95,286.6,327.2,-40.6,-12.4,0.1257,100.0,24,0,0,0,0.0,0,0,False,False,2025,1,January
2025-01-06,SOL-02,Cedar Bend Solar,Solar,Coastal Plain,95,308.9,328.1,-19.2,-5.9,0.1355,100.0,24,0,0,0,0.0,0,0,False,False,2025,1,January
2025-01-07,SOL-02,Cedar Bend Solar,Solar,Coastal Plain,95,283.2,329.1,-45.9,-13.9,0.1242,100.0,24,0,0,0,0.0,0,0,False,False,2025,1,January
2025-01-08,SOL-02,Cedar Bend Solar,Solar,Coastal Plain,95,322.5,330.1,-7.6,-2.3,0.1414,100.0,24,0,0,0,0.0,0,0,False,False,2025,1,January
2025-01-09,SOL-02,Cedar Bend Solar,Solar,Coastal Plain,95,332.5,331.2,1.3,0.4,0.1458,100.0,24,0,0,0,0.0,0,0,False,False,2025,1,January
2025-01-10,SOL-02,Cedar Bend Solar,Solar,Coastal Plain,95,345.9,332.4,13.5,4.1,0.1517,100.0,24,0,0,0,0.0,0,0,False,False,2025,1,January
2025-01-11,SOL-02,Cedar Bend Solar,Solar,Coastal Plain,95,319.7,333.6,-13.9,-4.2,0.1402,100.0,24,0,0,0,0.0,0,0,False,False,2025,1,January
2025-01-12,SOL-02,Cedar Bend Solar,Solar,Coastal Plain,95,287.5,334.8,-47.3,-14.1,0.1261,100.0,24,0,0,0,0.0,0,0,False,False,2025,1,January
2025-01-13,SOL-02,Cedar Bend Solar,Solar,Coastal Plain,95,298.3,336.1,-37.8,-11.2,0.1308,100.0,24,0,0,0,0.0,0,0,False,False,2025,1,January
2025-01-14,SOL-02,Cedar Bend Solar,Solar,Coastal Plain,95,269.8,337.5,-67.7,-20.1,0.1183,100.0,24,0,0,0,0.0,0,0,False,False,2025,1,January
2025-01-15,SOL-02,Cedar Bend Solar,Solar,Coastal Plain,95,287.4,338.9,-51.5,-15.2,0.1261,100.0,24,0,0,0,0.0,0,0,False,False,2025,1,January
2025-01-16,SOL-02,Cedar Bend Solar,Solar,Coastal Plain,95,357.4,340.3,17.1,5.0,0.1568,100.0,24,0,0,0,0.0,0,0,False,False,2025,1,January
2025-01-17,SOL-02,Cedar Bend Solar,Solar,Coastal Plain,95,348.7,341.9,6.8,2.0,0.1529,100.0,24,0,0,0,0.0,0,0,False,False,2025,1,January
2025-01-18,SOL-02,Cedar Bend Solar,Solar,Coastal Plain,95,362.0,343.4,18.6,5.4,0.1588,100.0,24,0,0,0,0.0,0,0,False,False,2025,1,January
2025-01-19,SOL-02,Cedar Bend Solar,Solar,Coastal Plain,95,431.4,345.0,86.4,25.0,0.1892,100.0,24,0,0,0,0.0,0,0,False,False,2025,1,January
2025-01-20,SOL-02,Cedar Bend Solar,Solar,Coastal Plain,95,335.8,346.7,-10.9,-3.1,0.1473,100.0,24,0,0,0,0.0,0,0,False,False,2025,1,January
2025-01-21,SOL-02,Cedar Bend Solar,Solar,Coastal Plain,95,342.1,348.4,-6.3,-1.8,0.15,100.0,24,0,0,0,0.0,0,0,False,False,2025,1,January
2025-01-22,SOL-02,Cedar Bend Solar,Solar,Coastal Plain,95,295.3,350.2,-54.9,-15.7,0.1295,100.0,24,0,0,0,0.0,0,0,False,False,2025,1,January
2025-01-23,SOL-02,Cedar Bend Solar,Solar,Coastal Plain,95,450.3,352.0,98.3,27.9,0.1975,100.0,24,0,0,0,0.0,0,0,False,False,2025,1,January
2025-01-24,SOL-02,Cedar Bend Solar,Solar,Coastal Plain,95,433.3,353.9,79.4,22.4,0.19,100.0,24,0,0,0,0.0,0,0,False,False,2025,1,January
2025-01-25,SOL-02,Cedar Bend Solar,Solar,Coastal Plain,95,353.1,355.8,-2.7,-0.8,0.1549,100.0,24,0,0,0,0.0,0,0,False,False,2025,1,January
2025-01-26,SOL-02,Cedar Bend Solar,Solar,Coastal Plain,95,383.1,357.7,25.4,7.1,0.168,100.0,24,0,0,0,0.0,0,0,False,False,2025,1,January
2025-01-27,SOL-02,Cedar Bend Solar,Solar,Coastal Plain,95,396.7,359.7,37.0,10.3,0.174,100.0,24,0,0,0,0.0,0,0,False,False,2025,1,January
2025-01-28,SOL-02,Cedar Bend Solar,Solar,Coastal Plain,95,312.0,361.8,-49.8,-13.8,0.1368,100.0,24,0,0,0,0.0,0,0,False,False,2025,1,January
2025-01-29,SOL-02,Cedar Bend Solar,Solar,Coastal Plain,95,438.2,363.9,74.3,20.4,0.1922,100.0,24,0,0,0,0.0,0,0,False,False,2025,1,January
2025-01-30,SOL-02,Cedar Bend Solar,Solar,Coastal Plain,95,257.4,366.0,-108.6,-29.7,0.1129,100.0,24,0,0,0,0.0,0,0,False,False,2025,1,January
2025-01-31,SOL-02,Cedar Bend Solar,Solar,Coastal Plain,95,381.2,368.2,13.0,3.5,0.1672,100.0,24,0,0,0,0.0,0,0,False,False,2025,1,January
2025-02-01,SOL-02,Cedar Bend Solar,Solar,Coastal Plain,95,410.3,370.5,39.8,10.7,0.18,100.0,24,0,0,0,0.0,0,0,False,False,2025,2,February
2025-02-02,SOL-02,Cedar Bend Solar,Solar,Coastal Plain,95,307.0,372.7,-65.7,-17.6,0.1346,100.0,24,0,0,0,0.0,0,0,False,False,2025,2,February
2025-02-03,SOL-02,Cedar Bend Solar,Solar,Coastal Plain,95,318.9,375.0,-56.1,-15.0,0.1399,100.0,24,0,0,0,0.0,0,0,False,False,2025,2,February
2025-02-04,SOL-02,Cedar Bend Solar,Solar,Coastal Plain,95,459.8,377.4,82.4,21.8,0.2017,100.0,24,0,0,0,0.0,0,0,False,False,2025,2,February
2025-02-05,SOL-02,Cedar Bend Solar,Solar,Coastal Plain,95,433.5,379.8,53.7,14.1,0.1901,100.0,24,0,0,0,0.0,0,0,False,False,2025,2,February
2025-02-06,SOL-02,Cedar Bend Solar,Solar,Coastal Plain,95,476.2,382.2,94.0,24.6,0.2089,100.0,24,0,0,0,0.0,0,0,False,False,2025,2,February
2025-02-07,SOL-02,Cedar Bend Solar,Solar,Coastal Plain,95,266.9,384.7,-117.8,-30.6,0.1171,100.0,24,0,0,0,0.0,0,0,False,False,2025,2,February
2025-02-08,SOL-02,Cedar Bend Solar,Solar,Coastal Plain,95,343.8,387.2,-43.4,-11.2,0.1508,100.0,24,0,0,0,0.0,0,0,False,False,2025,2,February
2025-02-09,SOL-02,Cedar Bend Solar,Solar,Coastal Plain,95,408.4,389.8,18.6,4.8,0.1791,100.0,24,0,0,0,0.0,0,0,False,False,2025,2,February
2025-02-10,SOL-02,Cedar Bend Solar,Solar,Coastal Plain,95,415.2,392.4,22.8,5.8,0.1821,100.0,24,0,0,0,0.0,0,0,False,False,2025,2,February
2025-02-11,SOL-02,Cedar Bend Solar,Solar,Coastal Plain,95,468.0,395.0,73.0,18.5,0.2053,100.0,24,0,0,0,0.0,0,0,False,False,2025,2,February
2025-02-12,SOL-02,Cedar Bend Solar,Solar,Coastal Plain,95,415.3,397.7,17.6,4.4,0.1821,100.0,24,0,0,0,0.0,0,0,False,False,2025,2,February
2025-02-13,SOL-02,Cedar Bend Solar,Solar,Coastal Plain,95,245.1,400.4,-155.3,-38.8,0.1075,100.0,24,0,0,0,0.0,0,0,False,False,2025,2,February
2025-02-14,SOL-02,Cedar Bend Solar,Solar,Coastal Plain,95,334.7,403.1,-68.4,-17.0,0.1468,100.0,24,0,0,0,0.0,0,0,False,False,2025,2,February
2025-02-15,SOL-02,Cedar Bend Solar,Solar,Coastal Plain,95,445.7,405.9,39.8,9.8,0.1955,100.0,24,0,0,0,0.0,0,0,False,False,2025,2,February
2025-02-16,SOL-02,Cedar Bend Solar,Solar,Coastal Plain,95,170.4,408.7,-238.3,-58.3,0.0747,100.0,24,0,0,0,0.0,0,0,False,False,2025,2,February
2025-02-17,SOL-02,Cedar Bend Solar,Solar,Coastal Plain,95,454.1,411.5,42.6,10.4,0.1992,100.0,24,0,0,0,0.0,0,0,False,False,2025,2,February
2025-02-18,SOL-02,Cedar Bend Solar,Solar,Coastal Plain,95,413.2,414.4,-1.2,-0.3,0.1812,100.0,24,0,0,0,0.0,0,0,False,False,2025,2,February
2025-02-19,SOL-02,Cedar Bend Solar,Solar,Coastal Plain,95,318.7,417.3,-98.6,-23.6,0.1398,100.0,24,0,0,0,0.0,0,0,False,False,2025,2,February
2025-02-20,SOL-02,Cedar Bend Solar,Solar,Coastal Plain,95,385.2,420.2,-35.0,-8.3,0.1689,100.0,24,0,0,0,0.0,0,0,False,False,2025,2,February
2025-02-21,SOL-02,Cedar Bend Solar,Solar,Coastal Plain,95,246.5,423.1,-176.6,-41.7,0.1081,100.0,24,0,0,0,0.0,0,0,False,False,2025,2,February
2025-02-22,SOL-02,Cedar Bend Solar,Solar,Coastal Plain,95,535.6,426.1,109.5,25.7,0.2349,100.0,24,0,0,0,0.0,0,0,False,False,2025,2,February
2025-02-23,SOL-02,Cedar Bend Solar,Solar,Coastal Plain,95,504.3,429.1,75.2,17.5,0.2212,100.0,24,0,0,0,0.0,0,0,False,False,2025,2,February
2025-02-24,SOL-02,Cedar Bend Solar,Solar,Coastal Plain,95,420.1,432.2,-12.1,-2.8,0.1843,100.0,24,0,0,0,0.0,0,0,False,False,2025,2,February
2025-02-25,SOL-02,Cedar Bend Solar,Solar,Coastal Plain,95,469.7,435.2,34.5,7.9,0.206,100.0,24,0,0,0,0.0,0,0,False,False,2025,2,February
2025-02-26,SOL-02,Cedar Bend Solar,Solar,Coastal Plain,95,424.2,438.3,-14.1,-3.2,0.1861,100.0,24,0,0,0,0.0,0,0,False,False,2025,2,February
2025-02-27,SOL-02,Cedar Bend Solar,Solar,Coastal Plain,95,437.5,441.4,-3.9,-0.9,0.1919,100.0,24,0,0,0,0.0,0,0,False,False,2025,2,February
2025-02-28,SOL-02,Cedar Bend Solar,Solar,Coastal Plain,95,471.8,444.5,27.3,6.1,0.2069,100.0,24,0,0,0,0.0,0,0,False,False,2025,2,February
2025-03-01,SOL-02,Cedar Bend Solar,Solar,Coastal Plain,95,475.0,447.7,27.3,6.1,0.2083,100.0,24,0,0,0,0.0,0,0,False,False,2025,3,March
2025-03-02,SOL-02,Cedar Bend Solar,Solar,Coastal Plain,95,411.7,450.8,-39.1,-8.7,0.1806,100.0,24,0,0,0,0.0,0,0,False,False,2025,3,March
2025-03-03,SOL-02,Cedar Bend Solar,Solar,Coastal Plain,95,528.5,454.0,74.5,16.4,0.2318,100.0,24,0,0,0,0.0,0,0,False,False,2025,3,March
2025-03-04,SOL-02,Cedar Bend Solar,Solar,Coastal Plain,95,452.4,457.2,-4.8,-1.0,0.1984,100.0,24,0,0,0,0.0,0,0,False,False,2025,3,March
2025-03-05,SOL-02,Cedar Bend Solar,Solar,Coastal Plain,95,531.1,460.4,70.7,15.4,0.2329,100.0,24,0,0,0,0.0,0,0,False,False,2025,3,March
2025-03-06,SOL-02,Cedar Bend Solar,Solar,Coastal Plain,95,539.4,463.7,75.7,16.3,0.2366,100.0,24,0,0,0,0.0,0,0,False,False,2025,3,March
2025-03-07,SOL-02,Cedar Bend Solar,Solar,Coastal Plain,95,580.8,466.9,113.9,24.4,0.2547,100.0,24,0,0,0,0.0,0,0,False,False,2025,3,March
2025-03-08,SOL-02,Cedar Bend Solar,Solar,Coastal Plain,95,448.3,470.2,-21.9,-4.7,0.1966,100.0,24,0,0,0,0.0,0,0,False,False,2025,3,March
2025-03-09,SOL-02,Cedar Bend Solar,Solar,Coastal Plain,95,431.3,473.5,-42.2,-8.9,0.1892,100.0,24,0,0,0,0.0,0,0,False,False,2025,3,March
2025-03-10,SOL-02,Cedar Bend Solar,Solar,Coastal Plain,95,512.4,476.8,35.6,7.5,0.2247,100.0,24,0,0,0,0.0,0,0,False,False,2025,3,March
2025-03-11,SOL-02,Cedar Bend Solar,Solar,Coastal Plain,95,514.5,480.1,34.4,7.2,0.2257,100.0,24,0,0,0,0.0,0,0,False,False,2025,3,March
2025-03-12,SOL-02,Cedar Bend Solar,Solar,Coastal Plain,95,586.2,483.4,102.8,21.3,0.2571,100.0,24,0,0,0,0.0,0,0,False,False,2025,3,March
2025-03-13,SOL-02,Cedar Bend Solar,Solar,Coastal Plain,95,356.0,486.7,-130.7,-26.9,0.1561,100.0,24,0,0,0,0.0,0,0,False,False,2025,3,March
2025-03-14,SOL-02,Cedar Bend Solar,Solar,Coastal Plain,95,555.0,490.0,65.0,13.3,0.2434,100.0,24,0,0,0,0.0,0,0,False,False,2025,3,March
2025-03-15,SOL-02,Cedar Bend Solar,Solar,Coastal Plain,95,474.8,493.4,-18.6,-3.8,0.2082,100.0,24,0,0,0,0.0,0,0,False,False,2025,3,March
2025-03-16,SOL-02,Cedar Bend Solar,Solar,Coastal Plain,95,284.9,496.7,-211.8,-42.6,0.125,100.0,24,0,0,0,0.0,0,0,False,False,2025,3,March
2025-03-17,SOL-02,Cedar Bend Solar,Solar,Coastal Plain,95,507.1,500.1,7.0,1.4,0.2224,100.0,24,0,0,0,0.0,0,0,False,False,2025,3,March
2025-03-18,SOL-02,Cedar Bend Solar,Solar,Coastal Plain,95,521.4,503.4,18.0,3.6,0.2287,100.0,24,0,0,0,0.0,0,0,False,False,2025,3,March
2025-03-19,SOL-02,Cedar Bend Solar,Solar,Coastal Plain,95,506.3,506.8,-0.5,-0.1,0.2221,100.0,24,0,0,0,0.0,0,0,False,False,2025,3,March
2025-03-20,SOL-02,Cedar Bend Solar,Solar,Coastal Plain,95,223.1,510.2,-287.1,-56.3,0.0979,100.0,24,0,0,0,0.0,0,0,False,False,2025,3,March
2025-03-21,SOL-02,Cedar Bend Solar,Solar,Coastal Plain,95,326.2,513.5,-187.3,-36.5,0.1431,100.0,24,0,0,0,0.0,0,0,False,False,2025,3,March
2025-03-22,SOL-02,Cedar Bend Solar,Solar,Coastal Plain,95,588.7,516.9,71.8,13.9,0.2582,100.0,24,0,0,0,0.0,0,0,False,False,2025,3,March
2025-03-23,SOL-02,Cedar Bend Solar,Solar,Coastal Plain,95,555.4,520.2,35.2,6.8,0.2436,100.0,24,0,0,0,0.0,0,0,False,False,2025,3,March
2025-03-24,SOL-02,Cedar Bend Solar,Solar,Coastal Plain,95,637.8,523.6,114.2,21.8,0.2797,100.0,24,0,0,0,0.0,0,0,False,False,2025,3,March
2025-03-25,SOL-02,Cedar Bend Solar,Solar,Coastal Plain,95,481.6,527.0,-45.4,-8.6,0.2112,100.0,24,0,0,0,0.0,0,0,False,False,2025,3,March
2025-03-26,SOL-02,Cedar Bend Solar,Solar,Coastal Plain,95,225.6,530.3,-304.7,-57.5,0.0989,50.0,12,0,12,12,15867.9,2,0,False,False,2025,3,March
2025-03-27,SOL-02,Cedar Bend Solar,Solar,Coastal Plain,95,488.4,422.5,65.9,15.6,0.2142,79.2,19,5,0,5,4091.61,1,0,False,False,2025,3,March
2025-03-28,SOL-02,Cedar Bend Solar,Solar,Coastal Plain,95,518.6,537.0,-18.4,-3.4,0.2275,100.0,24,0,0,0,0.0,0,0,False,False,2025,3,March
2025-03-29,SOL-02,Cedar Bend Solar,Solar,Coastal Plain,95,641.0,540.4,100.6,18.6,0.2811,100.0,24,0,0,0,0.0,0,0,False,False,2025,3,March
2025-03-30,SOL-02,Cedar Bend Solar,Solar,Coastal Plain,95,610.7,543.7,67.0,12.3,0.2679,100.0,24,0,0,0,0.0,0,0,False,False,2025,3,March
2025-03-31,SOL-02,Cedar Bend Solar,Solar,Coastal Plain,95,427.5,547.0,-119.5,-21.8,0.1875,100.0,24,0,0,0,0.0,0,0,False,False,2025,3,March
2025-04-01,SOL-02,Cedar Bend Solar,Solar,Coastal Plain,95,436.6,550.4,-113.8,-20.7,0.1915,100.0,24,0,0,0,0.0,0,0,False,False,2025,4,April
2025-04-02,SOL-02,Cedar Bend Solar,Solar,Coastal Plain,95,628.5,553.7,74.8,13.5,0.2757,100.0,24,0,0,0,0.0,0,0,False,False,2025,4,April
2025-04-03,SOL-02,Cedar Bend Solar,Solar,Coastal Plain,95,321.2,557.0,-235.8,-42.3,0.1409,100.0,24,0,0,0,0.0,0,0,False,False,2025,4,April
2025-04-04,SOL-02,Cedar Bend Solar,Solar,Coastal Plain,95,282.0,560.2,-278.2,-49.7,0.1237,100.0,24,0,0,0,0.0,0,0,False,False,2025,4,April
2025-04-05,SOL-02,Cedar Bend Solar,Solar,Coastal Plain,95,685.4,563.5,121.9,21.6,0.3006,100.0,24,0,0,0,0.0,0,0,False,False,2025,4,April
2025-04-06,SOL-02,Cedar Bend Solar,Solar,Coastal Plain,95,561.1,566.8,-5.7,-1.0,0.2461,100.0,24,0,0,0,0.0,0,0,False,False,2025,4,April
2025-04-07,SOL-02,Cedar Bend Solar,Solar,Coastal Plain,95,529.4,570.0,-40.6,-7.1,0.2322,100.0,24,0,0,0,0.0,0,0,False,False,2025,4,April
2025-04-08,SOL-02,Cedar Bend Solar,Solar,Coastal Plain,95,408.6,573.2,-164.6,-28.7,0.1792,100.0,24,0,0,0,0.0,0,0,False,False,2025,4,April
2025-04-09,SOL-02,Cedar Bend Solar,Solar,Coastal Plain,95,554.9,576.5,-21.6,-3.7,0.2434,100.0,24,0,0,0,0.0,0,0,False,False,2025,4,April
2025-04-10,SOL-02,Cedar Bend Solar,Solar,Coastal Plain,95,721.9,579.6,142.3,24.6,0.3166,100.0,24,0,0,0,0.0,0,0,False,False,2025,4,April
2025-04-11,SOL-02,Cedar Bend Solar,Solar,Coastal Plain,95,514.9,582.8,-67.9,-11.7,0.2258,100.0,24,0,0,0,0.0,0,0,False,False,2025,4,April
2025-04-12,SOL-02,Cedar Bend Solar,Solar,Coastal Plain,95,741.1,586.0,155.1,26.5,0.325,100.0,24,0,0,0,0.0,0,0,False,False,2025,4,April
2025-04-13,SOL-02,Cedar Bend Solar,Solar,Coastal Plain,95,638.5,589.1,49.4,8.4,0.28,100.0,24,0,0,0,0.0,0,0,False,False,2025,4,April
2025-04-14,SOL-02,Cedar Bend Solar,Solar,Coastal Plain,95,556.5,592.2,-35.7,-6.0,0.2441,100.0,24,0,0,0,0.0,0,0,False,False,2025,4,April
2025-04-15,SOL-02,Cedar Bend Solar,Solar,Coastal Plain,95,559.1,595.3,-36.2,-6.1,0.2452,100.0,24,0,0,0,0.0,0,0,False,False,2025,4,April
2025-04-16,SOL-02,Cedar Bend Solar,Solar,Coastal Plain,95,495.6,598.4,-102.8,-17.2,0.2174,100.0,24,0,0,0,0.0,0,0,False,False,2025,4,April
2025-04-17,SOL-02,Cedar Bend Solar,Solar,Coastal Plain,95,732.1,601.4,130.7,21.7,0.3211,100.0,24,0,0,0,0.0,0,0,False,False,2025,4,April
2025-04-18,SOL-02,Cedar Bend Solar,Solar,Coastal Plain,95,599.6,604.4,-4.8,-0.8,0.263,100.0,24,0,0,0,0.0,0,0,False,False,2025,4,April
2025-04-19,SOL-02,Cedar Bend Solar,Solar,Coastal Plain,95,667.5,607.4,60.1,9.9,0.2928,100.0,24,0,0,0,0.0,0,0,False,False,2025,4,April
2025-04-20,SOL-02,Cedar Bend Solar,Solar,Coastal Plain,95,614.7,610.4,4.3,0.7,0.2696,100.0,24,0,0,0,0.0,0,0,False,False,2025,4,April
2025-04-21,SOL-02,Cedar Bend Solar,Solar,Coastal Plain,95,689.2,613.3,75.9,12.4,0.3023,100.0,24,0,0,0,0.0,0,0,False,False,2025,4,April
2025-04-22,SOL-02,Cedar Bend Solar,Solar,Coastal Plain,95,663.1,616.2,46.9,7.6,0.2908,100.0,24,0,0,0,0.0,0,0,False,False,2025,4,April
2025-04-23,SOL-02,Cedar Bend Solar,Solar,Coastal Plain,95,523.7,619.1,-95.4,-15.4,0.2297,100.0,24,0,0,0,0.0,0,0,False,False,2025,4,April
2025-04-24,SOL-02,Cedar Bend Solar,Solar,Coastal Plain,95,581.9,621.9,-40.0,-6.4,0.2552,100.0,24,0,0,0,0.0,0,0,False,False,2025,4,April
2025-04-25,SOL-02,Cedar Bend Solar,Solar,Coastal Plain,95,547.7,624.7,-77.0,-12.3,0.2402,100.0,24,0,0,0,0.0,0,0,False,False,2025,4,April
2025-04-26,SOL-02,Cedar Bend Solar,Solar,Coastal Plain,95,657.2,627.5,29.7,4.7,0.2882,100.0,24,0,0,0,0.0,0,0,False,False,2025,4,April
2025-04-27,SOL-02,Cedar Bend Solar,Solar,Coastal Plain,95,719.8,630.3,89.5,14.2,0.3157,100.0,24,0,0,0,0.0,0,0,False,False,2025,4,April
2025-04-28,SOL-02,Cedar Bend Solar,Solar,Coastal Plain,95,424.7,633.0,-208.3,-32.9,0.1863,100.0,24,0,0,0,0.0,0,0,False,False,2025,4,April
2025-04-29,SOL-02,Cedar Bend Solar,Solar,Coastal Plain,95,718.5,635.6,82.9,13.0,0.3151,100.0,24,0,0,0,0.0,0,0,False,False,2025,4,April
2025-04-30,SOL-02,Cedar Bend Solar,Solar,Coastal Plain,95,726.0,638.3,87.7,13.7,0.3184,100.0,24,0,0,0,0.0,0,0,False,False,2025,4,April
2025-05-01,SOL-02,Cedar Bend Solar,Solar,Coastal Plain,95,571.1,640.9,-69.8,-10.9,0.2505,100.0,24,0,0,0,0.0,0,0,False,False,2025,5,May
2025-05-02,SOL-02,Cedar Bend Solar,Solar,Coastal Plain,95,520.3,643.5,-123.2,-19.1,0.2282,100.0,24,0,0,0,0.0,0,0,False,False,2025,5,May
2025-05-03,SOL-02,Cedar Bend Solar,Solar,Coastal Plain,95,658.1,646.0,12.1,1.9,0.2886,100.0,24,0,0,0,0.0,0,0,False,False,2025,5,May
2025-05-04,SOL-02,Cedar Bend Solar,Solar,Coastal Plain,95,736.3,648.5,87.8,13.5,0.3229,100.0,24,0,0,0,0.0,0,0,False,False,2025,5,May
2025-05-05,SOL-02,Cedar Bend Solar,Solar,Coastal Plain,95,698.4,650.9,47.5,7.3,0.3063,100.0,24,0,0,0,0.0,0,0,False,False,2025,5,May
2025-05-06,SOL-02,Cedar Bend Solar,Solar,Coastal Plain,95,626.2,653.4,-27.2,-4.2,0.2746,100.0,24,0,0,0,0.0,0,0,False,False,2025,5,May
2025-05-07,SOL-02,Cedar Bend Solar,Solar,Coastal Plain,95,347.3,655.7,-308.4,-47.0,0.1523,58.3,14,0,10,10,13223.25,1,0,False,False,2025,5,May
2025-05-08,SOL-02,Cedar Bend Solar,Solar,Coastal Plain,95,797.5,658.1,139.4,21.2,0.3498,100.0,24,0,0,0,0.0,0,0,False,False,2025,5,May
2025-05-09,SOL-02,Cedar Bend Solar,Solar,Coastal Plain,95,633.9,660.4,-26.5,-4.0,0.278,100.0,24,0,0,0,0.0,0,0,False,False,2025,5,May
2025-05-10,SOL-02,Cedar Bend Solar,Solar,Coastal Plain,95,669.3,662.6,6.7,1.0,0.2936,100.0,24,0,0,0,0.0,0,0,False,False,2025,5,May
2025-05-11,SOL-02,Cedar Bend Solar,Solar,Coastal Plain,95,793.7,664.8,128.9,19.4,0.3481,100.0,24,0,0,0,0.0,0,0,False,False,2025,5,May
2025-05-12,SOL-02,Cedar Bend Solar,Solar,Coastal Plain,95,582.7,667.0,-84.3,-12.6,0.2556,100.0,24,0,0,0,0.0,0,0,False,False,2025,5,May
2025-05-13,SOL-02,Cedar Bend Solar,Solar,Coastal Plain,95,624.8,669.1,-44.3,-6.6,0.274,100.0,24,0,0,0,0.0,0,0,False,False,2025,5,May
2025-05-14,SOL-02,Cedar Bend Solar,Solar,Coastal Plain,95,600.1,671.2,-71.1,-10.6,0.2632,100.0,24,0,0,0,0.0,0,0,False,False,2025,5,May
2025-05-15,SOL-02,Cedar Bend Solar,Solar,Coastal Plain,95,398.5,673.2,-274.7,-40.8,0.1748,100.0,24,0,0,0,0.0,0,0,False,False,2025,5,May
2025-05-16,SOL-02,Cedar Bend Solar,Solar,Coastal Plain,95,753.7,675.2,78.5,11.6,0.3306,100.0,24,0,0,0,0.0,0,0,False,False,2025,5,May
2025-05-17,SOL-02,Cedar Bend Solar,Solar,Coastal Plain,95,739.1,677.1,62.0,9.2,0.3242,100.0,24,0,0,0,0.0,0,0,False,False,2025,5,May
2025-05-18,SOL-02,Cedar Bend Solar,Solar,Coastal Plain,95,491.3,679.0,-187.7,-27.6,0.2155,100.0,24,0,0,0,0.0,0,0,False,False,2025,5,May
2025-05-19,SOL-02,Cedar Bend Solar,Solar,Coastal Plain,95,759.0,680.8,78.2,11.5,0.3329,100.0,24,0,0,0,0.0,0,0,False,False,2025,5,May
2025-05-20,SOL-02,Cedar Bend Solar,Solar,Coastal Plain,95,566.7,682.6,-115.9,-17.0,0.2486,100.0,24,0,0,0,0.0,0,0,False,False,2025,5,May
2025-05-21,SOL-02,Cedar Bend Solar,Solar,Coastal Plain,95,815.7,684.3,131.4,19.2,0.3578,100.0,24,0,0,0,0.0,0,0,False,False,2025,5,May
2025-05-22,SOL-02,Cedar Bend Solar,Solar,Coastal Plain,95,502.7,686.0,-183.3,-26.7,0.2205,100.0,24,0,0,0,0.0,0,0,False,False,2025,5,May
2025-05-23,SOL-02,Cedar Bend Solar,Solar,Coastal Plain,95,775.8,687.6,88.2,12.8,0.3403,100.0,24,0,0,0,0.0,0,0,False,False,2025,5,May
2025-05-24,SOL-02,Cedar Bend Solar,Solar,Coastal Plain,95,551.8,689.2,-137.4,-19.9,0.242,100.0,24,0,0,0,0.0,0,0,False,False,2025,5,May
2025-05-25,SOL-02,Cedar Bend Solar,Solar,Coastal Plain,95,610.8,690.8,-80.0,-11.6,0.2679,83.3,20,0,4,4,5289.3,1,0,False,False,2025,5,May
2025-05-26,SOL-02,Cedar Bend Solar,Solar,Coastal Plain,95,699.1,692.2,6.9,1.0,0.3066,100.0,24,0,0,0,0.0,0,0,False,False,2025,5,May
2025-05-27,SOL-02,Cedar Bend Solar,Solar,Coastal Plain,95,594.2,693.7,-99.5,-14.3,0.2606,100.0,24,0,0,0,0.0,0,0,False,False,2025,5,May
2025-05-28,SOL-02,Cedar Bend Solar,Solar,Coastal Plain,95,698.2,695.0,3.2,0.5,0.3062,100.0,24,0,0,0,0.0,0,0,False,False,2025,5,May
2025-05-29,SOL-02,Cedar Bend Solar,Solar,Coastal Plain,95,802.4,696.4,106.0,15.2,0.3519,100.0,24,0,0,0,0.0,0,0,False,False,2025,5,May
2025-05-30,SOL-02,Cedar Bend Solar,Solar,Coastal Plain,95,710.4,697.6,12.8,1.8,0.3116,100.0,24,0,0,0,0.0,0,0,False,False,2025,5,May
2025-05-31,SOL-02,Cedar Bend Solar,Solar,Coastal Plain,95,782.7,698.9,83.8,12.0,0.3433,100.0,24,0,0,0,0.0,0,0,False,False,2025,5,May
2025-06-01,SOL-02,Cedar Bend Solar,Solar,Coastal Plain,95,691.8,700.0,-8.2,-1.2,0.3034,100.0,24,0,0,0,0.0,0,0,False,False,2025,6,June
2025-06-02,SOL-02,Cedar Bend Solar,Solar,Coastal Plain,95,710.2,701.1,9.1,1.3,0.3115,100.0,24,0,0,0,0.0,0,0,False,False,2025,6,June
2025-06-03,SOL-02,Cedar Bend Solar,Solar,Coastal Plain,95,667.9,702.2,-34.3,-4.9,0.2929,100.0,24,0,0,0,0.0,0,0,False,False,2025,6,June
2025-06-04,SOL-02,Cedar Bend Solar,Solar,Coastal Plain,95,781.1,703.2,77.9,11.1,0.3426,100.0,24,0,0,0,0.0,0,0,False,False,2025,6,June
2025-06-05,SOL-02,Cedar Bend Solar,Solar,Coastal Plain,95,849.8,704.1,145.7,20.7,0.3727,100.0,24,0,0,0,0.0,0,0,False,False,2025,6,June
2025-06-06,SOL-02,Cedar Bend Solar,Solar,Coastal Plain,95,596.5,705.0,-108.5,-15.4,0.2616,100.0,24,0,0,0,0.0,0,0,False,False,2025,6,June
2025-06-07,SOL-02,Cedar Bend Solar,Solar,Coastal Plain,95,791.2,705.8,85.4,12.1,0.347,100.0,24,0,0,0,0.0,0,0,False,False,2025,6,June
2025-06-08,SOL-02,Cedar Bend Solar,Solar,Coastal Plain,95,879.4,706.6,172.8,24.5,0.3857,100.0,24,0,0,0,0.0,0,0,False,False,2025,6,June
2025-06-09,SOL-02,Cedar Bend Solar,Solar,Coastal Plain,95,253.7,707.3,-453.6,-64.1,0.1113,100.0,24,0,0,0,0.0,0,0,False,False,2025,6,June
2025-06-10,SOL-02,Cedar Bend Solar,Solar,Coastal Plain,95,668.8,708.0,-39.2,-5.5,0.2933,100.0,24,0,0,0,0.0,0,0,False,False,2025,6,June
2025-06-11,SOL-02,Cedar Bend Solar,Solar,Coastal Plain,95,628.0,708.6,-80.6,-11.4,0.2754,100.0,24,0,0,0,0.0,0,0,False,False,2025,6,June
2025-06-12,SOL-02,Cedar Bend Solar,Solar,Coastal Plain,95,334.8,709.1,-374.3,-52.8,0.1468,54.2,13,0,11,11,14545.58,1,0,False,False,2025,6,June
2025-06-13,SOL-02,Cedar Bend Solar,Solar,Coastal Plain,95,882.9,709.6,173.3,24.4,0.3872,100.0,24,0,0,0,0.0,0,0,False,False,2025,6,June
2025-06-14,SOL-02,Cedar Bend Solar,Solar,Coastal Plain,95,561.6,710.1,-148.5,-20.9,0.2463,100.0,24,0,0,0,0.0,0,0,False,False,2025,6,June
2025-06-15,SOL-02,Cedar Bend Solar,Solar,Coastal Plain,95,771.3,710.4,60.9,8.6,0.3383,100.0,24,0,0,0,0.0,0,0,False,False,2025,6,June
2025-06-16,SOL-02,Cedar Bend Solar,Solar,Coastal Plain,95,574.9,710.8,-135.9,-19.1,0.2521,100.0,24,0,0,0,0.0,0,0,False,False,2025,6,June
2025-06-17,SOL-02,Cedar Bend Solar,Solar,Coastal Plain,95,689.7,711.0,-21.3,-3.0,0.3025,100.0,24,0,0,0,0.0,0,0,False,False,2025,6,June
2025-06-18,SOL-02,Cedar Bend Solar,Solar,Coastal Plain,95,656.9,711.2,-54.3,-7.6,0.2881,100.0,24,0,0,0,0.0,0,0,False,False,2025,6,June
2025-06-19,SOL-02,Cedar Bend Solar,Solar,Coastal Plain,95,818.1,711.4,106.7,15.0,0.3588,100.0,24,0,0,0,0.0,0,0,False,False,2025,6,June
2025-06-20,SOL-02,Cedar Bend Solar,Solar,Coastal Plain,95,730.6,711.5,19.1,2.7,0.3204,100.0,24,0,0,0,0.0,0,0,False,False,2025,6,June
2025-06-21,SOL-02,Cedar Bend Solar,Solar,Coastal Plain,95,774.0,711.5,62.5,8.8,0.3395,100.0,24,0,0,0,0.0,0,0,False,False,2025,6,June
2025-06-22,SOL-02,Cedar Bend Solar,Solar,Coastal Plain,95,750.7,711.5,39.2,5.5,0.3293,100.0,24,0,0,0,0.0,0,0,False,False,2025,6,June
2025-06-23,SOL-02,Cedar Bend Solar,Solar,Coastal Plain,95,836.8,711.4,125.4,17.6,0.367,100.0,24,0,0,0,0.0,0,0,False,False,2025,6,June
2025-06-24,SOL-02,Cedar Bend Solar,Solar,Coastal Plain,95,871.6,711.2,160.4,22.6,0.3823,100.0,24,0,0,0,0.0,0,0,False,False,2025,6,June
2025-06-25,SOL-02,Cedar Bend Solar,Solar,Coastal Plain,95,822.5,711.0,111.5,15.7,0.3607,100.0,24,0,0,0,0.0,0,0,False,False,2025,6,June
2025-06-26,SOL-02,Cedar Bend Solar,Solar,Coastal Plain,95,661.0,710.8,-49.8,-7.0,0.2899,100.0,24,0,0,0,0.0,0,0,False,False,2025,6,June
2025-06-27,SOL-02,Cedar Bend Solar,Solar,Coastal Plain,95,795.2,710.4,84.8,11.9,0.3488,100.0,24,0,0,0,0.0,0,0,False,False,2025,6,June
2025-06-28,SOL-02,Cedar Bend Solar,Solar,Coastal Plain,95,828.3,710.1,118.2,16.6,0.3633,100.0,24,0,0,0,0.0,0,0,False,False,2025,6,June
2025-06-29,SOL-02,Cedar Bend Solar,Solar,Coastal Plain,95,767.3,709.6,57.7,8.1,0.3365,100.0,24,0,0,0,0.0,0,0,False,False,2025,6,June
2025-06-30,SOL-02,Cedar Bend Solar,Solar,Coastal Plain,95,628.6,709.1,-80.5,-11.4,0.2757,100.0,24,0,0,0,0.0,0,0,False,False,2025,6,June
2025-07-01,SOL-02,Cedar Bend Solar,Solar,Coastal Plain,95,840.5,708.6,131.9,18.6,0.3686,100.0,24,0,0,0,0.0,0,0,False,False,2025,7,July
2025-07-02,SOL-02,Cedar Bend Solar,Solar,Coastal Plain,95,715.8,708.0,7.8,1.1,0.3139,100.0,24,0,0,0,0.0,0,0,False,False,2025,7,July
2025-07-03,SOL-02,Cedar Bend Solar,Solar,Coastal Plain,95,825.6,707.3,118.3,16.7,0.3621,100.0,24,0,0,0,0.0,0,0,False,False,2025,7,July
2025-07-04,SOL-02,Cedar Bend Solar,Solar,Coastal Plain,95,613.5,706.6,-93.1,-13.2,0.2691,100.0,24,0,0,0,0.0,0,0,False,False,2025,7,July
2025-07-05,SOL-02,Cedar Bend Solar,Solar,Coastal Plain,95,750.6,705.8,44.8,6.3,0.3292,100.0,24,0,0,0,0.0,0,0,False,False,2025,7,July
2025-07-06,SOL-02,Cedar Bend Solar,Solar,Coastal Plain,95,825.1,705.0,120.1,17.0,0.3619,100.0,24,0,0,0,0.0,0,0,False,False,2025,7,July
2025-07-07,SOL-02,Cedar Bend Solar,Solar,Coastal Plain,95,864.2,704.1,160.1,22.7,0.379,100.0,24,0,0,0,0.0,0,0,False,False,2025,7,July
2025-07-08,SOL-02,Cedar Bend Solar,Solar,Coastal Plain,95,759.4,703.2,56.2,8.0,0.3331,100.0,24,0,0,0,0.0,0,0,False,False,2025,7,July
2025-07-09,SOL-02,Cedar Bend Solar,Solar,Coastal Plain,95,846.3,702.2,144.1,20.5,0.3712,100.0,24,0,0,0,0.0,0,0,False,False,2025,7,July
2025-07-10,SOL-02,Cedar Bend Solar,Solar,Coastal Plain,95,826.4,701.1,125.3,17.9,0.3625,100.0,24,0,0,0,0.0,0,0,False,False,2025,7,July
2025-07-11,SOL-02,Cedar Bend Solar,Solar,Coastal Plain,95,854.3,700.0,154.3,22.0,0.3747,100.0,24,0,0,0,0.0,0,0,False,False,2025,7,July
2025-07-12,SOL-02,Cedar Bend Solar,Solar,Coastal Plain,95,734.4,698.9,35.5,5.1,0.3221,100.0,24,0,0,0,0.0,0,0,False,False,2025,7,July
2025-07-13,SOL-02,Cedar Bend Solar,Solar,Coastal Plain,95,678.1,697.6,-19.5,-2.8,0.2974,100.0,24,0,0,0,0.0,0,0,False,False,2025,7,July
2025-07-14,SOL-02,Cedar Bend Solar,Solar,Coastal Plain,95,587.1,696.4,-109.3,-15.7,0.2575,100.0,24,0,0,0,0.0,0,0,False,False,2025,7,July
2025-07-15,SOL-02,Cedar Bend Solar,Solar,Coastal Plain,95,421.7,434.4,-12.7,-2.9,0.185,62.5,15,9,0,9,6660.81,1,0,False,False,2025,7,July
2025-07-16,SOL-02,Cedar Bend Solar,Solar,Coastal Plain,95,700.7,693.7,7.0,1.0,0.3073,100.0,24,0,0,0,0.0,0,0,False,False,2025,7,July
2025-07-17,SOL-02,Cedar Bend Solar,Solar,Coastal Plain,95,799.6,692.2,107.4,15.5,0.3507,100.0,24,0,0,0,0.0,0,0,False,False,2025,7,July
2025-07-18,SOL-02,Cedar Bend Solar,Solar,Coastal Plain,95,810.7,690.8,119.9,17.4,0.3556,100.0,24,0,0,0,0.0,0,0,False,False,2025,7,July
2025-07-19,SOL-02,Cedar Bend Solar,Solar,Coastal Plain,95,736.3,689.2,47.1,6.8,0.3229,100.0,24,0,0,0,0.0,0,0,False,False,2025,7,July
2025-07-20,SOL-02,Cedar Bend Solar,Solar,Coastal Plain,95,828.4,687.6,140.8,20.5,0.3633,100.0,24,0,0,0,0.0,0,0,False,False,2025,7,July
2025-07-21,SOL-02,Cedar Bend Solar,Solar,Coastal Plain,95,522.0,686.0,-164.0,-23.9,0.2289,100.0,24,0,0,0,0.0,0,0,False,False,2025,7,July
2025-07-22,SOL-02,Cedar Bend Solar,Solar,Coastal Plain,95,755.7,684.3,71.4,10.4,0.3314,100.0,24,0,0,0,0.0,0,0,False,False,2025,7,July
2025-07-23,SOL-02,Cedar Bend Solar,Solar,Coastal Plain,95,820.8,682.6,138.2,20.2,0.36,100.0,24,0,0,0,0.0,0,0,False,False,2025,7,July
2025-07-24,SOL-02,Cedar Bend Solar,Solar,Coastal Plain,95,366.0,680.8,-314.8,-46.2,0.1605,100.0,24,0,0,0,0.0,0,0,False,False,2025,7,July
2025-07-25,SOL-02,Cedar Bend Solar,Solar,Coastal Plain,95,567.1,679.0,-111.9,-16.5,0.2487,100.0,24,0,0,0,0.0,0,0,False,False,2025,7,July
2025-07-26,SOL-02,Cedar Bend Solar,Solar,Coastal Plain,95,683.1,677.1,6.0,0.9,0.2996,100.0,24,0,0,0,0.0,0,0,False,False,2025,7,July
2025-07-27,SOL-02,Cedar Bend Solar,Solar,Coastal Plain,95,799.1,675.2,123.9,18.4,0.3505,100.0,24,0,0,0,0.0,0,0,False,False,2025,7,July
2025-07-28,SOL-02,Cedar Bend Solar,Solar,Coastal Plain,95,471.3,673.2,-201.9,-30.0,0.2067,100.0,24,0,0,0,0.0,0,0,False,False,2025,7,July
2025-07-29,SOL-02,Cedar Bend Solar,Solar,Coastal Plain,95,784.0,671.2,112.8,16.8,0.3439,100.0,24,0,0,0,0.0,0,0,False,False,2025,7,July
2025-07-30,SOL-02,Cedar Bend Solar,Solar,Coastal Plain,95,332.2,473.9,-141.7,-29.9,0.1457,70.8,17,7,0,7,4616.49,1,0,False,False,2025,7,July
2025-07-31,SOL-02,Cedar Bend Solar,Solar,Coastal Plain,95,730.4,667.0,63.4,9.5,0.3204,100.0,24,0,0,0,0.0,0,0,False,False,2025,7,July
2025-08-01,SOL-02,Cedar Bend Solar,Solar,Coastal Plain,95,501.9,664.8,-162.9,-24.5,0.2201,100.0,24,0,0,0,0.0,0,0,False,False,2025,8,August
2025-08-02,SOL-02,Cedar Bend Solar,Solar,Coastal Plain,95,753.4,662.6,90.8,13.7,0.3304,100.0,24,0,0,0,0.0,0,0,False,False,2025,8,August
2025-08-03,SOL-02,Cedar Bend Solar,Solar,Coastal Plain,95,699.7,660.4,39.3,6.0,0.3069,100.0,24,0,0,0,0.0,0,0,False,False,2025,8,August
2025-08-04,SOL-02,Cedar Bend Solar,Solar,Coastal Plain,95,399.7,658.1,-258.4,-39.3,0.1753,100.0,24,0,0,0,0.0,0,0,False,False,2025,8,August
2025-08-05,SOL-02,Cedar Bend Solar,Solar,Coastal Plain,95,630.8,655.7,-24.9,-3.8,0.2767,100.0,24,0,0,0,0.0,0,0,False,False,2025,8,August
2025-08-06,SOL-02,Cedar Bend Solar,Solar,Coastal Plain,95,710.1,653.4,56.7,8.7,0.3114,100.0,24,0,0,0,0.0,0,0,False,False,2025,8,August
2025-08-07,SOL-02,Cedar Bend Solar,Solar,Coastal Plain,95,239.0,650.9,-411.9,-63.3,0.1048,100.0,24,0,0,0,0.0,0,0,False,False,2025,8,August
2025-08-08,SOL-02,Cedar Bend Solar,Solar,Coastal Plain,95,308.6,648.5,-339.9,-52.4,0.1354,100.0,24,0,0,0,0.0,0,0,False,False,2025,8,August
2025-08-09,SOL-02,Cedar Bend Solar,Solar,Coastal Plain,95,689.9,646.0,43.9,6.8,0.3026,100.0,24,0,0,0,0.0,0,0,False,False,2025,8,August
2025-08-10,SOL-02,Cedar Bend Solar,Solar,Coastal Plain,95,685.8,643.5,42.3,6.6,0.3008,100.0,24,0,0,0,0.0,0,0,False,False,2025,8,August
2025-08-11,SOL-02,Cedar Bend Solar,Solar,Coastal Plain,95,750.8,640.9,109.9,17.1,0.3293,100.0,24,0,0,0,0.0,0,0,False,False,2025,8,August
2025-08-12,SOL-02,Cedar Bend Solar,Solar,Coastal Plain,95,766.1,638.3,127.8,20.0,0.336,100.0,24,0,0,0,0.0,0,0,False,False,2025,8,August
2025-08-13,SOL-02,Cedar Bend Solar,Solar,Coastal Plain,95,619.5,635.6,-16.1,-2.5,0.2717,100.0,24,0,0,0,0.0,0,0,False,False,2025,8,August
2025-08-14,SOL-02,Cedar Bend Solar,Solar,Coastal Plain,95,675.2,633.0,42.2,6.7,0.2961,100.0,24,0,0,0,0.0,0,0,False,False,2025,8,August
2025-08-15,SOL-02,Cedar Bend Solar,Solar,Coastal Plain,95,740.9,630.3,110.6,17.5,0.325,100.0,24,0,0,0,0.0,0,0,False,False,2025,8,August
2025-08-16,SOL-02,Cedar Bend Solar,Solar,Coastal Plain,95,375.7,627.5,-251.8,-40.1,0.1648,100.0,24,0,0,0,0.0,0,0,False,False,2025,8,August
2025-08-17,SOL-02,Cedar Bend Solar,Solar,Coastal Plain,95,702.3,624.7,77.6,12.4,0.308,100.0,24,0,0,0,0.0,0,0,False,False,2025,8,August
2025-08-18,SOL-02,Cedar Bend Solar,Solar,Coastal Plain,95,662.5,621.9,40.6,6.5,0.2906,100.0,24,0,0,0,0.0,0,0,False,False,2025,8,August
2025-08-19,SOL-02,Cedar Bend Solar,Solar,Coastal Plain,95,685.8,619.1,66.7,10.8,0.3008,100.0,24,0,0,0,0.0,0,0,False,False,2025,8,August
2025-08-20,SOL-02,Cedar Bend Solar,Solar,Coastal Plain,95,462.5,616.2,-153.7,-24.9,0.2029,100.0,24,0,0,0,0.0,0,0,False,False,2025,8,August
2025-08-21,SOL-02,Cedar Bend Solar,Solar,Coastal Plain,95,200.2,613.3,-413.1,-67.4,0.0878,100.0,24,0,0,0,0.0,0,0,False,False,2025,8,August
2025-08-22,SOL-02,Cedar Bend Solar,Solar,Coastal Plain,95,508.3,610.4,-102.1,-16.7,0.2229,100.0,24,0,0,0,0.0,0,0,False,False,2025,8,August
2025-08-23,SOL-02,Cedar Bend Solar,Solar,Coastal Plain,95,573.8,607.4,-33.6,-5.5,0.2517,100.0,24,0,0,0,0.0,0,0,False,False,2025,8,August
2025-08-24,SOL-02,Cedar Bend Solar,Solar,Coastal Plain,95,614.1,604.4,9.7,1.6,0.2693,100.0,24,0,0,0,0.0,0,0,False,False,2025,8,August
2025-08-25,SOL-02,Cedar Bend Solar,Solar,Coastal Plain,95,511.8,601.4,-89.6,-14.9,0.2245,100.0,24,0,0,0,0.0,0,0,False,False,2025,8,August
2025-08-26,SOL-02,Cedar Bend Solar,Solar,Coastal Plain,95,388.2,598.4,-210.2,-35.1,0.1703,100.0,24,0,0,0,0.0,0,0,False,False,2025,8,August
2025-08-27,SOL-02,Cedar Bend Solar,Solar,Coastal Plain,95,524.2,595.3,-71.1,-11.9,0.2299,100.0,24,0,0,0,0.0,0,0,False,False,2025,8,August
2025-08-28,SOL-02,Cedar Bend Solar,Solar,Coastal Plain,95,423.7,592.2,-168.5,-28.5,0.1858,100.0,24,0,0,0,0.0,0,0,False,False,2025,8,August
2025-08-29,SOL-02,Cedar Bend Solar,Solar,Coastal Plain,95,385.6,589.1,-203.5,-34.5,0.1691,100.0,24,0,0,0,0.0,0,0,False,False,2025,8,August
2025-08-30,SOL-02,Cedar Bend Solar,Solar,Coastal Plain,95,625.7,586.0,39.7,6.8,0.2744,100.0,24,0,0,0,0.0,0,0,False,False,2025,8,August
2025-08-31,SOL-02,Cedar Bend Solar,Solar,Coastal Plain,95,437.5,582.8,-145.3,-24.9,0.1919,62.5,15,0,9,9,11900.92,1,0,False,False,2025,8,August
2025-09-01,SOL-02,Cedar Bend Solar,Solar,Coastal Plain,95,504.7,579.6,-74.9,-12.9,0.2214,100.0,24,0,0,0,0.0,0,0,False,False,2025,9,September
2025-09-02,SOL-02,Cedar Bend Solar,Solar,Coastal Plain,95,663.2,576.5,86.7,15.0,0.2909,100.0,24,0,0,0,0.0,0,0,False,False,2025,9,September
2025-09-03,SOL-02,Cedar Bend Solar,Solar,Coastal Plain,95,525.1,573.2,-48.1,-8.4,0.2303,100.0,24,0,0,0,0.0,0,0,False,False,2025,9,September
2025-09-04,SOL-02,Cedar Bend Solar,Solar,Coastal Plain,95,704.9,570.0,134.9,23.7,0.3092,100.0,24,0,0,0,0.0,0,0,False,False,2025,9,September
2025-09-05,SOL-02,Cedar Bend Solar,Solar,Coastal Plain,95,363.3,330.6,32.7,9.9,0.1593,58.3,14,10,0,10,7155.84,1,0,False,False,2025,9,September
2025-09-06,SOL-02,Cedar Bend Solar,Solar,Coastal Plain,95,629.4,563.5,65.9,11.7,0.2761,100.0,24,0,0,0,0.0,0,0,False,False,2025,9,September
2025-09-07,SOL-02,Cedar Bend Solar,Solar,Coastal Plain,95,389.9,560.2,-170.3,-30.4,0.171,100.0,24,0,0,0,0.0,0,0,False,False,2025,9,September
2025-09-08,SOL-02,Cedar Bend Solar,Solar,Coastal Plain,95,442.6,557.0,-114.4,-20.5,0.1941,100.0,24,0,0,0,0.0,0,0,False,False,2025,9,September
2025-09-09,SOL-02,Cedar Bend Solar,Solar,Coastal Plain,95,517.4,553.7,-36.3,-6.6,0.2269,100.0,24,0,0,0,0.0,0,0,False,False,2025,9,September
2025-09-10,SOL-02,Cedar Bend Solar,Solar,Coastal Plain,95,389.8,550.4,-160.6,-29.2,0.171,100.0,24,0,0,0,0.0,0,0,False,False,2025,9,September
2025-09-11,SOL-02,Cedar Bend Solar,Solar,Coastal Plain,95,629.7,547.0,82.7,15.1,0.2762,100.0,24,0,0,0,0.0,0,0,False,False,2025,9,September
2025-09-12,SOL-02,Cedar Bend Solar,Solar,Coastal Plain,95,539.9,543.7,-3.8,-0.7,0.2368,100.0,24,0,0,0,0.0,0,0,False,False,2025,9,September
2025-09-13,SOL-02,Cedar Bend Solar,Solar,Coastal Plain,95,620.7,540.4,80.3,14.9,0.2722,100.0,24,0,0,0,0.0,0,0,False,False,2025,9,September
2025-09-14,SOL-02,Cedar Bend Solar,Solar,Coastal Plain,95,584.3,537.0,47.3,8.8,0.2563,100.0,24,0,0,0,0.0,0,0,False,False,2025,9,September
2025-09-15,SOL-02,Cedar Bend Solar,Solar,Coastal Plain,95,634.0,533.7,100.3,18.8,0.2781,100.0,24,0,0,0,0.0,0,0,False,False,2025,9,September
2025-09-16,SOL-02,Cedar Bend Solar,Solar,Coastal Plain,95,318.8,331.5,-12.7,-3.8,0.1398,62.5,15,9,0,9,6987.26,1,0,False,False,2025,9,September
2025-09-17,SOL-02,Cedar Bend Solar,Solar,Coastal Plain,95,527.1,527.0,0.1,0.0,0.2312,100.0,24,0,0,0,0.0,0,0,False,False,2025,9,September
2025-09-18,SOL-02,Cedar Bend Solar,Solar,Coastal Plain,95,553.4,523.6,29.8,5.7,0.2427,100.0,24,0,0,0,0.0,0,0,False,False,2025,9,September
2025-09-19,SOL-02,Cedar Bend Solar,Solar,Coastal Plain,95,477.3,520.2,-42.9,-8.2,0.2093,100.0,24,0,0,0,0.0,0,0,False,False,2025,9,September
2025-09-20,SOL-02,Cedar Bend Solar,Solar,Coastal Plain,95,562.7,516.9,45.8,8.9,0.2468,100.0,24,0,0,0,0.0,0,0,False,False,2025,9,September
2025-09-21,SOL-02,Cedar Bend Solar,Solar,Coastal Plain,95,556.3,513.5,42.8,8.3,0.244,100.0,24,0,0,0,0.0,0,0,False,False,2025,9,September
2025-09-22,SOL-02,Cedar Bend Solar,Solar,Coastal Plain,95,524.4,510.2,14.2,2.8,0.23,100.0,24,0,0,0,0.0,0,0,False,False,2025,9,September
2025-09-23,SOL-02,Cedar Bend Solar,Solar,Coastal Plain,95,477.8,506.8,-29.0,-5.7,0.2096,100.0,24,0,0,0,0.0,0,0,False,False,2025,9,September
2025-09-24,SOL-02,Cedar Bend Solar,Solar,Coastal Plain,95,532.8,503.4,29.4,5.8,0.2337,100.0,24,0,0,0,0.0,0,0,False,False,2025,9,September
2025-09-25,SOL-02,Cedar Bend Solar,Solar,Coastal Plain,95,632.7,500.1,132.6,26.5,0.2775,100.0,24,0,0,0,0.0,0,0,False,False,2025,9,September
2025-09-26,SOL-02,Cedar Bend Solar,Solar,Coastal Plain,95,558.6,496.7,61.9,12.5,0.245,100.0,24,0,0,0,0.0,0,0,False,False,2025,9,September
2025-09-27,SOL-02,Cedar Bend Solar,Solar,Coastal Plain,95,419.3,493.4,-74.1,-15.0,0.1839,100.0,24,0,0,0,0.0,0,0,False,False,2025,9,September
2025-09-28,SOL-02,Cedar Bend Solar,Solar,Coastal Plain,95,491.2,490.0,1.2,0.2,0.2154,100.0,24,0,0,0,0.0,0,0,False,False,2025,9,September
2025-09-29,SOL-02,Cedar Bend Solar,Solar,Coastal Plain,95,354.5,486.7,-132.2,-27.2,0.1555,100.0,24,0,0,0,0.0,0,0,False,False,2025,9,September
2025-09-30,SOL-02,Cedar Bend Solar,Solar,Coastal Plain,95,445.4,483.4,-38.0,-7.9,0.1954,100.0,24,0,0,0,0.0,0,0,False,False,2025,9,September
2025-10-01,SOL-02,Cedar Bend Solar,Solar,Coastal Plain,95,608.7,480.1,128.6,26.8,0.267,100.0,24,0,0,0,0.0,0,0,False,False,2025,10,October
2025-10-02,SOL-02,Cedar Bend Solar,Solar,Coastal Plain,95,521.7,476.8,44.9,9.4,0.2288,100.0,24,0,0,0,0.0,0,0,False,False,2025,10,October
2025-10-03,SOL-02,Cedar Bend Solar,Solar,Coastal Plain,95,530.1,473.5,56.6,12.0,0.2325,100.0,24,0,0,0,0.0,0,0,False,False,2025,10,October
2025-10-04,SOL-02,Cedar Bend Solar,Solar,Coastal Plain,95,587.3,470.2,117.1,24.9,0.2576,100.0,24,0,0,0,0.0,0,0,False,False,2025,10,October
2025-10-05,SOL-02,Cedar Bend Solar,Solar,Coastal Plain,95,275.9,466.9,-191.0,-40.9,0.121,100.0,24,0,0,0,0.0,0,0,False,False,2025,10,October
2025-10-06,SOL-02,Cedar Bend Solar,Solar,Coastal Plain,95,440.9,463.7,-22.8,-4.9,0.1934,100.0,24,0,0,0,0.0,0,1,False,False,2025,10,October
2025-10-07,SOL-02,Cedar Bend Solar,Solar,Coastal Plain,95,570.2,460.4,109.8,23.8,0.2501,100.0,24,0,0,0,0.0,0,0,False,False,2025,10,October
2025-10-08,SOL-02,Cedar Bend Solar,Solar,Coastal Plain,95,549.3,457.2,92.1,20.1,0.2409,100.0,24,0,0,0,0.0,0,0,False,False,2025,10,October
2025-10-09,SOL-02,Cedar Bend Solar,Solar,Coastal Plain,95,404.8,454.0,-49.2,-10.8,0.1775,100.0,24,0,0,0,0.0,0,0,False,False,2025,10,October
2025-10-10,SOL-02,Cedar Bend Solar,Solar,Coastal Plain,95,423.3,450.8,-27.5,-6.1,0.1857,100.0,24,0,0,0,0.0,0,0,False,False,2025,10,October
2025-10-11,SOL-02,Cedar Bend Solar,Solar,Coastal Plain,95,441.4,447.7,-6.3,-1.4,0.1936,100.0,24,0,0,0,0.0,0,0,False,False,2025,10,October
2025-10-12,SOL-02,Cedar Bend Solar,Solar,Coastal Plain,95,443.1,444.5,-1.4,-0.3,0.1943,100.0,24,0,0,0,0.0,0,0,False,False,2025,10,October
2025-10-13,SOL-02,Cedar Bend Solar,Solar,Coastal Plain,95,454.4,441.4,13.0,2.9,0.1993,100.0,24,0,0,0,0.0,0,0,False,False,2025,10,October
2025-10-14,SOL-02,Cedar Bend Solar,Solar,Coastal Plain,95,339.1,438.3,-99.2,-22.6,0.1487,100.0,24,0,0,0,0.0,0,0,False,False,2025,10,October
2025-10-15,SOL-02,Cedar Bend Solar,Solar,Coastal Plain,95,373.3,435.2,-61.9,-14.2,0.1637,100.0,24,0,0,0,0.0,0,0,False,False,2025,10,October
2025-10-16,SOL-02,Cedar Bend Solar,Solar,Coastal Plain,95,477.3,432.2,45.1,10.4,0.2093,100.0,24,0,0,0,0.0,0,0,False,False,2025,10,October
2025-10-17,SOL-02,Cedar Bend Solar,Solar,Coastal Plain,95,464.8,429.1,35.7,8.3,0.2039,100.0,24,0,0,0,0.0,0,0,False,False,2025,10,October
2025-10-18,SOL-02,Cedar Bend Solar,Solar,Coastal Plain,95,396.9,426.1,-29.2,-6.9,0.1741,100.0,24,0,0,0,0.0,0,0,False,False,2025,10,October
2025-10-19,SOL-02,Cedar Bend Solar,Solar,Coastal Plain,95,378.9,423.1,-44.2,-10.4,0.1662,100.0,24,0,0,0,0.0,0,0,False,False,2025,10,October
2025-10-20,SOL-02,Cedar Bend Solar,Solar,Coastal Plain,95,508.2,420.2,88.0,20.9,0.2229,100.0,24,0,0,0,0.0,0,0,False,False,2025,10,October
2025-10-21,SOL-02,Cedar Bend Solar,Solar,Coastal Plain,95,429.9,417.3,12.6,3.0,0.1886,100.0,24,0,0,0,0.0,0,0,False,False,2025,10,October
2025-10-22,SOL-02,Cedar Bend Solar,Solar,Coastal Plain,95,379.0,414.4,-35.4,-8.5,0.1662,100.0,24,0,0,0,0.0,0,0,False,False,2025,10,October
2025-10-23,SOL-02,Cedar Bend Solar,Solar,Coastal Plain,95,444.7,411.5,33.2,8.1,0.195,100.0,24,0,0,0,0.0,0,0,False,False,2025,10,October
2025-10-24,SOL-02,Cedar Bend Solar,Solar,Coastal Plain,95,255.0,408.7,-153.7,-37.6,0.1118,100.0,24,0,0,0,0.0,0,0,False,False,2025,10,October
2025-10-25,SOL-02,Cedar Bend Solar,Solar,Coastal Plain,95,394.2,405.9,-11.7,-2.9,0.1729,100.0,24,0,0,0,0.0,0,0,False,False,2025,10,October
2025-10-26,SOL-02,Cedar Bend Solar,Solar,Coastal Plain,95,457.3,403.1,54.2,13.4,0.2006,100.0,24,0,0,0,0.0,0,0,False,False,2025,10,October
2025-10-27,SOL-02,Cedar Bend Solar,Solar,Coastal Plain,95,450.6,400.4,50.2,12.5,0.1976,100.0,24,0,0,0,0.0,0,0,False,False,2025,10,October
2025-10-28,SOL-02,Cedar Bend Solar,Solar,Coastal Plain,95,439.6,397.7,41.9,10.5,0.1928,100.0,24,0,0,0,0.0,0,0,False,False,2025,10,October
2025-10-29,SOL-02,Cedar Bend Solar,Solar,Coastal Plain,95,404.6,395.0,9.6,2.4,0.1775,100.0,24,0,0,0,0.0,0,0,False,False,2025,10,October
2025-10-30,SOL-02,Cedar Bend Solar,Solar,Coastal Plain,95,355.1,392.4,-37.3,-9.5,0.1557,100.0,24,0,0,0,0.0,0,0,False,False,2025,10,October
2025-10-31,SOL-02,Cedar Bend Solar,Solar,Coastal Plain,95,386.3,389.8,-3.5,-0.9,0.1694,100.0,24,0,0,0,0.0,0,0,False,False,2025,10,October
2025-11-01,SOL-02,Cedar Bend Solar,Solar,Coastal Plain,95,451.0,387.2,63.8,16.5,0.1978,100.0,24,0,0,0,0.0,0,0,False,False,2025,11,November
2025-11-02,SOL-02,Cedar Bend Solar,Solar,Coastal Plain,95,446.5,384.7,61.8,16.1,0.1958,100.0,24,0,0,0,0.0,0,0,False,False,2025,11,November
2025-11-03,SOL-02,Cedar Bend Solar,Solar,Coastal Plain,95,455.9,382.2,73.7,19.3,0.2,100.0,24,0,0,0,0.0,0,0,False,False,2025,11,November
2025-11-04,SOL-02,Cedar Bend Solar,Solar,Coastal Plain,95,335.9,379.8,-43.9,-11.6,0.1473,100.0,24,0,0,0,0.0,0,0,False,False,2025,11,November
2025-11-05,SOL-02,Cedar Bend Solar,Solar,Coastal Plain,95,375.4,377.4,-2.0,-0.5,0.1646,100.0,24,0,0,0,0.0,0,0,False,False,2025,11,November
2025-11-06,SOL-02,Cedar Bend Solar,Solar,Coastal Plain,95,461.3,375.0,86.3,23.0,0.2023,100.0,24,0,0,0,0.0,0,0,False,False,2025,11,November
2025-11-07,SOL-02,Cedar Bend Solar,Solar,Coastal Plain,95,413.4,372.7,40.7,10.9,0.1813,100.0,24,0,0,0,0.0,0,0,False,False,2025,11,November
2025-11-08,SOL-02,Cedar Bend Solar,Solar,Coastal Plain,95,277.0,370.5,-93.5,-25.2,0.1215,100.0,24,0,0,0,0.0,0,0,False,False,2025,11,November
2025-11-09,SOL-02,Cedar Bend Solar,Solar,Coastal Plain,95,459.6,368.2,91.4,24.8,0.2016,100.0,24,0,0,0,0.0,0,0,False,False,2025,11,November
2025-11-10,SOL-02,Cedar Bend Solar,Solar,Coastal Plain,95,383.4,366.0,17.4,4.8,0.1682,100.0,24,0,0,0,0.0,0,0,False,False,2025,11,November
2025-11-11,SOL-02,Cedar Bend Solar,Solar,Coastal Plain,95,440.0,363.9,76.1,20.9,0.193,100.0,24,0,0,0,0.0,0,0,False,False,2025,11,November
2025-11-12,SOL-02,Cedar Bend Solar,Solar,Coastal Plain,95,283.1,361.8,-78.7,-21.8,0.1242,100.0,24,0,0,0,0.0,0,0,False,False,2025,11,November
2025-11-13,SOL-02,Cedar Bend Solar,Solar,Coastal Plain,95,446.0,359.7,86.3,24.0,0.1956,100.0,24,0,0,0,0.0,0,0,False,False,2025,11,November
2025-11-14,SOL-02,Cedar Bend Solar,Solar,Coastal Plain,95,363.6,357.7,5.9,1.6,0.1595,100.0,24,0,0,0,0.0,0,0,False,False,2025,11,November
2025-11-15,SOL-02,Cedar Bend Solar,Solar,Coastal Plain,95,372.7,355.8,16.9,4.7,0.1635,100.0,24,0,0,0,0.0,0,0,False,False,2025,11,November
2025-11-16,SOL-02,Cedar Bend Solar,Solar,Coastal Plain,95,328.8,353.9,-25.1,-7.1,0.1442,100.0,24,0,0,0,0.0,0,0,False,False,2025,11,November
2025-11-17,SOL-02,Cedar Bend Solar,Solar,Coastal Plain,95,345.8,352.0,-6.2,-1.8,0.1517,100.0,24,0,0,0,0.0,0,0,False,False,2025,11,November
2025-11-18,SOL-02,Cedar Bend Solar,Solar,Coastal Plain,95,416.5,350.2,66.3,18.9,0.1827,100.0,24,0,0,0,0.0,0,0,False,False,2025,11,November
2025-11-19,SOL-02,Cedar Bend Solar,Solar,Coastal Plain,95,385.0,348.4,36.6,10.5,0.1689,100.0,24,0,0,0,0.0,0,0,False,False,2025,11,November
2025-11-20,SOL-02,Cedar Bend Solar,Solar,Coastal Plain,95,344.8,346.7,-1.9,-0.5,0.1512,100.0,24,0,0,0,0.0,0,0,False,False,2025,11,November
2025-11-21,SOL-02,Cedar Bend Solar,Solar,Coastal Plain,95,336.7,345.0,-8.3,-2.4,0.1477,100.0,24,0,0,0,0.0,0,0,False,False,2025,11,November
2025-11-22,SOL-02,Cedar Bend Solar,Solar,Coastal Plain,95,128.8,343.4,-214.6,-62.5,0.0565,100.0,24,0,0,0,0.0,0,0,False,False,2025,11,November
2025-11-23,SOL-02,Cedar Bend Solar,Solar,Coastal Plain,95,330.1,341.9,-11.8,-3.5,0.1448,100.0,24,0,0,0,0.0,0,0,False,False,2025,11,November
2025-11-24,SOL-02,Cedar Bend Solar,Solar,Coastal Plain,95,297.0,340.3,-43.3,-12.7,0.1303,100.0,24,0,0,0,0.0,0,0,False,False,2025,11,November
2025-11-25,SOL-02,Cedar Bend Solar,Solar,Coastal Plain,95,354.5,338.9,15.6,4.6,0.1555,100.0,24,0,0,0,0.0,0,0,False,False,2025,11,November
2025-11-26,SOL-02,Cedar Bend Solar,Solar,Coastal Plain,95,328.9,337.5,-8.6,-2.5,0.1443,100.0,24,0,0,0,0.0,0,0,False,False,2025,11,November
2025-11-27,SOL-02,Cedar Bend Solar,Solar,Coastal Plain,95,305.1,336.1,-31.0,-9.2,0.1338,100.0,24,0,0,0,0.0,0,0,False,False,2025,11,November
2025-11-28,SOL-02,Cedar Bend Solar,Solar,Coastal Plain,95,291.4,334.8,-43.4,-13.0,0.1278,100.0,24,0,0,0,0.0,0,0,False,False,2025,11,November
2025-11-29,SOL-02,Cedar Bend Solar,Solar,Coastal Plain,95,389.9,333.6,56.3,16.9,0.171,100.0,24,0,0,0,0.0,0,0,False,False,2025,11,November
2025-11-30,SOL-02,Cedar Bend Solar,Solar,Coastal Plain,95,303.1,332.4,-29.3,-8.8,0.1329,100.0,24,0,0,0,0.0,0,0,False,False,2025,11,November
2025-12-01,SOL-02,Cedar Bend Solar,Solar,Coastal Plain,95,236.8,331.2,-94.4,-28.5,0.1039,100.0,24,0,0,0,0.0,0,0,False,False,2025,12,December
2025-12-02,SOL-02,Cedar Bend Solar,Solar,Coastal Plain,95,309.2,330.1,-20.9,-6.3,0.1356,100.0,24,0,0,0,0.0,0,0,False,False,2025,12,December
2025-12-03,SOL-02,Cedar Bend Solar,Solar,Coastal Plain,95,266.2,329.1,-62.9,-19.1,0.1168,100.0,24,0,0,0,0.0,0,1,False,False,2025,12,December
2025-12-04,SOL-02,Cedar Bend Solar,Solar,Coastal Plain,95,193.1,328.1,-135.0,-41.1,0.0847,100.0,24,0,0,0,0.0,0,0,False,False,2025,12,December
2025-12-05,SOL-02,Cedar Bend Solar,Solar,Coastal Plain,95,201.2,327.2,-126.0,-38.5,0.0882,100.0,24,0,0,0,0.0,0,0,False,False,2025,12,December
2025-12-06,SOL-02,Cedar Bend Solar,Solar,Coastal Plain,95,258.0,326.3,-68.3,-20.9,0.1132,100.0,24,0,0,0,0.0,0,0,False,False,2025,12,December
2025-12-07,SOL-02,Cedar Bend Solar,Solar,Coastal Plain,95,282.9,325.5,-42.6,-13.1,0.1241,100.0,24,0,0,0,0.0,0,0,False,False,2025,12,December
2025-12-08,SOL-02,Cedar Bend Solar,Solar,Coastal Plain,95,226.5,243.6,-17.1,-7.0,0.0993,75.0,18,6,0,6,4445.19,1,0,False,False,2025,12,December
2025-12-09,SOL-02,Cedar Bend Solar,Solar,Coastal Plain,95,393.2,324.1,69.1,21.3,0.1725,100.0,24,0,0,0,0.0,0,0,False,False,2025,12,December
2025-12-10,SOL-02,Cedar Bend Solar,Solar,Coastal Plain,95,374.2,323.4,50.8,15.7,0.1641,100.0,24,0,0,0,0.0,0,0,False,False,2025,12,December
2025-12-11,SOL-02,Cedar Bend Solar,Solar,Coastal Plain,95,341.6,322.8,18.8,5.8,0.1498,100.0,24,0,0,0,0.0,0,0,False,False,2025,12,December
2025-12-12,SOL-02,Cedar Bend Solar,Solar,Coastal Plain,95,316.1,322.3,-6.2,-1.9,0.1386,100.0,24,0,0,0,0.0,0,0,False,False,2025,12,December
2025-12-13,SOL-02,Cedar Bend Solar,Solar,Coastal Plain,95,356.2,321.9,34.3,10.7,0.1562,100.0,24,0,0,0,0.0,0,0,False,False,2025,12,December
2025-12-14,SOL-02,Cedar Bend Solar,Solar,Coastal Plain,95,261.6,321.4,-59.8,-18.6,0.1147,100.0,24,0,0,0,0.0,0,0,False,False,2025,12,December
2025-12-15,SOL-02,Cedar Bend Solar,Solar,Coastal Plain,95,324.8,321.1,3.7,1.2,0.1425,100.0,24,0,0,0,0.0,0,0,False,False,2025,12,December
2025-12-16,SOL-02,Cedar Bend Solar,Solar,Coastal Plain,95,379.6,320.8,58.8,18.3,0.1665,100.0,24,0,0,0,0.0,0,0,False,False,2025,12,December
2025-12-17,SOL-02,Cedar Bend Solar,Solar,Coastal Plain,95,361.5,320.6,40.9,12.8,0.1586,100.0,24,0,0,0,0.0,0,0,False,False,2025,12,December
2025-12-18,SOL-02,Cedar Bend Solar,Solar,Coastal Plain,95,313.1,320.4,-7.3,-2.3,0.1373,100.0,24,0,0,0,0.0,0,0,False,False,2025,12,December
2025-12-19,SOL-02,Cedar Bend Solar,Solar,Coastal Plain,95,313.5,320.2,-6.7,-2.1,0.1375,100.0,24,0,0,0,0.0,0,0,False,False,2025,12,December
2025-12-20,SOL-02,Cedar Bend Solar,Solar,Coastal Plain,95,331.9,320.2,11.7,3.7,0.1456,100.0,24,0,0,0,0.0,0,0,False,False,2025,12,December
2025-12-21,SOL-02,Cedar Bend Solar,Solar,Coastal Plain,95,382.3,320.2,62.1,19.4,0.1677,100.0,24,0,0,0,0.0,0,0,False,False,2025,12,December
2025-12-22,SOL-02,Cedar Bend Solar,Solar,Coastal Plain,95,256.6,320.2,-63.6,-19.9,0.1125,66.7,16,0,8,8,10578.6,1,0,False,False,2025,12,December
2025-12-23,SOL-02,Cedar Bend Solar,Solar,Coastal Plain,95,382.7,320.3,62.4,19.5,0.1679,100.0,24,0,0,0,0.0,0,0,False,False,2025,12,December
2025-12-24,SOL-02,Cedar Bend Solar,Solar,Coastal Plain,95,255.1,320.5,-65.4,-20.4,0.1119,100.0,24,0,0,0,0.0,0,0,False,False,2025,12,December
2025-12-25,SOL-02,Cedar Bend Solar,Solar,Coastal Plain,95,346.1,320.7,25.4,7.9,0.1518,100.0,24,0,0,0,0.0,0,0,False,False,2025,12,December
2025-12-26,SOL-02,Cedar Bend Solar,Solar,Coastal Plain,95,292.4,321.0,-28.6,-8.9,0.1282,100.0,24,0,0,0,0.0,0,0,False,False,2025,12,December
2025-12-27,SOL-02,Cedar Bend Solar,Solar,Coastal Plain,95,405.6,321.3,84.3,26.2,0.1779,100.0,24,0,0,0,0.0,0,0,False,False,2025,12,December
2025-12-28,SOL-02,Cedar Bend Solar,Solar,Coastal Plain,95,330.1,321.7,8.4,2.6,0.1448,100.0,24,0,0,0,0.0,0,0,False,False,2025,12,December
2025-12-29,SOL-02,Cedar Bend Solar,Solar,Coastal Plain,95,276.4,322.2,-45.8,-14.2,0.1212,100.0,24,0,0,0,0.0,0,0,False,False,2025,12,December
2025-12-30,SOL-02,Cedar Bend Solar,Solar,Coastal Plain,95,381.7,322.7,59.0,18.3,0.1674,100.0,24,0,0,0,0.0,0,0,False,False,2025,12,December
2025-12-31,SOL-02,Cedar Bend Solar,Solar,Coastal Plain,95,342.2,323.3,18.9,5.8,0.1501,100.0,24,0,0,0,0.0,0,0,False,False,2025,12,December
2025-01-01,WND-01,Gale Point Wind,Wind,Coastal Plain,210,2734.2,2811.4,-77.2,-2.7,0.5425,100.0,24,0,0,0,0.0,0,0,False,False,2025,1,January
2025-01-02,WND-01,Gale Point Wind,Wind,Coastal Plain,210,3279.2,3206.9,72.3,2.3,0.6506,100.0,24,0,0,0,0.0,0,0,False,False,2025,1,January
2025-01-03,WND-01,Gale Point Wind,Wind,Coastal Plain,210,1588.8,2446.2,-857.4,-35.1,0.3152,100.0,24,0,0,0,0.0,0,0,False,False,2025,1,January
2025-01-04,WND-01,Gale Point Wind,Wind,Coastal Plain,210,2305.4,2802.8,-497.4,-17.7,0.4574,100.0,24,0,0,0,0.0,0,0,False,False,2025,1,January
2025-01-05,WND-01,Gale Point Wind,Wind,Coastal Plain,210,2377.4,2560.9,-183.5,-7.2,0.4717,100.0,24,0,0,0,0.0,0,0,False,False,2025,1,January
2025-01-06,WND-01,Gale Point Wind,Wind,Coastal Plain,210,2224.0,3165.0,-941.0,-29.7,0.4413,100.0,24,0,0,0,0.0,0,0,False,False,2025,1,January
2025-01-07,WND-01,Gale Point Wind,Wind,Coastal Plain,210,2542.2,2675.3,-133.1,-5.0,0.5044,100.0,24,0,0,0,0.0,0,0,False,False,2025,1,January
2025-01-08,WND-01,Gale Point Wind,Wind,Coastal Plain,210,2332.0,3088.5,-756.5,-24.5,0.4627,100.0,24,0,0,0,0.0,0,0,False,False,2025,1,January
2025-01-09,WND-01,Gale Point Wind,Wind,Coastal Plain,210,1221.3,2264.2,-1042.9,-46.1,0.2423,100.0,24,0,0,0,0.0,0,0,False,False,2025,1,January
2025-01-10,WND-01,Gale Point Wind,Wind,Coastal Plain,210,2234.6,2881.3,-646.7,-22.4,0.4434,100.0,24,0,0,0,0.0,0,0,False,False,2025,1,January
2025-01-11,WND-01,Gale Point Wind,Wind,Coastal Plain,210,2592.6,2997.4,-404.8,-13.5,0.5144,100.0,24,0,0,0,0.0,0,0,False,False,2025,1,January
2025-01-12,WND-01,Gale Point Wind,Wind,Coastal Plain,210,2487.1,3055.3,-568.2,-18.6,0.4935,100.0,24,0,0,0,0.0,0,0,False,False,2025,1,January
2025-01-13,WND-01,Gale Point Wind,Wind,Coastal Plain,210,1998.0,2427.0,-429.0,-17.7,0.3964,100.0,24,0,0,0,0.0,0,0,False,False,2025,1,January
2025-01-14,WND-01,Gale Point Wind,Wind,Coastal Plain,210,1373.7,2608.3,-1234.6,-47.3,0.2726,100.0,24,0,0,0,0.0,0,0,False,False,2025,1,January
2025-01-15,WND-01,Gale Point Wind,Wind,Coastal Plain,210,1922.9,3005.0,-1082.1,-36.0,0.3815,100.0,24,0,0,0,0.0,0,0,False,False,2025,1,January
2025-01-16,WND-01,Gale Point Wind,Wind,Coastal Plain,210,2053.2,3015.0,-961.8,-31.9,0.4074,62.5,15,0,9,9,26373.6,1,0,False,False,2025,1,January
2025-01-17,WND-01,Gale Point Wind,Wind,Coastal Plain,210,3337.6,3101.6,236.0,7.6,0.6622,100.0,24,0,0,0,0.0,0,0,False,False,2025,1,January
2025-01-18,WND-01,Gale Point Wind,Wind,Coastal Plain,210,2302.2,2610.3,-308.1,-11.8,0.4568,100.0,24,0,0,0,0.0,0,0,False,False,2025,1,January
2025-01-19,WND-01,Gale Point Wind,Wind,Coastal Plain,210,2632.0,2768.3,-136.3,-4.9,0.5222,100.0,24,0,0,0,0.0,0,0,False,False,2025,1,January
2025-01-20,WND-01,Gale Point Wind,Wind,Coastal Plain,210,2688.5,3265.3,-576.8,-17.7,0.5334,100.0,24,0,0,0,0.0,0,0,False,False,2025,1,January
2025-01-21,WND-01,Gale Point Wind,Wind,Coastal Plain,210,3362.4,2870.4,492.0,17.1,0.6671,100.0,24,0,0,0,0.0,0,0,False,False,2025,1,January
2025-01-22,WND-01,Gale Point Wind,Wind,Coastal Plain,210,3682.7,2991.4,691.3,23.1,0.7307,100.0,24,0,0,0,0.0,0,0,False,False,2025,1,January
2025-01-23,WND-01,Gale Point Wind,Wind,Coastal Plain,210,894.7,1630.9,-736.2,-45.1,0.1775,58.3,14,10,0,10,16170.85,1,0,False,False,2025,1,January
2025-01-24,WND-01,Gale Point Wind,Wind,Coastal Plain,210,2249.7,2849.5,-599.8,-21.0,0.4464,100.0,24,0,0,0,0.0,0,0,False,False,2025,1,January
2025-01-25,WND-01,Gale Point Wind,Wind,Coastal Plain,210,1812.9,3024.8,-1211.9,-40.1,0.3597,100.0,24,0,0,0,0.0,0,0,False,False,2025,1,January
2025-01-26,WND-01,Gale Point Wind,Wind,Coastal Plain,210,1278.1,2235.3,-957.2,-42.8,0.2536,100.0,24,0,0,0,0.0,0,0,False,False,2025,1,January
2025-01-27,WND-01,Gale Point Wind,Wind,Coastal Plain,210,1600.1,2488.3,-888.2,-35.7,0.3175,100.0,24,0,0,0,0.0,0,0,False,False,2025,1,January
2025-01-28,WND-01,Gale Point Wind,Wind,Coastal Plain,210,2215.2,2545.2,-330.0,-13.0,0.4395,100.0,24,0,0,0,0.0,0,0,False,False,2025,1,January
2025-01-29,WND-01,Gale Point Wind,Wind,Coastal Plain,210,1415.6,2417.2,-1001.6,-41.4,0.2809,100.0,24,0,0,0,0.0,0,0,False,False,2025,1,January
2025-01-30,WND-01,Gale Point Wind,Wind,Coastal Plain,210,2254.2,2313.6,-59.4,-2.6,0.4473,100.0,24,0,0,0,0.0,0,0,False,False,2025,1,January
2025-01-31,WND-01,Gale Point Wind,Wind,Coastal Plain,210,2955.0,3113.9,-158.9,-5.1,0.5863,100.0,24,0,0,0,0.0,0,0,False,False,2025,1,January
2025-02-01,WND-01,Gale Point Wind,Wind,Coastal Plain,210,2985.4,3039.3,-53.9,-1.8,0.5923,100.0,24,0,0,0,0.0,0,0,False,False,2025,2,February
2025-02-02,WND-01,Gale Point Wind,Wind,Coastal Plain,210,2394.8,2740.1,-345.3,-12.6,0.4752,100.0,24,0,0,0,0.0,0,0,False,False,2025,2,February
2025-02-03,WND-01,Gale Point Wind,Wind,Coastal Plain,210,1922.0,2490.4,-568.4,-22.8,0.3813,100.0,24,0,0,0,0.0,0,0,False,False,2025,2,February
2025-02-04,WND-01,Gale Point Wind,Wind,Coastal Plain,210,2870.7,2716.5,154.2,5.7,0.5696,100.0,24,0,0,0,0.0,0,0,False,False,2025,2,February
2025-02-05,WND-01,Gale Point Wind,Wind,Coastal Plain,210,1910.6,2732.5,-821.9,-30.1,0.3791,100.0,24,0,0,0,0.0,0,0,False,False,2025,2,February
2025-02-06,WND-01,Gale Point Wind,Wind,Coastal Plain,210,2886.1,2656.5,229.6,8.6,0.5726,100.0,24,0,0,0,0.0,0,0,False,False,2025,2,February
2025-02-07,WND-01,Gale Point Wind,Wind,Coastal Plain,210,2786.8,3003.3,-216.5,-7.2,0.5529,100.0,24,0,0,0,0.0,0,0,False,False,2025,2,February
2025-02-08,WND-01,Gale Point Wind,Wind,Coastal Plain,210,2761.6,3359.1,-597.5,-17.8,0.5479,100.0,24,0,0,0,0.0,0,0,False,False,2025,2,February
2025-02-09,WND-01,Gale Point Wind,Wind,Coastal Plain,210,1718.4,2822.0,-1103.6,-39.1,0.341,100.0,24,0,0,0,0.0,0,0,False,False,2025,2,February
2025-02-10,WND-01,Gale Point Wind,Wind,Coastal Plain,210,1947.6,2245.5,-297.9,-13.3,0.3864,100.0,24,0,0,0,0.0,0,0,False,False,2025,2,February
2025-02-11,WND-01,Gale Point Wind,Wind,Coastal Plain,210,2607.5,2692.3,-84.8,-3.1,0.5174,100.0,24,0,0,0,0.0,0,0,False,False,2025,2,February
2025-02-12,WND-01,Gale Point Wind,Wind,Coastal Plain,210,1839.2,2622.7,-783.5,-29.9,0.3649,100.0,24,0,0,0,0.0,0,0,False,False,2025,2,February
2025-02-13,WND-01,Gale Point Wind,Wind,Coastal Plain,210,2445.6,2735.1,-289.5,-10.6,0.4852,100.0,24,0,0,0,0.0,0,0,False,False,2025,2,February
2025-02-14,WND-01,Gale Point Wind,Wind,Coastal Plain,210,2631.3,2501.5,129.8,5.2,0.5221,100.0,24,0,0,0,0.0,0,0,False,False,2025,2,February
2025-02-15,WND-01,Gale Point Wind,Wind,Coastal Plain,210,2284.2,2774.4,-490.2,-17.7,0.4532,100.0,24,0,0,0,0.0,0,0,False,False,2025,2,February
2025-02-16,WND-01,Gale Point Wind,Wind,Coastal Plain,210,2395.4,2946.3,-550.9,-18.7,0.4753,79.2,19,0,5,5,14652.0,1,0,False,False,2025,2,February
2025-02-17,WND-01,Gale Point Wind,Wind,Coastal Plain,210,1583.8,2846.2,-1262.4,-44.4,0.3142,100.0,24,0,0,0,0.0,0,0,False,False,2025,2,February
2025-02-18,WND-01,Gale Point Wind,Wind,Coastal Plain,210,2143.8,2571.4,-427.6,-16.6,0.4254,100.0,24,0,0,0,0.0,0,0,False,False,2025,2,February
2025-02-19,WND-01,Gale Point Wind,Wind,Coastal Plain,210,3446.6,3359.9,86.7,2.6,0.6838,100.0,24,0,0,0,0.0,0,0,False,False,2025,2,February
2025-02-20,WND-01,Gale Point Wind,Wind,Coastal Plain,210,4337.5,3080.2,1257.3,40.8,0.8606,100.0,24,0,0,0,0.0,0,0,False,False,2025,2,February
2025-02-21,WND-01,Gale Point Wind,Wind,Coastal Plain,210,4201.7,3089.0,1112.7,36.0,0.8337,100.0,24,0,0,0,0.0,0,0,False,False,2025,2,February
2025-02-22,WND-01,Gale Point Wind,Wind,Coastal Plain,210,3595.8,3295.6,300.2,9.1,0.7135,100.0,24,0,0,0,0.0,0,0,False,False,2025,2,February
2025-02-23,WND-01,Gale Point Wind,Wind,Coastal Plain,210,2206.9,2362.2,-155.3,-6.6,0.4379,75.0,18,6,0,6,10373.86,1,0,False,False,2025,2,February
2025-02-24,WND-01,Gale Point Wind,Wind,Coastal Plain,210,2713.3,2599.0,114.3,4.4,0.5384,100.0,24,0,0,0,0.0,0,0,False,False,2025,2,February
2025-02-25,WND-01,Gale Point Wind,Wind,Coastal Plain,210,3123.6,2959.9,163.7,5.5,0.6198,100.0,24,0,0,0,0.0,0,0,False,False,2025,2,February
2025-02-26,WND-01,Gale Point Wind,Wind,Coastal Plain,210,2501.0,2425.0,76.0,3.1,0.4962,100.0,24,0,0,0,0.0,0,0,False,False,2025,2,February
2025-02-27,WND-01,Gale Point Wind,Wind,Coastal Plain,210,3108.5,2900.3,208.2,7.2,0.6168,100.0,24,0,0,0,0.0,0,0,False,False,2025,2,February
2025-02-28,WND-01,Gale Point Wind,Wind,Coastal Plain,210,4588.3,3634.2,954.1,26.3,0.9104,100.0,24,0,0,0,0.0,0,0,False,False,2025,2,February
2025-03-01,WND-01,Gale Point Wind,Wind,Coastal Plain,210,4027.3,3142.2,885.1,28.2,0.7991,100.0,24,0,0,0,0.0,0,0,False,False,2025,3,March
2025-03-02,WND-01,Gale Point Wind,Wind,Coastal Plain,210,2738.4,2745.2,-6.8,-0.2,0.5433,100.0,24,0,0,0,0.0,0,0,False,False,2025,3,March
2025-03-03,WND-01,Gale Point Wind,Wind,Coastal Plain,210,1895.1,2246.0,-350.9,-15.6,0.376,100.0,24,0,0,0,0.0,0,0,False,False,2025,3,March
2025-03-04,WND-01,Gale Point Wind,Wind,Coastal Plain,210,2644.7,2614.9,29.8,1.1,0.5247,100.0,24,0,0,0,0.0,0,0,False,False,2025,3,March
2025-03-05,WND-01,Gale Point Wind,Wind,Coastal Plain,210,2648.4,3163.0,-514.6,-16.3,0.5255,100.0,24,0,0,0,0.0,0,0,False,False,2025,3,March
2025-03-06,WND-01,Gale Point Wind,Wind,Coastal Plain,210,3291.4,2993.7,297.7,9.9,0.6531,100.0,24,0,0,0,0.0,0,0,False,False,2025,3,March
2025-03-07,WND-01,Gale Point Wind,Wind,Coastal Plain,210,2782.3,2571.5,210.8,8.2,0.552,100.0,24,0,0,0,0.0,0,0,False,False,2025,3,March
2025-03-08,WND-01,Gale Point Wind,Wind,Coastal Plain,210,3356.4,2917.8,438.6,15.0,0.666,100.0,24,0,0,0,0.0,0,0,False,False,2025,3,March
2025-03-09,WND-01,Gale Point Wind,Wind,Coastal Plain,210,3080.3,2531.6,548.7,21.7,0.6112,100.0,24,0,0,0,0.0,0,0,False,False,2025,3,March
2025-03-10,WND-01,Gale Point Wind,Wind,Coastal Plain,210,2499.4,2458.3,41.1,1.7,0.4959,100.0,24,0,0,0,0.0,0,0,False,False,2025,3,March
2025-03-11,WND-01,Gale Point Wind,Wind,Coastal Plain,210,1732.6,2189.5,-456.9,-20.9,0.3438,75.0,18,6,0,6,11136.71,1,0,False,False,2025,3,March
2025-03-12,WND-01,Gale Point Wind,Wind,Coastal Plain,210,1686.3,2344.4,-658.1,-28.1,0.3346,100.0,24,0,0,0,0.0,0,0,False,False,2025,3,March
2025-03-13,WND-01,Gale Point Wind,Wind,Coastal Plain,210,3286.9,3387.2,-100.3,-3.0,0.6522,100.0,24,0,0,0,0.0,0,0,False,False,2025,3,March
2025-03-14,WND-01,Gale Point Wind,Wind,Coastal Plain,210,3063.6,2841.0,222.6,7.8,0.6079,100.0,24,0,0,0,0.0,0,0,False,False,2025,3,March
2025-03-15,WND-01,Gale Point Wind,Wind,Coastal Plain,210,3419.7,2970.9,448.8,15.1,0.6785,100.0,24,0,0,0,0.0,0,0,False,False,2025,3,March
2025-03-16,WND-01,Gale Point Wind,Wind,Coastal Plain,210,2850.0,2925.6,-75.6,-2.6,0.5655,100.0,24,0,0,0,0.0,0,0,False,False,2025,3,March
2025-03-17,WND-01,Gale Point Wind,Wind,Coastal Plain,210,2124.7,1944.3,180.4,9.3,0.4216,100.0,24,0,0,0,0.0,0,0,False,False,2025,3,March
2025-03-18,WND-01,Gale Point Wind,Wind,Coastal Plain,210,2135.4,2560.7,-425.3,-16.6,0.4237,100.0,24,0,0,0,0.0,0,0,False,False,2025,3,March
2025-03-19,WND-01,Gale Point Wind,Wind,Coastal Plain,210,3023.0,2813.1,209.9,7.5,0.5998,100.0,24,0,0,0,0.0,0,0,False,False,2025,3,March
2025-03-20,WND-01,Gale Point Wind,Wind,Coastal Plain,210,2578.8,3003.1,-424.3,-14.1,0.5117,100.0,24,0,0,0,0.0,0,0,False,False,2025,3,March
2025-03-21,WND-01,Gale Point Wind,Wind,Coastal Plain,210,2047.6,2682.8,-635.2,-23.7,0.4063,100.0,24,0,0,0,0.0,0,0,False,False,2025,3,March
2025-03-22,WND-01,Gale Point Wind,Wind,Coastal Plain,210,2318.3,2313.2,5.1,0.2,0.46,100.0,24,0,0,0,0.0,0,0,False,False,2025,3,March
2025-03-23,WND-01,Gale Point Wind,Wind,Coastal Plain,210,2744.7,2990.8,-246.1,-8.2,0.5446,100.0,24,0,0,0,0.0,0,0,False,False,2025,3,March
2025-03-24,WND-01,Gale Point Wind,Wind,Coastal Plain,210,3876.9,3024.4,852.5,28.2,0.7692,100.0,24,0,0,0,0.0,0,0,False,False,2025,3,March
2025-03-25,WND-01,Gale Point Wind,Wind,Coastal Plain,210,1574.0,2838.9,-1264.9,-44.6,0.3123,41.7,10,0,14,14,41025.6,2,0,False,False,2025,3,March
2025-03-26,WND-01,Gale Point Wind,Wind,Coastal Plain,210,3916.3,3133.4,782.9,25.0,0.777,100.0,24,0,0,0,0.0,0,0,False,False,2025,3,March
2025-03-27,WND-01,Gale Point Wind,Wind,Coastal Plain,210,4070.4,3085.0,985.4,31.9,0.8076,100.0,24,0,0,0,0.0,0,0,False,False,2025,3,March
2025-03-28,WND-01,Gale Point Wind,Wind,Coastal Plain,210,2840.7,3066.5,-225.8,-7.4,0.5636,100.0,24,0,0,0,0.0,0,0,False,False,2025,3,March
2025-03-29,WND-01,Gale Point Wind,Wind,Coastal Plain,210,2148.5,2539.1,-390.6,-15.4,0.4263,100.0,24,0,0,0,0.0,0,0,False,False,2025,3,March
2025-03-30,WND-01,Gale Point Wind,Wind,Coastal Plain,210,1609.8,2302.7,-692.9,-30.1,0.3194,100.0,24,0,0,0,0.0,0,0,False,False,2025,3,March
2025-03-31,WND-01,Gale Point Wind,Wind,Coastal Plain,210,1112.4,2247.8,-1135.4,-50.5,0.2207,100.0,24,0,0,0,0.0,0,0,False,False,2025,3,March
2025-04-01,WND-01,Gale Point Wind,Wind,Coastal Plain,210,1967.5,2622.9,-655.4,-25.0,0.3904,100.0,24,0,0,0,0.0,0,0,False,False,2025,4,April
2025-04-02,WND-01,Gale Point Wind,Wind,Coastal Plain,210,2320.0,2678.4,-358.4,-13.4,0.4603,100.0,24,0,0,0,0.0,0,0,False,False,2025,4,April
2025-04-03,WND-01,Gale Point Wind,Wind,Coastal Plain,210,2442.1,2861.3,-419.2,-14.7,0.4845,100.0,24,0,0,0,0.0,0,0,False,False,2025,4,April
2025-04-04,WND-01,Gale Point Wind,Wind,Coastal Plain,210,951.5,2096.2,-1144.7,-54.6,0.1888,100.0,24,0,0,0,0.0,0,0,False,False,2025,4,April
2025-04-05,WND-01,Gale Point Wind,Wind,Coastal Plain,210,2623.4,2631.7,-8.3,-0.3,0.5205,100.0,24,0,0,0,0.0,0,0,False,False,2025,4,April
2025-04-06,WND-01,Gale Point Wind,Wind,Coastal Plain,210,2027.4,2650.0,-622.6,-23.5,0.4023,100.0,24,0,0,0,0.0,0,0,False,False,2025,4,April
2025-04-07,WND-01,Gale Point Wind,Wind,Coastal Plain,210,3557.5,2879.4,678.1,23.6,0.7059,100.0,24,0,0,0,0.0,0,0,False,False,2025,4,April
2025-04-08,WND-01,Gale Point Wind,Wind,Coastal Plain,210,2285.6,2465.5,-179.9,-7.3,0.4535,100.0,24,0,0,0,0.0,0,0,False,False,2025,4,April
2025-04-09,WND-01,Gale Point Wind,Wind,Coastal Plain,210,1842.1,2670.5,-828.4,-31.0,0.3655,100.0,24,0,0,0,0.0,0,0,False,False,2025,4,April
2025-04-10,WND-01,Gale Point Wind,Wind,Coastal Plain,210,792.5,2208.3,-1415.8,-64.1,0.1572,100.0,24,0,0,0,0.0,0,0,False,False,2025,4,April
2025-04-11,WND-01,Gale Point Wind,Wind,Coastal Plain,210,1421.2,2119.3,-698.1,-32.9,0.282,100.0,24,0,0,0,0.0,0,0,False,False,2025,4,April
2025-04-12,WND-01,Gale Point Wind,Wind,Coastal Plain,210,1086.2,1888.6,-802.4,-42.5,0.2155,100.0,24,0,0,0,0.0,0,0,False,False,2025,4,April
2025-04-13,WND-01,Gale Point Wind,Wind,Coastal Plain,210,872.4,2193.8,-1321.4,-60.2,0.1731,100.0,24,0,0,0,0.0,0,0,False,False,2025,4,April
2025-04-14,WND-01,Gale Point Wind,Wind,Coastal Plain,210,585.8,1917.8,-1332.0,-69.5,0.1162,100.0,24,0,0,0,0.0,0,0,False,False,2025,4,April
2025-04-15,WND-01,Gale Point Wind,Wind,Coastal Plain,210,1468.4,2184.2,-715.8,-32.8,0.2913,100.0,24,0,0,0,0.0,0,0,False,False,2025,4,April
2025-04-16,WND-01,Gale Point Wind,Wind,Coastal Plain,210,2169.7,2301.6,-131.9,-5.7,0.4305,100.0,24,0,0,0,0.0,0,0,False,False,2025,4,April
2025-04-17,WND-01,Gale Point Wind,Wind,Coastal Plain,210,3475.5,2889.4,586.1,20.3,0.6896,100.0,24,0,0,0,0.0,0,0,False,False,2025,4,April
2025-04-18,WND-01,Gale Point Wind,Wind,Coastal Plain,210,1353.7,2543.7,-1190.0,-46.8,0.2686,50.0,12,0,12,12,35164.8,2,0,False,False,2025,4,April
2025-04-19,WND-01,Gale Point Wind,Wind,Coastal Plain,210,2776.1,2419.8,356.3,14.7,0.5508,100.0,24,0,0,0,0.0,0,0,False,False,2025,4,April
2025-04-20,WND-01,Gale Point Wind,Wind,Coastal Plain,210,1853.0,2261.5,-408.5,-18.1,0.3677,100.0,24,0,0,0,0.0,0,0,False,False,2025,4,April
2025-04-21,WND-01,Gale Point Wind,Wind,Coastal Plain,210,1801.5,2266.1,-464.6,-20.5,0.3574,100.0,24,0,0,0,0.0,0,0,False,False,2025,4,April
2025-04-22,WND-01,Gale Point Wind,Wind,Coastal Plain,210,1653.1,2069.1,-416.0,-20.1,0.328,100.0,24,0,0,0,0.0,0,0,False,False,2025,4,April
2025-04-23,WND-01,Gale Point Wind,Wind,Coastal Plain,210,2141.5,2519.0,-377.5,-15.0,0.4249,100.0,24,0,0,0,0.0,0,0,False,False,2025,4,April
2025-04-24,WND-01,Gale Point Wind,Wind,Coastal Plain,210,2879.6,2862.9,16.7,0.6,0.5713,100.0,24,0,0,0,0.0,0,0,False,False,2025,4,April
2025-04-25,WND-01,Gale Point Wind,Wind,Coastal Plain,210,3423.0,2970.1,452.9,15.2,0.6792,100.0,24,0,0,0,0.0,0,0,False,False,2025,4,April
2025-04-26,WND-01,Gale Point Wind,Wind,Coastal Plain,210,2547.4,2386.4,161.0,6.7,0.5054,100.0,24,0,0,0,0.0,0,0,False,False,2025,4,April
2025-04-27,WND-01,Gale Point Wind,Wind,Coastal Plain,210,3171.2,2823.8,347.4,12.3,0.6292,100.0,24,0,0,0,0.0,0,0,False,False,2025,4,April
2025-04-28,WND-01,Gale Point Wind,Wind,Coastal Plain,210,2905.7,2575.2,330.5,12.8,0.5765,100.0,24,0,0,0,0.0,0,0,False,False,2025,4,April
2025-04-29,WND-01,Gale Point Wind,Wind,Coastal Plain,210,2529.4,2156.9,372.5,17.3,0.5019,100.0,24,0,0,0,0.0,0,0,False,False,2025,4,April
2025-04-30,WND-01,Gale Point Wind,Wind,Coastal Plain,210,2022.7,2384.5,-361.8,-15.2,0.4013,100.0,24,0,0,0,0.0,0,0,False,False,2025,4,April
2025-05-01,WND-01,Gale Point Wind,Wind,Coastal Plain,210,1763.1,2170.2,-407.1,-18.8,0.3498,100.0,24,0,0,0,0.0,0,0,False,False,2025,5,May
2025-05-02,WND-01,Gale Point Wind,Wind,Coastal Plain,210,3052.5,3177.5,-125.0,-3.9,0.6057,100.0,24,0,0,0,0.0,0,0,False,False,2025,5,May
2025-05-03,WND-01,Gale Point Wind,Wind,Coastal Plain,210,3049.7,2906.7,143.0,4.9,0.6051,100.0,24,0,0,0,0.0,0,0,False,False,2025,5,May
2025-05-04,WND-01,Gale Point Wind,Wind,Coastal Plain,210,2953.7,2698.3,255.4,9.5,0.5861,100.0,24,0,0,0,0.0,0,0,False,False,2025,5,May
2025-05-05,WND-01,Gale Point Wind,Wind,Coastal Plain,210,2589.2,2464.6,124.6,5.1,0.5137,100.0,24,0,0,0,0.0,0,0,False,False,2025,5,May
2025-05-06,WND-01,Gale Point Wind,Wind,Coastal Plain,210,4230.3,2982.9,1247.4,41.8,0.8393,100.0,24,0,0,0,0.0,0,0,False,False,2025,5,May
2025-05-07,WND-01,Gale Point Wind,Wind,Coastal Plain,210,4627.7,2833.9,1793.8,63.3,0.9182,100.0,24,0,0,0,0.0,0,0,False,False,2025,5,May
2025-05-08,WND-01,Gale Point Wind,Wind,Coastal Plain,210,3402.3,2283.4,1118.9,49.0,0.6751,100.0,24,0,0,0,0.0,0,0,False,False,2025,5,May
2025-05-09,WND-01,Gale Point Wind,Wind,Coastal Plain,210,2882.5,2297.1,585.4,25.5,0.5719,100.0,24,0,0,0,0.0,0,0,False,False,2025,5,May
2025-05-10,WND-01,Gale Point Wind,Wind,Coastal Plain,210,2559.4,2361.7,197.7,8.4,0.5078,100.0,24,0,0,0,0.0,0,0,False,False,2025,5,May
2025-05-11,WND-01,Gale Point Wind,Wind,Coastal Plain,210,2565.7,1922.6,643.1,33.4,0.5091,100.0,24,0,0,0,0.0,0,0,False,False,2025,5,May
2025-05-12,WND-01,Gale Point Wind,Wind,Coastal Plain,210,2024.6,2059.5,-34.9,-1.7,0.4017,100.0,24,0,0,0,0.0,0,0,False,False,2025,5,May
2025-05-13,WND-01,Gale Point Wind,Wind,Coastal Plain,210,2360.0,2234.0,126.0,5.6,0.4683,100.0,24,0,0,0,0.0,0,0,False,False,2025,5,May
2025-05-14,WND-01,Gale Point Wind,Wind,Coastal Plain,210,3301.0,2551.3,749.7,29.4,0.655,100.0,24,0,0,0,0.0,0,0,False,False,2025,5,May
2025-05-15,WND-01,Gale Point Wind,Wind,Coastal Plain,210,2119.5,2052.6,66.9,3.3,0.4205,100.0,24,0,0,0,0.0,0,0,False,False,2025,5,May
2025-05-16,WND-01,Gale Point Wind,Wind,Coastal Plain,210,1464.2,1878.7,-414.5,-22.1,0.2905,100.0,24,0,0,0,0.0,0,0,False,False,2025,5,May
2025-05-17,WND-01,Gale Point Wind,Wind,Coastal Plain,210,1382.7,2276.3,-893.6,-39.3,0.2743,100.0,24,0,0,0,0.0,0,0,False,False,2025,5,May
2025-05-18,WND-01,Gale Point Wind,Wind,Coastal Plain,210,1348.7,2032.5,-683.8,-33.6,0.2676,100.0,24,0,0,0,0.0,0,0,False,False,2025,5,May
2025-05-19,WND-01,Gale Point Wind,Wind,Coastal Plain,210,2834.3,2296.0,538.3,23.4,0.5624,100.0,24,0,0,0,0.0,0,0,False,False,2025,5,May
2025-05-20,WND-01,Gale Point Wind,Wind,Coastal Plain,210,3332.7,2562.7,770.0,30.0,0.6612,100.0,24,0,0,0,0.0,0,0,False,False,2025,5,May
2025-05-21,WND-01,Gale Point Wind,Wind,Coastal Plain,210,3660.1,2672.7,987.4,36.9,0.7262,100.0,24,0,0,0,0.0,0,0,False,False,2025,5,May
2025-05-22,WND-01,Gale Point Wind,Wind,Coastal Plain,210,3035.7,2302.4,733.3,31.8,0.6023,100.0,24,0,0,0,0.0,0,0,False,False,2025,5,May
2025-05-23,WND-01,Gale Point Wind,Wind,Coastal Plain,210,2589.0,2150.1,438.9,20.4,0.5137,100.0,24,0,0,0,0.0,0,0,False,False,2025,5,May
2025-05-24,WND-01,Gale Point Wind,Wind,Coastal Plain,210,1564.3,2159.8,-595.5,-27.6,0.3104,100.0,24,0,0,0,0.0,0,0,False,False,2025,5,May
2025-05-25,WND-01,Gale Point Wind,Wind,Coastal Plain,210,2201.3,2083.0,118.3,5.7,0.4368,100.0,24,0,0,0,0.0,0,0,False,False,2025,5,May
2025-05-26,WND-01,Gale Point Wind,Wind,Coastal Plain,210,2498.0,2037.2,460.8,22.6,0.4956,100.0,24,0,0,0,0.0,0,0,False,False,2025,5,May
2025-05-27,WND-01,Gale Point Wind,Wind,Coastal Plain,210,3261.6,2510.3,751.3,29.9,0.6471,100.0,24,0,0,0,0.0,0,0,False,False,2025,5,May
2025-05-28,WND-01,Gale Point Wind,Wind,Coastal Plain,210,2785.2,2383.0,402.2,16.9,0.5526,100.0,24,0,0,0,0.0,0,0,False,False,2025,5,May
2025-05-29,WND-01,Gale Point Wind,Wind,Coastal Plain,210,2498.0,1842.6,655.4,35.6,0.4956,100.0,24,0,0,0,0.0,0,0,False,False,2025,5,May
2025-05-30,WND-01,Gale Point Wind,Wind,Coastal Plain,210,2496.7,2242.1,254.6,11.4,0.4954,100.0,24,0,0,0,0.0,0,0,False,False,2025,5,May
2025-05-31,WND-01,Gale Point Wind,Wind,Coastal Plain,210,2978.6,2599.7,378.9,14.6,0.591,100.0,24,0,0,0,0.0,0,0,False,False,2025,5,May
2025-06-01,WND-01,Gale Point Wind,Wind,Coastal Plain,210,1785.1,2087.8,-302.7,-14.5,0.3542,100.0,24,0,0,0,0.0,0,0,False,False,2025,6,June
2025-06-02,WND-01,Gale Point Wind,Wind,Coastal Plain,210,2329.0,2668.1,-339.1,-12.7,0.4621,100.0,24,0,0,0,0.0,0,0,False,False,2025,6,June
2025-06-03,WND-01,Gale Point Wind,Wind,Coastal Plain,210,2245.1,2416.7,-171.6,-7.1,0.4455,100.0,24,0,0,0,0.0,0,0,False,False,2025,6,June
2025-06-04,WND-01,Gale Point Wind,Wind,Coastal Plain,210,1552.8,2200.0,-647.2,-29.4,0.3081,100.0,24,0,0,0,0.0,0,0,False,False,2025,6,June
2025-06-05,WND-01,Gale Point Wind,Wind,Coastal Plain,210,591.6,2075.1,-1483.5,-71.5,0.1174,100.0,24,0,0,0,0.0,0,0,False,False,2025,6,June
2025-06-06,WND-01,Gale Point Wind,Wind,Coastal Plain,210,885.9,1782.5,-896.6,-50.3,0.1758,100.0,24,0,0,0,0.0,0,0,False,False,2025,6,June
2025-06-07,WND-01,Gale Point Wind,Wind,Coastal Plain,210,2031.5,2091.1,-59.6,-2.9,0.4031,100.0,24,0,0,0,0.0,0,0,False,False,2025,6,June
2025-06-08,WND-01,Gale Point Wind,Wind,Coastal Plain,210,3142.7,2644.1,498.6,18.9,0.6236,100.0,24,0,0,0,0.0,0,0,False,False,2025,6,June
2025-06-09,WND-01,Gale Point Wind,Wind,Coastal Plain,210,3066.2,2278.3,787.9,34.6,0.6084,100.0,24,0,0,0,0.0,0,0,False,False,2025,6,June
2025-06-10,WND-01,Gale Point Wind,Wind,Coastal Plain,210,4165.9,2772.8,1393.1,50.2,0.8266,100.0,24,0,0,0,0.0,0,0,False,False,2025,6,June
2025-06-11,WND-01,Gale Point Wind,Wind,Coastal Plain,210,3499.6,2390.5,1109.1,46.4,0.6944,100.0,24,0,0,0,0.0,0,0,False,False,2025,6,June
2025-06-12,WND-01,Gale Point Wind,Wind,Coastal Plain,210,3744.6,2696.7,1047.9,38.9,0.743,100.0,24,0,0,0,0.0,0,0,False,False,2025,6,June
2025-06-13,WND-01,Gale Point Wind,Wind,Coastal Plain,210,2923.4,2197.5,725.9,33.0,0.58,100.0,24,0,0,0,0.0,0,0,False,False,2025,6,June
2025-06-14,WND-01,Gale Point Wind,Wind,Coastal Plain,210,2324.1,1988.8,335.3,16.9,0.4611,100.0,24,0,0,0,0.0,0,0,False,False,2025,6,June
2025-06-15,WND-01,Gale Point Wind,Wind,Coastal Plain,210,1815.3,2038.1,-222.8,-10.9,0.3602,100.0,24,0,0,0,0.0,0,0,False,False,2025,6,June
2025-06-16,WND-01,Gale Point Wind,Wind,Coastal Plain,210,739.4,1510.1,-770.7,-51.0,0.1467,100.0,24,0,0,0,0.0,0,0,False,False,2025,6,June
2025-06-17,WND-01,Gale Point Wind,Wind,Coastal Plain,210,1787.6,1548.9,238.7,15.4,0.3547,100.0,24,0,0,0,0.0,0,0,False,False,2025,6,June
2025-06-18,WND-01,Gale Point Wind,Wind,Coastal Plain,210,1468.4,1527.7,-59.3,-3.9,0.2913,100.0,24,0,0,0,0.0,0,0,False,False,2025,6,June
2025-06-19,WND-01,Gale Point Wind,Wind,Coastal Plain,210,1161.2,1473.2,-312.0,-21.2,0.2304,100.0,24,0,0,0,0.0,0,0,False,False,2025,6,June
2025-06-20,WND-01,Gale Point Wind,Wind,Coastal Plain,210,763.1,1366.5,-603.4,-44.2,0.1514,100.0,24,0,0,0,0.0,0,0,False,False,2025,6,June
2025-06-21,WND-01,Gale Point Wind,Wind,Coastal Plain,210,968.8,1699.3,-730.5,-43.0,0.1922,100.0,24,0,0,0,0.0,0,0,False,False,2025,6,June
2025-06-22,WND-01,Gale Point Wind,Wind,Coastal Plain,210,2285.0,2141.5,143.5,6.7,0.4534,100.0,24,0,0,0,0.0,0,0,False,False,2025,6,June
2025-06-23,WND-01,Gale Point Wind,Wind,Coastal Plain,210,3623.0,2771.8,851.2,30.7,0.7188,100.0,24,0,0,0,0.0,0,0,False,False,2025,6,June
2025-06-24,WND-01,Gale Point Wind,Wind,Coastal Plain,210,2039.8,2163.8,-124.0,-5.7,0.4047,100.0,24,0,0,0,0.0,0,0,False,False,2025,6,June
2025-06-25,WND-01,Gale Point Wind,Wind,Coastal Plain,210,1804.2,2144.1,-339.9,-15.9,0.358,100.0,24,0,0,0,0.0,0,0,False,False,2025,6,June
2025-06-26,WND-01,Gale Point Wind,Wind,Coastal Plain,210,1251.8,1837.9,-586.1,-31.9,0.2484,100.0,24,0,0,0,0.0,0,0,False,False,2025,6,June
2025-06-27,WND-01,Gale Point Wind,Wind,Coastal Plain,210,2032.7,2039.5,-6.8,-0.3,0.4033,100.0,24,0,0,0,0.0,0,0,False,False,2025,6,June
2025-06-28,WND-01,Gale Point Wind,Wind,Coastal Plain,210,2193.2,2282.7,-89.5,-3.9,0.4352,100.0,24,0,0,0,0.0,0,0,False,False,2025,6,June
2025-06-29,WND-01,Gale Point Wind,Wind,Coastal Plain,210,1737.0,2078.1,-341.1,-16.4,0.3446,100.0,24,0,0,0,0.0,0,0,False,False,2025,6,June
2025-06-30,WND-01,Gale Point Wind,Wind,Coastal Plain,210,1842.1,2000.4,-158.3,-7.9,0.3655,100.0,24,0,0,0,0.0,0,0,False,False,2025,6,June
2025-07-01,WND-01,Gale Point Wind,Wind,Coastal Plain,210,1588.9,2093.1,-504.2,-24.1,0.3153,100.0,24,0,0,0,0.0,0,0,False,False,2025,7,July
2025-07-02,WND-01,Gale Point Wind,Wind,Coastal Plain,210,2710.5,1729.4,981.1,56.7,0.5378,100.0,24,0,0,0,0.0,0,0,False,False,2025,7,July
2025-07-03,WND-01,Gale Point Wind,Wind,Coastal Plain,210,2856.4,2199.9,656.5,29.8,0.5667,100.0,24,0,0,0,0.0,0,0,False,False,2025,7,July
2025-07-04,WND-01,Gale Point Wind,Wind,Coastal Plain,210,3046.5,2256.7,789.8,35.0,0.6045,100.0,24,0,0,0,0.0,0,0,False,False,2025,7,July
2025-07-05,WND-01,Gale Point Wind,Wind,Coastal Plain,210,1109.0,1875.7,-766.7,-40.9,0.22,100.0,24,0,0,0,0.0,0,0,False,False,2025,7,July
2025-07-06,WND-01,Gale Point Wind,Wind,Coastal Plain,210,1293.4,2034.1,-740.7,-36.4,0.2566,100.0,24,0,0,0,0.0,0,0,False,False,2025,7,July
2025-07-07,WND-01,Gale Point Wind,Wind,Coastal Plain,210,2771.0,1922.8,848.2,44.1,0.5498,100.0,24,0,0,0,0.0,0,0,False,False,2025,7,July
2025-07-08,WND-01,Gale Point Wind,Wind,Coastal Plain,210,3441.0,2758.6,682.4,24.7,0.6827,100.0,24,0,0,0,0.0,0,0,False,False,2025,7,July
2025-07-09,WND-01,Gale Point Wind,Wind,Coastal Plain,210,1803.4,1658.2,145.2,8.8,0.3578,100.0,24,0,0,0,0.0,0,0,False,False,2025,7,July
2025-07-10,WND-01,Gale Point Wind,Wind,Coastal Plain,210,1653.5,1611.3,42.2,2.6,0.3281,100.0,24,0,0,0,0.0,0,0,False,False,2025,7,July
2025-07-11,WND-01,Gale Point Wind,Wind,Coastal Plain,210,1056.2,1569.8,-513.6,-32.7,0.2096,100.0,24,0,0,0,0.0,0,0,False,False,2025,7,July
2025-07-12,WND-01,Gale Point Wind,Wind,Coastal Plain,210,2315.1,2002.4,312.7,15.6,0.4593,100.0,24,0,0,0,0.0,0,0,False,False,2025,7,July
2025-07-13,WND-01,Gale Point Wind,Wind,Coastal Plain,210,2363.4,1763.4,600.0,34.0,0.4689,100.0,24,0,0,0,0.0,0,0,False,False,2025,7,July
2025-07-14,WND-01,Gale Point Wind,Wind,Coastal Plain,210,1765.6,2010.8,-245.2,-12.2,0.3503,100.0,24,0,0,0,0.0,0,0,False,False,2025,7,July
2025-07-15,WND-01,Gale Point Wind,Wind,Coastal Plain,210,1832.8,2040.6,-207.8,-10.2,0.3637,100.0,24,0,0,0,0.0,0,0,False,False,2025,7,July
2025-07-16,WND-01,Gale Point Wind,Wind,Coastal Plain,210,484.5,1575.6,-1091.1,-69.2,0.0961,100.0,24,0,0,0,0.0,0,0,False,False,2025,7,July
2025-07-17,WND-01,Gale Point Wind,Wind,Coastal Plain,210,351.8,1229.3,-877.5,-71.4,0.0698,100.0,24,0,0,0,0.0,0,0,False,False,2025,7,July
2025-07-18,WND-01,Gale Point Wind,Wind,Coastal Plain,210,742.6,1477.1,-734.5,-49.7,0.1473,100.0,24,0,0,0,0.0,0,0,False,False,2025,7,July
2025-07-19,WND-01,Gale Point Wind,Wind,Coastal Plain,210,1511.2,1776.4,-265.2,-14.9,0.2998,100.0,24,0,0,0,0.0,0,0,False,False,2025,7,July
2025-07-20,WND-01,Gale Point Wind,Wind,Coastal Plain,210,605.5,1756.8,-1151.3,-65.5,0.1201,100.0,24,0,0,0,0.0,0,0,False,False,2025,7,July
2025-07-21,WND-01,Gale Point Wind,Wind,Coastal Plain,210,748.1,967.8,-219.7,-22.7,0.1484,100.0,24,0,0,0,0.0,0,0,False,False,2025,7,July
2025-07-22,WND-01,Gale Point Wind,Wind,Coastal Plain,210,1611.4,1626.9,-15.5,-1.0,0.3197,100.0,24,0,0,0,0.0,0,0,False,False,2025,7,July
2025-07-23,WND-01,Gale Point Wind,Wind,Coastal Plain,210,900.3,1550.1,-649.8,-41.9,0.1786,100.0,24,0,0,0,0.0,0,0,False,False,2025,7,July
2025-07-24,WND-01,Gale Point Wind,Wind,Coastal Plain,210,1294.0,1488.9,-194.9,-13.1,0.2567,100.0,24,0,0,0,0.0,0,0,False,False,2025,7,July
2025-07-25,WND-01,Gale Point Wind,Wind,Coastal Plain,210,752.2,864.1,-111.9,-12.9,0.1492,50.0,12,12,0,12,18197.19,1,0,False,False,2025,7,July
2025-07-26,WND-01,Gale Point Wind,Wind,Coastal Plain,210,2701.9,2168.4,533.5,24.6,0.5361,100.0,24,0,0,0,0.0,0,0,False,False,2025,7,July
2025-07-27,WND-01,Gale Point Wind,Wind,Coastal Plain,210,2331.6,1934.5,397.1,20.5,0.4626,100.0,24,0,0,0,0.0,0,0,False,False,2025,7,July
2025-07-28,WND-01,Gale Point Wind,Wind,Coastal Plain,210,2111.0,2010.0,101.0,5.0,0.4188,100.0,24,0,0,0,0.0,0,0,False,False,2025,7,July
2025-07-29,WND-01,Gale Point Wind,Wind,Coastal Plain,210,2613.4,2302.2,311.2,13.5,0.5185,100.0,24,0,0,0,0.0,0,0,False,False,2025,7,July
2025-07-30,WND-01,Gale Point Wind,Wind,Coastal Plain,210,1599.4,1769.6,-170.2,-9.6,0.3173,100.0,24,0,0,0,0.0,0,0,False,False,2025,7,July
2025-07-31,WND-01,Gale Point Wind,Wind,Coastal Plain,210,1564.0,1714.2,-150.2,-8.8,0.3103,100.0,24,0,0,0,0.0,0,0,False,False,2025,7,July
2025-08-01,WND-01,Gale Point Wind,Wind,Coastal Plain,210,1404.8,1714.7,-309.9,-18.1,0.2787,100.0,24,0,0,0,0.0,0,0,False,False,2025,8,August
2025-08-02,WND-01,Gale Point Wind,Wind,Coastal Plain,210,1471.7,1772.1,-300.4,-17.0,0.292,100.0,24,0,0,0,0.0,0,0,False,False,2025,8,August
2025-08-03,WND-01,Gale Point Wind,Wind,Coastal Plain,210,2116.6,1650.0,466.6,28.3,0.42,100.0,24,0,0,0,0.0,0,0,False,False,2025,8,August
2025-08-04,WND-01,Gale Point Wind,Wind,Coastal Plain,210,2423.3,2207.7,215.6,9.8,0.4808,100.0,24,0,0,0,0.0,0,0,False,False,2025,8,August
2025-08-05,WND-01,Gale Point Wind,Wind,Coastal Plain,210,1822.2,1811.4,10.8,0.6,0.3615,100.0,24,0,0,0,0.0,0,0,False,False,2025,8,August
2025-08-06,WND-01,Gale Point Wind,Wind,Coastal Plain,210,1942.8,2212.6,-269.8,-12.2,0.3855,100.0,24,0,0,0,0.0,0,0,False,False,2025,8,August
2025-08-07,WND-01,Gale Point Wind,Wind,Coastal Plain,210,2915.8,2406.1,509.7,21.2,0.5785,100.0,24,0,0,0,0.0,0,0,False,False,2025,8,August
2025-08-08,WND-01,Gale Point Wind,Wind,Coastal Plain,210,2101.0,2253.0,-152.0,-6.7,0.4169,100.0,24,0,0,0,0.0,0,0,False,False,2025,8,August
2025-08-09,WND-01,Gale Point Wind,Wind,Coastal Plain,210,2153.4,1816.8,336.6,18.5,0.4273,100.0,24,0,0,0,0.0,0,0,False,False,2025,8,August
2025-08-10,WND-01,Gale Point Wind,Wind,Coastal Plain,210,1980.4,1890.3,90.1,4.8,0.3929,100.0,24,0,0,0,0.0,0,0,False,False,2025,8,August
2025-08-11,WND-01,Gale Point Wind,Wind,Coastal Plain,210,1938.6,1701.4,237.2,13.9,0.3846,100.0,24,0,0,0,0.0,0,0,False,False,2025,8,August
2025-08-12,WND-01,Gale Point Wind,Wind,Coastal Plain,210,1018.8,1478.8,-460.0,-31.1,0.2021,100.0,24,0,0,0,0.0,0,0,False,False,2025,8,August
2025-08-13,WND-01,Gale Point Wind,Wind,Coastal Plain,210,2103.2,2280.9,-177.7,-7.8,0.4173,100.0,24,0,0,0,0.0,0,0,False,False,2025,8,August
2025-08-14,WND-01,Gale Point Wind,Wind,Coastal Plain,210,1600.0,2148.7,-548.7,-25.5,0.3175,100.0,24,0,0,0,0.0,0,0,False,False,2025,8,August
2025-08-15,WND-01,Gale Point Wind,Wind,Coastal Plain,210,2341.8,1863.1,478.7,25.7,0.4646,100.0,24,0,0,0,0.0,0,0,False,False,2025,8,August
2025-08-16,WND-01,Gale Point Wind,Wind,Coastal Plain,210,1854.1,1840.8,13.3,0.7,0.3679,100.0,24,0,0,0,0.0,0,0,False,False,2025,8,August
2025-08-17,WND-01,Gale Point Wind,Wind,Coastal Plain,210,1520.8,1801.7,-280.9,-15.6,0.3017,100.0,24,0,0,0,0.0,0,0,False,False,2025,8,August
2025-08-18,WND-01,Gale Point Wind,Wind,Coastal Plain,210,2402.8,2254.3,148.5,6.6,0.4767,100.0,24,0,0,0,0.0,0,0,False,False,2025,8,August
2025-08-19,WND-01,Gale Point Wind,Wind,Coastal Plain,210,2947.4,1941.6,1005.8,51.8,0.5848,100.0,24,0,0,0,0.0,0,0,False,False,2025,8,August
2025-08-20,WND-01,Gale Point Wind,Wind,Coastal Plain,210,2814.2,1934.5,879.7,45.5,0.5584,100.0,24,0,0,0,0.0,0,0,False,False,2025,8,August
2025-08-21,WND-01,Gale Point Wind,Wind,Coastal Plain,210,3097.7,2475.7,622.0,25.1,0.6146,100.0,24,0,0,0,0.0,0,0,False,False,2025,8,August
2025-08-22,WND-01,Gale Point Wind,Wind,Coastal Plain,210,2589.2,1797.6,791.6,44.0,0.5137,100.0,24,0,0,0,0.0,0,0,False,False,2025,8,August
2025-08-23,WND-01,Gale Point Wind,Wind,Coastal Plain,210,2420.1,2054.9,365.2,17.8,0.4802,100.0,24,0,0,0,0.0,0,0,False,False,2025,8,August
2025-08-24,WND-01,Gale Point Wind,Wind,Coastal Plain,210,1892.3,2003.1,-110.8,-5.5,0.3755,100.0,24,0,0,0,0.0,0,0,False,False,2025,8,August
2025-08-25,WND-01,Gale Point Wind,Wind,Coastal Plain,210,2504.5,2272.8,231.7,10.2,0.4969,100.0,24,0,0,0,0.0,0,0,False,False,2025,8,August
2025-08-26,WND-01,Gale Point Wind,Wind,Coastal Plain,210,1932.6,1960.3,-27.7,-1.4,0.3835,100.0,24,0,0,0,0.0,0,0,False,False,2025,8,August
2025-08-27,WND-01,Gale Point Wind,Wind,Coastal Plain,210,2928.9,2252.9,676.0,30.0,0.5811,100.0,24,0,0,0,0.0,0,0,False,False,2025,8,August
2025-08-28,WND-01,Gale Point Wind,Wind,Coastal Plain,210,2464.1,2361.5,102.6,4.3,0.4889,100.0,24,0,0,0,0.0,0,0,False,False,2025,8,August
2025-08-29,WND-01,Gale Point Wind,Wind,Coastal Plain,210,2359.1,2208.2,150.9,6.8,0.4681,100.0,24,0,0,0,0.0,0,0,False,False,2025,8,August
2025-08-30,WND-01,Gale Point Wind,Wind,Coastal Plain,210,2771.4,2151.6,619.8,28.8,0.5499,100.0,24,0,0,0,0.0,0,0,False,False,2025,8,August
2025-08-31,WND-01,Gale Point Wind,Wind,Coastal Plain,210,2582.6,2238.4,344.2,15.4,0.5124,100.0,24,0,0,0,0.0,0,0,False,False,2025,8,August
2025-09-01,WND-01,Gale Point Wind,Wind,Coastal Plain,210,2242.9,2199.6,43.3,2.0,0.445,100.0,24,0,0,0,0.0,0,0,False,False,2025,9,September
2025-09-02,WND-01,Gale Point Wind,Wind,Coastal Plain,210,2175.6,2468.8,-293.2,-11.9,0.4317,100.0,24,0,0,0,0.0,0,0,False,False,2025,9,September
2025-09-03,WND-01,Gale Point Wind,Wind,Coastal Plain,210,2730.4,2462.4,268.0,10.9,0.5417,100.0,24,0,0,0,0.0,0,0,False,False,2025,9,September
2025-09-04,WND-01,Gale Point Wind,Wind,Coastal Plain,210,2118.0,2345.8,-227.8,-9.7,0.4202,100.0,24,0,0,0,0.0,0,0,False,False,2025,9,September
2025-09-05,WND-01,Gale Point Wind,Wind,Coastal Plain,210,2031.3,1932.6,98.7,5.1,0.403,100.0,24,0,0,0,0.0,0,0,False,False,2025,9,September
2025-09-06,WND-01,Gale Point Wind,Wind,Coastal Plain,210,2056.0,1962.8,93.2,4.7,0.4079,100.0,24,0,0,0,0.0,0,0,False,False,2025,9,September
2025-09-07,WND-01,Gale Point Wind,Wind,Coastal Plain,210,2626.8,2221.8,405.0,18.2,0.5212,100.0,24,0,0,0,0.0,0,0,False,False,2025,9,September
2025-09-08,WND-01,Gale Point Wind,Wind,Coastal Plain,210,2413.9,2173.6,240.3,11.1,0.4789,100.0,24,0,0,0,0.0,0,0,False,False,2025,9,September
2025-09-09,WND-01,Gale Point Wind,Wind,Coastal Plain,210,3564.8,2367.7,1197.1,50.6,0.7073,100.0,24,0,0,0,0.0,0,0,False,False,2025,9,September
2025-09-10,WND-01,Gale Point Wind,Wind,Coastal Plain,210,3033.5,2701.8,331.7,12.3,0.6019,100.0,24,0,0,0,0.0,0,0,False,False,2025,9,September
2025-09-11,WND-01,Gale Point Wind,Wind,Coastal Plain,210,2613.3,2477.2,136.1,5.5,0.5185,100.0,24,0,0,0,0.0,0,0,False,False,2025,9,September
2025-09-12,WND-01,Gale Point Wind,Wind,Coastal Plain,210,2366.0,2140.0,226.0,10.6,0.4694,100.0,24,0,0,0,0.0,0,0,False,False,2025,9,September
2025-09-13,WND-01,Gale Point Wind,Wind,Coastal Plain,210,1500.4,2033.9,-533.5,-26.2,0.2977,100.0,24,0,0,0,0.0,0,0,False,False,2025,9,September
2025-09-14,WND-01,Gale Point Wind,Wind,Coastal Plain,210,1094.0,1794.5,-700.5,-39.0,0.2171,100.0,24,0,0,0,0.0,0,0,False,False,2025,9,September
2025-09-15,WND-01,Gale Point Wind,Wind,Coastal Plain,210,1083.4,1896.0,-812.6,-42.9,0.215,100.0,24,0,0,0,0.0,0,0,False,False,2025,9,September
2025-09-16,WND-01,Gale Point Wind,Wind,Coastal Plain,210,2039.8,1830.7,209.1,11.4,0.4047,100.0,24,0,0,0,0.0,0,0,False,False,2025,9,September
2025-09-17,WND-01,Gale Point Wind,Wind,Coastal Plain,210,2056.1,2089.0,-32.9,-1.6,0.408,100.0,24,0,0,0,0.0,0,0,False,False,2025,9,September
2025-09-18,WND-01,Gale Point Wind,Wind,Coastal Plain,210,1792.9,2018.3,-225.4,-11.2,0.3557,100.0,24,0,0,0,0.0,0,0,False,False,2025,9,September
2025-09-19,WND-01,Gale Point Wind,Wind,Coastal Plain,210,2687.2,2483.3,203.9,8.2,0.5332,100.0,24,0,0,0,0.0,0,0,False,False,2025,9,September
2025-09-20,WND-01,Gale Point Wind,Wind,Coastal Plain,210,3619.8,2519.8,1100.0,43.7,0.7182,100.0,24,0,0,0,0.0,0,0,False,False,2025,9,September
2025-09-21,WND-01,Gale Point Wind,Wind,Coastal Plain,210,4113.6,2269.2,1844.4,81.3,0.8162,100.0,24,0,0,0,0.0,0,0,False,False,2025,9,September
2025-09-22,WND-01,Gale Point Wind,Wind,Coastal Plain,210,1721.9,1292.9,429.0,33.2,0.3416,58.3,14,10,0,10,15495.11,1,0,False,False,2025,9,September
2025-09-23,WND-01,Gale Point Wind,Wind,Coastal Plain,210,2413.7,2260.3,153.4,6.8,0.4789,100.0,24,0,0,0,0.0,0,0,False,False,2025,9,September
2025-09-24,WND-01,Gale Point Wind,Wind,Coastal Plain,210,3603.7,2689.6,914.1,34.0,0.715,100.0,24,0,0,0,0.0,0,0,False,False,2025,9,September
2025-09-25,WND-01,Gale Point Wind,Wind,Coastal Plain,210,3373.4,2987.9,385.5,12.9,0.6693,100.0,24,0,0,0,0.0,0,0,False,False,2025,9,September
2025-09-26,WND-01,Gale Point Wind,Wind,Coastal Plain,210,2861.6,2569.8,291.8,11.4,0.5678,100.0,24,0,0,0,0.0,0,0,False,False,2025,9,September
2025-09-27,WND-01,Gale Point Wind,Wind,Coastal Plain,210,3177.8,2570.0,607.8,23.6,0.6305,100.0,24,0,0,0,0.0,0,0,False,False,2025,9,September
2025-09-28,WND-01,Gale Point Wind,Wind,Coastal Plain,210,3620.3,2694.9,925.4,34.3,0.7183,100.0,24,0,0,0,0.0,0,0,False,False,2025,9,September
2025-09-29,WND-01,Gale Point Wind,Wind,Coastal Plain,210,2831.2,2692.2,139.0,5.2,0.5617,100.0,24,0,0,0,0.0,0,0,False,False,2025,9,September
2025-09-30,WND-01,Gale Point Wind,Wind,Coastal Plain,210,2819.9,2319.9,500.0,21.6,0.5595,100.0,24,0,0,0,0.0,0,0,False,False,2025,9,September
2025-10-01,WND-01,Gale Point Wind,Wind,Coastal Plain,210,3303.0,2583.7,719.3,27.8,0.6554,100.0,24,0,0,0,0.0,0,0,False,False,2025,10,October
2025-10-02,WND-01,Gale Point Wind,Wind,Coastal Plain,210,2240.2,2029.1,211.1,10.4,0.4445,100.0,24,0,0,0,0.0,0,0,False,False,2025,10,October
2025-10-03,WND-01,Gale Point Wind,Wind,Coastal Plain,210,2264.9,2584.7,-319.8,-12.4,0.4494,100.0,24,0,0,0,0.0,0,0,False,False,2025,10,October
2025-10-04,WND-01,Gale Point Wind,Wind,Coastal Plain,210,1594.1,2120.0,-525.9,-24.8,0.3163,100.0,24,0,0,0,0.0,0,0,False,False,2025,10,October
2025-10-05,WND-01,Gale Point Wind,Wind,Coastal Plain,210,1224.5,1757.5,-533.0,-30.3,0.243,100.0,24,0,0,0,0.0,0,0,False,False,2025,10,October
2025-10-06,WND-01,Gale Point Wind,Wind,Coastal Plain,210,1199.2,1873.3,-674.1,-36.0,0.2379,100.0,24,0,0,0,0.0,0,0,False,False,2025,10,October
2025-10-07,WND-01,Gale Point Wind,Wind,Coastal Plain,210,1777.5,2229.7,-452.2,-20.3,0.3527,100.0,24,0,0,0,0.0,0,0,False,False,2025,10,October
2025-10-08,WND-01,Gale Point Wind,Wind,Coastal Plain,210,1736.8,2059.0,-322.2,-15.6,0.3446,100.0,24,0,0,0,0.0,0,0,False,False,2025,10,October
2025-10-09,WND-01,Gale Point Wind,Wind,Coastal Plain,210,1518.7,1924.9,-406.2,-21.1,0.3013,100.0,24,0,0,0,0.0,0,0,False,False,2025,10,October
2025-10-10,WND-01,Gale Point Wind,Wind,Coastal Plain,210,1775.6,1999.5,-223.9,-11.2,0.3523,100.0,24,0,0,0,0.0,0,0,False,False,2025,10,October
2025-10-11,WND-01,Gale Point Wind,Wind,Coastal Plain,210,1268.3,2020.9,-752.6,-37.2,0.2516,100.0,24,0,0,0,0.0,0,0,False,False,2025,10,October
2025-10-12,WND-01,Gale Point Wind,Wind,Coastal Plain,210,1814.6,2086.5,-271.9,-13.0,0.36,100.0,24,0,0,0,0.0,0,0,False,False,2025,10,October
2025-10-13,WND-01,Gale Point Wind,Wind,Coastal Plain,210,2699.1,2380.9,318.2,13.4,0.5355,100.0,24,0,0,0,0.0,0,0,False,False,2025,10,October
2025-10-14,WND-01,Gale Point Wind,Wind,Coastal Plain,210,2560.8,2150.3,410.5,19.1,0.5081,100.0,24,0,0,0,0.0,0,0,False,False,2025,10,October
2025-10-15,WND-01,Gale Point Wind,Wind,Coastal Plain,210,2384.5,2399.8,-15.3,-0.6,0.4731,100.0,24,0,0,0,0.0,0,0,False,False,2025,10,October
2025-10-16,WND-01,Gale Point Wind,Wind,Coastal Plain,210,2638.0,2436.8,201.2,8.3,0.5234,100.0,24,0,0,0,0.0,0,0,False,False,2025,10,October
2025-10-17,WND-01,Gale Point Wind,Wind,Coastal Plain,210,1335.2,1942.4,-607.2,-31.3,0.2649,100.0,24,0,0,0,0.0,0,0,False,False,2025,10,October
2025-10-18,WND-01,Gale Point Wind,Wind,Coastal Plain,210,1947.5,2287.0,-339.5,-14.8,0.3864,100.0,24,0,0,0,0.0,0,0,False,False,2025,10,October
2025-10-19,WND-01,Gale Point Wind,Wind,Coastal Plain,210,4230.5,3196.5,1034.0,32.3,0.8394,100.0,24,0,0,0,0.0,0,0,False,False,2025,10,October
2025-10-20,WND-01,Gale Point Wind,Wind,Coastal Plain,210,3618.1,2990.2,627.9,21.0,0.7179,100.0,24,0,0,0,0.0,0,0,False,False,2025,10,October
2025-10-21,WND-01,Gale Point Wind,Wind,Coastal Plain,210,3198.1,2821.1,377.0,13.4,0.6345,100.0,24,0,0,0,0.0,0,0,False,False,2025,10,October
2025-10-22,WND-01,Gale Point Wind,Wind,Coastal Plain,210,3510.6,2751.3,759.3,27.6,0.6965,100.0,24,0,0,0,0.0,0,0,False,False,2025,10,October
2025-10-23,WND-01,Gale Point Wind,Wind,Coastal Plain,210,4414.3,2973.7,1440.6,48.4,0.8759,100.0,24,0,0,0,0.0,0,0,False,False,2025,10,October
2025-10-24,WND-01,Gale Point Wind,Wind,Coastal Plain,210,3052.0,1947.5,1104.5,56.7,0.6056,66.7,16,8,0,8,14674.14,1,0,False,False,2025,10,October
2025-10-25,WND-01,Gale Point Wind,Wind,Coastal Plain,210,2457.7,2336.6,121.1,5.2,0.4876,100.0,24,0,0,0,0.0,0,0,False,False,2025,10,October
2025-10-26,WND-01,Gale Point Wind,Wind,Coastal Plain,210,2845.7,2610.6,235.1,9.0,0.5646,100.0,24,0,0,0,0.0,0,0,False,False,2025,10,October
2025-10-27,WND-01,Gale Point Wind,Wind,Coastal Plain,210,4610.0,3008.8,1601.2,53.2,0.9147,100.0,24,0,0,0,0.0,0,0,False,False,2025,10,October
2025-10-28,WND-01,Gale Point Wind,Wind,Coastal Plain,210,4460.8,3173.3,1287.5,40.6,0.8851,100.0,24,0,0,0,0.0,0,0,False,False,2025,10,October
2025-10-29,WND-01,Gale Point Wind,Wind,Coastal Plain,210,3067.3,2484.3,583.0,23.5,0.6086,100.0,24,0,0,0,0.0,0,0,False,False,2025,10,October
2025-10-30,WND-01,Gale Point Wind,Wind,Coastal Plain,210,3110.6,2352.0,758.6,32.3,0.6172,100.0,24,0,0,0,0.0,0,0,False,False,2025,10,October
2025-10-31,WND-01,Gale Point Wind,Wind,Coastal Plain,210,2108.2,2556.3,-448.1,-17.5,0.4183,100.0,24,0,0,0,0.0,0,0,False,False,2025,10,October
2025-11-01,WND-01,Gale Point Wind,Wind,Coastal Plain,210,3050.6,2604.8,445.8,17.1,0.6053,100.0,24,0,0,0,0.0,0,0,False,False,2025,11,November
2025-11-02,WND-01,Gale Point Wind,Wind,Coastal Plain,210,2279.4,2267.1,12.3,0.5,0.4523,100.0,24,0,0,0,0.0,0,0,False,False,2025,11,November
2025-11-03,WND-01,Gale Point Wind,Wind,Coastal Plain,210,2408.7,2262.3,146.4,6.5,0.4779,100.0,24,0,0,0,0.0,0,0,False,False,2025,11,November
2025-11-04,WND-01,Gale Point Wind,Wind,Coastal Plain,210,1913.7,2419.8,-506.1,-20.9,0.3797,100.0,24,0,0,0,0.0,0,0,False,False,2025,11,November
2025-11-05,WND-01,Gale Point Wind,Wind,Coastal Plain,210,1762.6,2578.1,-815.5,-31.6,0.3497,100.0,24,0,0,0,0.0,0,0,False,False,2025,11,November
2025-11-06,WND-01,Gale Point Wind,Wind,Coastal Plain,210,2958.6,2618.3,340.3,13.0,0.587,100.0,24,0,0,0,0.0,0,0,False,False,2025,11,November
2025-11-07,WND-01,Gale Point Wind,Wind,Coastal Plain,210,2929.6,2656.0,273.6,10.3,0.5813,100.0,24,0,0,0,0.0,0,0,False,False,2025,11,November
2025-11-08,WND-01,Gale Point Wind,Wind,Coastal Plain,210,2468.3,2790.1,-321.8,-11.5,0.4897,100.0,24,0,0,0,0.0,0,0,False,False,2025,11,November
2025-11-09,WND-01,Gale Point Wind,Wind,Coastal Plain,210,1790.2,1926.8,-136.6,-7.1,0.3552,100.0,24,0,0,0,0.0,0,0,False,False,2025,11,November
2025-11-10,WND-01,Gale Point Wind,Wind,Coastal Plain,210,952.4,2402.8,-1450.4,-60.4,0.189,100.0,24,0,0,0,0.0,0,0,False,False,2025,11,November
2025-11-11,WND-01,Gale Point Wind,Wind,Coastal Plain,210,727.2,2408.8,-1681.6,-69.8,0.1443,100.0,24,0,0,0,0.0,0,0,False,False,2025,11,November
2025-11-12,WND-01,Gale Point Wind,Wind,Coastal Plain,210,1261.6,1569.8,-308.2,-19.6,0.2503,100.0,24,0,0,0,0.0,0,0,False,False,2025,11,November
2025-11-13,WND-01,Gale Point Wind,Wind,Coastal Plain,210,2225.3,2468.9,-243.6,-9.9,0.4415,100.0,24,0,0,0,0.0,0,0,False,False,2025,11,November
2025-11-14,WND-01,Gale Point Wind,Wind,Coastal Plain,210,1992.3,2255.1,-262.8,-11.7,0.3953,100.0,24,0,0,0,0.0,0,0,False,False,2025,11,November
2025-11-15,WND-01,Gale Point Wind,Wind,Coastal Plain,210,2420.5,2092.7,327.8,15.7,0.4803,75.0,18,6,0,6,9399.65,1,0,False,False,2025,11,November
2025-11-16,WND-01,Gale Point Wind,Wind,Coastal Plain,210,2586.1,2541.6,44.5,1.8,0.5131,100.0,24,0,0,0,0.0,0,0,False,False,2025,11,November
2025-11-17,WND-01,Gale Point Wind,Wind,Coastal Plain,210,2458.4,2777.4,-319.0,-11.5,0.4878,100.0,24,0,0,0,0.0,0,0,False,False,2025,11,November
2025-11-18,WND-01,Gale Point Wind,Wind,Coastal Plain,210,1841.9,2351.4,-509.5,-21.7,0.3655,100.0,24,0,0,0,0.0,0,0,False,False,2025,11,November
2025-11-19,WND-01,Gale Point Wind,Wind,Coastal Plain,210,2717.5,2493.7,223.8,9.0,0.5392,100.0,24,0,0,0,0.0,0,0,False,False,2025,11,November
2025-11-20,WND-01,Gale Point Wind,Wind,Coastal Plain,210,4210.3,3163.7,1046.6,33.1,0.8354,100.0,24,0,0,0,0.0,0,0,False,False,2025,11,November
2025-11-21,WND-01,Gale Point Wind,Wind,Coastal Plain,210,2550.5,2764.1,-213.6,-7.7,0.5061,100.0,24,0,0,0,0.0,0,0,False,False,2025,11,November
2025-11-22,WND-01,Gale Point Wind,Wind,Coastal Plain,210,2373.4,2330.2,43.2,1.9,0.4709,100.0,24,0,0,0,0.0,0,0,False,False,2025,11,November
2025-11-23,WND-01,Gale Point Wind,Wind,Coastal Plain,210,3335.6,2557.6,778.0,30.4,0.6618,100.0,24,0,0,0,0.0,0,0,False,False,2025,11,November
2025-11-24,WND-01,Gale Point Wind,Wind,Coastal Plain,210,2201.6,2989.2,-787.6,-26.3,0.4368,100.0,24,0,0,0,0.0,0,0,False,False,2025,11,November
2025-11-25,WND-01,Gale Point Wind,Wind,Coastal Plain,210,2725.6,2585.8,139.8,5.4,0.5408,100.0,24,0,0,0,0.0,0,0,False,False,2025,11,November
2025-11-26,WND-01,Gale Point Wind,Wind,Coastal Plain,210,3585.7,2997.1,588.6,19.6,0.7114,100.0,24,0,0,0,0.0,0,0,False,False,2025,11,November
2025-11-27,WND-01,Gale Point Wind,Wind,Coastal Plain,210,3406.2,2882.0,524.2,18.2,0.6758,100.0,24,0,0,0,0.0,0,0,False,False,2025,11,November
2025-11-28,WND-01,Gale Point Wind,Wind,Coastal Plain,210,3617.1,3177.3,439.8,13.8,0.7177,100.0,24,0,0,0,0.0,0,0,False,False,2025,11,November
2025-11-29,WND-01,Gale Point Wind,Wind,Coastal Plain,210,4682.9,3834.3,848.6,22.1,0.9291,100.0,24,0,0,0,0.0,0,0,False,False,2025,11,November
2025-11-30,WND-01,Gale Point Wind,Wind,Coastal Plain,210,5040.0,3857.5,1182.5,30.7,1.0,100.0,24,0,0,0,0.0,0,0,False,False,2025,11,November
2025-12-01,WND-01,Gale Point Wind,Wind,Coastal Plain,210,4748.8,3076.2,1672.6,54.4,0.9422,100.0,24,0,0,0,0.0,0,0,False,False,2025,12,December
2025-12-02,WND-01,Gale Point Wind,Wind,Coastal Plain,210,3783.0,2804.5,978.5,34.9,0.7506,100.0,24,0,0,0,0.0,0,0,False,False,2025,12,December
2025-12-03,WND-01,Gale Point Wind,Wind,Coastal Plain,210,2860.0,2723.7,136.3,5.0,0.5675,100.0,24,0,0,0,0.0,0,0,False,False,2025,12,December
2025-12-04,WND-01,Gale Point Wind,Wind,Coastal Plain,210,3529.3,2985.6,543.7,18.2,0.7003,100.0,24,0,0,0,0.0,0,0,False,False,2025,12,December
2025-12-05,WND-01,Gale Point Wind,Wind,Coastal Plain,210,2395.7,2279.9,115.8,5.1,0.4753,100.0,24,0,0,0,0.0,0,0,False,False,2025,12,December
2025-12-06,WND-01,Gale Point Wind,Wind,Coastal Plain,210,2349.8,2831.2,-481.4,-17.0,0.4662,100.0,24,0,0,0,0.0,0,0,False,False,2025,12,December
2025-12-07,WND-01,Gale Point Wind,Wind,Coastal Plain,210,2550.1,2479.9,70.2,2.8,0.506,100.0,24,0,0,0,0.0,0,0,False,False,2025,12,December
2025-12-08,WND-01,Gale Point Wind,Wind,Coastal Plain,210,2301.2,2976.0,-674.8,-22.7,0.4566,100.0,24,0,0,0,0.0,0,0,False,False,2025,12,December
2025-12-09,WND-01,Gale Point Wind,Wind,Coastal Plain,210,2634.6,3180.0,-545.4,-17.2,0.5227,100.0,24,0,0,0,0.0,0,0,False,False,2025,12,December
2025-12-10,WND-01,Gale Point Wind,Wind,Coastal Plain,210,2648.1,3348.2,-700.1,-20.9,0.5254,58.3,14,0,10,10,29304.0,1,0,False,False,2025,12,December
2025-12-11,WND-01,Gale Point Wind,Wind,Coastal Plain,210,3958.0,3324.3,633.7,19.1,0.7853,100.0,24,0,0,0,0.0,0,0,False,False,2025,12,December
2025-12-12,WND-01,Gale Point Wind,Wind,Coastal Plain,210,3330.3,2731.6,598.7,21.9,0.6608,100.0,24,0,0,0,0.0,0,0,False,False,2025,12,December
2025-12-13,WND-01,Gale Point Wind,Wind,Coastal Plain,210,3928.6,3366.3,562.3,16.7,0.7795,100.0,24,0,0,0,0.0,0,0,False,False,2025,12,December
2025-12-14,WND-01,Gale Point Wind,Wind,Coastal Plain,210,3798.3,3062.4,735.9,24.0,0.7536,100.0,24,0,0,0,0.0,0,0,False,False,2025,12,December
2025-12-15,WND-01,Gale Point Wind,Wind,Coastal Plain,210,4604.3,3189.8,1414.5,44.3,0.9136,100.0,24,0,0,0,0.0,0,0,False,False,2025,12,December
2025-12-16,WND-01,Gale Point Wind,Wind,Coastal Plain,210,4224.8,3258.9,965.9,29.6,0.8383,100.0,24,0,0,0,0.0,0,0,False,False,2025,12,December
2025-12-17,WND-01,Gale Point Wind,Wind,Coastal Plain,210,3656.1,3033.3,622.8,20.5,0.7254,100.0,24,0,0,0,0.0,0,0,False,False,2025,12,December
2025-12-18,WND-01,Gale Point Wind,Wind,Coastal Plain,210,2231.3,2574.7,-343.4,-13.3,0.4427,100.0,24,0,0,0,0.0,0,0,False,False,2025,12,December
2025-12-19,WND-01,Gale Point Wind,Wind,Coastal Plain,210,1424.3,2551.7,-1127.4,-44.2,0.2826,100.0,24,0,0,0,0.0,0,0,False,False,2025,12,December
2025-12-20,WND-01,Gale Point Wind,Wind,Coastal Plain,210,800.8,1920.8,-1120.0,-58.3,0.1589,100.0,24,0,0,0,0.0,0,0,False,False,2025,12,December
2025-12-21,WND-01,Gale Point Wind,Wind,Coastal Plain,210,1534.3,2778.7,-1244.4,-44.8,0.3044,100.0,24,0,0,0,0.0,0,0,False,False,2025,12,December
2025-12-22,WND-01,Gale Point Wind,Wind,Coastal Plain,210,1115.2,1947.0,-831.8,-42.7,0.2213,100.0,24,0,0,0,0.0,0,0,False,False,2025,12,December
2025-12-23,WND-01,Gale Point Wind,Wind,Coastal Plain,210,2344.9,3073.5,-728.6,-23.7,0.4653,100.0,24,0,0,0,0.0,0,0,False,False,2025,12,December
2025-12-24,WND-01,Gale Point Wind,Wind,Coastal Plain,210,2521.7,2542.3,-20.6,-0.8,0.5003,100.0,24,0,0,0,0.0,0,0,False,False,2025,12,December
2025-12-25,WND-01,Gale Point Wind,Wind,Coastal Plain,210,2470.9,2754.3,-283.4,-10.3,0.4903,100.0,24,0,0,0,0.0,0,0,False,False,2025,12,December
2025-12-26,WND-01,Gale Point Wind,Wind,Coastal Plain,210,2053.0,2495.4,-442.4,-17.7,0.4073,100.0,24,0,0,0,0.0,0,0,False,False,2025,12,December
2025-12-27,WND-01,Gale Point Wind,Wind,Coastal Plain,210,2697.8,2762.5,-64.7,-2.3,0.5353,100.0,24,0,0,0,0.0,0,0,False,False,2025,12,December
2025-12-28,WND-01,Gale Point Wind,Wind,Coastal Plain,210,2235.2,2857.7,-622.5,-21.8,0.4435,100.0,24,0,0,0,0.0,0,0,False,False,2025,12,December
2025-12-29,WND-01,Gale Point Wind,Wind,Coastal Plain,210,1807.5,2855.7,-1048.2,-36.7,0.3586,100.0,24,0,0,0,0.0,0,0,False,False,2025,12,December
2025-12-30,WND-01,Gale Point Wind,Wind,Coastal Plain,210,2888.0,3191.2,-303.2,-9.5,0.573,100.0,24,0,0,0,0.0,0,0,False,False,2025,12,December
2025-12-31,WND-01,Gale Point Wind,Wind,Coastal Plain,210,3147.2,2913.7,233.5,8.0,0.6244,100.0,24,0,0,0,0.0,0,0,False,False,2025,12,December
2025-01-01,WND-02,Red Mesa Wind,Wind,High Desert,140,1442.9,1683.8,-240.9,-14.3,0.4294,100.0,24,0,0,0,0.0,0,0,False,False,2025,1,January
2025-01-02,WND-02,Red Mesa Wind,Wind,High Desert,140,2884.1,1996.4,887.7,44.5,0.8584,100.0,24,0,0,0,0.0,0,0,False,False,2025,1,January
2025-01-03,WND-02,Red Mesa Wind,Wind,High Desert,140,1819.3,1475.2,344.1,23.3,0.5415,100.0,24,0,0,0,0.0,0,0,False,False,2025,1,January
2025-01-04,WND-02,Red Mesa Wind,Wind,High Desert,140,2316.2,1732.1,584.1,33.7,0.6893,100.0,24,0,0,0,0.0,0,0,False,False,2025,1,January
2025-01-05,WND-02,Red Mesa Wind,Wind,High Desert,140,2388.5,1574.8,813.7,51.7,0.7109,100.0,24,0,0,0,0.0,0,0,False,False,2025,1,January
2025-01-06,WND-02,Red Mesa Wind,Wind,High Desert,140,1236.0,1585.4,-349.4,-22.0,0.3679,100.0,24,0,0,0,0.0,0,0,False,False,2025,1,January
2025-01-07,WND-02,Red Mesa Wind,Wind,High Desert,140,1529.6,1328.6,201.0,15.1,0.4552,100.0,24,0,0,0,0.0,0,0,False,False,2025,1,January
2025-01-08,WND-02,Red Mesa Wind,Wind,High Desert,140,1553.0,1606.2,-53.2,-3.3,0.4622,100.0,24,0,0,0,0.0,0,0,False,False,2025,1,January
2025-01-09,WND-02,Red Mesa Wind,Wind,High Desert,140,965.3,1234.8,-269.5,-21.8,0.2873,100.0,24,0,0,0,0.0,0,0,False,False,2025,1,January
2025-01-10,WND-02,Red Mesa Wind,Wind,High Desert,140,1466.2,1333.5,132.7,10.0,0.4364,100.0,24,0,0,0,0.0,0,0,False,False,2025,1,January
2025-01-11,WND-02,Red Mesa Wind,Wind,High Desert,140,1620.0,1624.5,-4.5,-0.3,0.4821,100.0,24,0,0,0,0.0,0,0,False,False,2025,1,January
2025-01-12,WND-02,Red Mesa Wind,Wind,High Desert,140,1547.4,1516.8,30.6,2.0,0.4605,100.0,24,0,0,0,0.0,0,0,False,False,2025,1,January
2025-01-13,WND-02,Red Mesa Wind,Wind,High Desert,140,1508.8,1674.0,-165.2,-9.9,0.449,100.0,24,0,0,0,0.0,0,0,False,False,2025,1,January
2025-01-14,WND-02,Red Mesa Wind,Wind,High Desert,140,919.5,1359.1,-439.6,-32.3,0.2737,62.5,15,0,9,9,23198.4,1,0,False,False,2025,1,January
2025-01-15,WND-02,Red Mesa Wind,Wind,High Desert,140,1251.6,1353.8,-102.2,-7.5,0.3725,100.0,24,0,0,0,0.0,0,0,False,False,2025,1,January
2025-01-16,WND-02,Red Mesa Wind,Wind,High Desert,140,1487.3,1211.1,276.2,22.8,0.4426,100.0,24,0,0,0,0.0,0,0,False,False,2025,1,January
2025-01-17,WND-02,Red Mesa Wind,Wind,High Desert,140,1071.2,1096.5,-25.3,-2.3,0.3188,100.0,24,0,0,0,0.0,0,0,False,False,2025,1,January
2025-01-18,WND-02,Red Mesa Wind,Wind,High Desert,140,3360.0,2474.7,885.3,35.8,1.0,100.0,24,0,0,0,0.0,0,0,False,False,2025,1,January
2025-01-19,WND-02,Red Mesa Wind,Wind,High Desert,140,1497.1,1857.1,-360.0,-19.4,0.4456,100.0,24,0,0,0,0.0,0,0,False,False,2025,1,January
2025-01-20,WND-02,Red Mesa Wind,Wind,High Desert,140,1116.4,1424.4,-308.0,-21.6,0.3323,100.0,24,0,0,0,0.0,0,0,False,False,2025,1,January
2025-01-21,WND-02,Red Mesa Wind,Wind,High Desert,140,960.7,1239.1,-278.4,-22.5,0.2859,100.0,24,0,0,0,0.0,0,0,False,False,2025,1,January
2025-01-22,WND-02,Red Mesa Wind,Wind,High Desert,140,2808.3,1941.2,867.1,44.7,0.8358,100.0,24,0,0,0,0.0,0,0,False,False,2025,1,January
2025-01-23,WND-02,Red Mesa Wind,Wind,High Desert,140,1264.1,1591.0,-326.9,-20.5,0.3762,100.0,24,0,0,0,0.0,0,0,False,False,2025,1,January
2025-01-24,WND-02,Red Mesa Wind,Wind,High Desert,140,1707.6,1547.4,160.2,10.4,0.5082,100.0,24,0,0,0,0.0,0,0,False,False,2025,1,January
2025-01-25,WND-02,Red Mesa Wind,Wind,High Desert,140,1841.2,1702.7,138.5,8.1,0.548,100.0,24,0,0,0,0.0,0,0,False,False,2025,1,January
2025-01-26,WND-02,Red Mesa Wind,Wind,High Desert,140,1986.4,1714.7,271.7,15.8,0.5912,100.0,24,0,0,0,0.0,0,0,False,False,2025,1,January
2025-01-27,WND-02,Red Mesa Wind,Wind,High Desert,140,2821.6,1902.7,918.9,48.3,0.8398,100.0,24,0,0,0,0.0,0,0,False,False,2025,1,January
2025-01-28,WND-02,Red Mesa Wind,Wind,High Desert,140,3320.0,2064.6,1255.4,60.8,0.9881,100.0,24,0,0,0,0.0,0,0,False,False,2025,1,January
2025-01-29,WND-02,Red Mesa Wind,Wind,High Desert,140,2174.3,1822.1,352.2,19.3,0.6471,100.0,24,0,0,0,0.0,0,0,False,False,2025,1,January
2025-01-30,WND-02,Red Mesa Wind,Wind,High Desert,140,2068.0,1598.3,469.7,29.4,0.6155,100.0,24,0,0,0,0.0,0,0,False,False,2025,1,January
2025-01-31,WND-02,Red Mesa Wind,Wind,High Desert,140,581.6,1259.0,-677.4,-53.8,0.1731,100.0,24,0,0,0,0.0,0,0,False,False,2025,1,January
2025-02-01,WND-02,Red Mesa Wind,Wind,High Desert,140,1031.3,1309.8,-278.5,-21.3,0.3069,100.0,24,0,0,0,0.0,0,0,False,False,2025,2,February
2025-02-02,WND-02,Red Mesa Wind,Wind,High Desert,140,729.3,1274.6,-545.3,-42.8,0.2171,100.0,24,0,0,0,0.0,0,0,False,False,2025,2,February
2025-02-03,WND-02,Red Mesa Wind,Wind,High Desert,140,938.0,1534.2,-596.2,-38.9,0.2792,100.0,24,0,0,0,0.0,0,0,False,False,2025,2,February
2025-02-04,WND-02,Red Mesa Wind,Wind,High Desert,140,210.2,1001.1,-790.9,-79.0,0.0626,100.0,24,0,0,0,0.0,0,0,False,False,2025,2,February
2025-02-05,WND-02,Red Mesa Wind,Wind,High Desert,140,596.0,920.1,-324.1,-35.2,0.1774,62.5,15,9,0,9,11565.28,1,0,False,False,2025,2,February
2025-02-06,WND-02,Red Mesa Wind,Wind,High Desert,140,210.6,796.3,-585.7,-73.6,0.0627,100.0,24,0,0,0,0.0,0,0,False,False,2025,2,February
2025-02-07,WND-02,Red Mesa Wind,Wind,High Desert,140,789.5,1212.8,-423.3,-34.9,0.235,100.0,24,0,0,0,0.0,0,0,False,False,2025,2,February
2025-02-08,WND-02,Red Mesa Wind,Wind,High Desert,140,361.9,1097.8,-735.9,-67.0,0.1077,100.0,24,0,0,0,0.0,0,0,False,False,2025,2,February
2025-02-09,WND-02,Red Mesa Wind,Wind,High Desert,140,331.1,1338.7,-1007.6,-75.3,0.0985,100.0,24,0,0,0,0.0,0,0,False,False,2025,2,February
2025-02-10,WND-02,Red Mesa Wind,Wind,High Desert,140,1578.8,1288.2,290.6,22.6,0.4699,100.0,24,0,0,0,0.0,0,0,False,False,2025,2,February
2025-02-11,WND-02,Red Mesa Wind,Wind,High Desert,140,2018.9,1699.9,319.0,18.8,0.6009,100.0,24,0,0,0,0.0,0,0,False,False,2025,2,February
2025-02-12,WND-02,Red Mesa Wind,Wind,High Desert,140,2755.8,2180.5,575.3,26.4,0.8202,100.0,24,0,0,0,0.0,0,0,False,False,2025,2,February
2025-02-13,WND-02,Red Mesa Wind,Wind,High Desert,140,3360.0,2088.0,1272.0,60.9,1.0,100.0,24,0,0,0,0.0,0,0,False,False,2025,2,February
2025-02-14,WND-02,Red Mesa Wind,Wind,High Desert,140,2037.4,1684.8,352.6,20.9,0.6064,100.0,24,0,0,0,0.0,0,0,False,False,2025,2,February
2025-02-15,WND-02,Red Mesa Wind,Wind,High Desert,140,3068.6,2100.5,968.1,46.1,0.9133,100.0,24,0,0,0,0.0,0,0,False,False,2025,2,February
2025-02-16,WND-02,Red Mesa Wind,Wind,High Desert,140,1269.7,1473.2,-203.5,-13.8,0.3779,100.0,24,0,0,0,0.0,0,0,False,False,2025,2,February
2025-02-17,WND-02,Red Mesa Wind,Wind,High Desert,140,1941.8,1914.3,27.5,1.4,0.5779,100.0,24,0,0,0,0.0,0,0,False,False,2025,2,February
2025-02-18,WND-02,Red Mesa Wind,Wind,High Desert,140,1402.2,1555.9,-153.7,-9.9,0.4173,100.0,24,0,0,0,0.0,0,0,False,False,2025,2,February
2025-02-19,WND-02,Red Mesa Wind,Wind,High Desert,140,824.8,1460.8,-636.0,-43.5,0.2455,100.0,24,0,0,0,0.0,0,0,False,False,2025,2,February
2025-02-20,WND-02,Red Mesa Wind,Wind,High Desert,140,1543.2,1486.2,57.0,3.8,0.4593,100.0,24,0,0,0,0.0,0,0,False,False,2025,2,February
2025-02-21,WND-02,Red Mesa Wind,Wind,High Desert,140,2272.2,1672.6,599.6,35.8,0.6762,100.0,24,0,0,0,0.0,0,0,False,False,2025,2,February
2025-02-22,WND-02,Red Mesa Wind,Wind,High Desert,140,2699.6,1884.9,814.7,43.2,0.8035,100.0,24,0,0,0,0.0,0,0,False,False,2025,2,February
2025-02-23,WND-02,Red Mesa Wind,Wind,High Desert,140,2359.7,1635.5,724.2,44.3,0.7023,100.0,24,0,0,0,0.0,0,0,False,False,2025,2,February
2025-02-24,WND-02,Red Mesa Wind,Wind,High Desert,140,2100.1,1792.0,308.1,17.2,0.625,100.0,24,0,0,0,0.0,0,0,False,False,2025,2,February
2025-02-25,WND-02,Red Mesa Wind,Wind,High Desert,140,2267.9,1715.9,552.0,32.2,0.675,100.0,24,0,0,0,0.0,0,0,False,False,2025,2,February
2025-02-26,WND-02,Red Mesa Wind,Wind,High Desert,140,2183.2,1644.1,539.1,32.8,0.6498,100.0,24,0,0,0,0.0,0,0,False,False,2025,2,February
2025-02-27,WND-02,Red Mesa Wind,Wind,High Desert,140,2325.8,1863.2,462.6,24.8,0.6922,100.0,24,0,0,0,0.0,0,0,False,False,2025,2,February
2025-02-28,WND-02,Red Mesa Wind,Wind,High Desert,140,2132.9,1555.0,577.9,37.2,0.6348,100.0,24,0,0,0,0.0,0,0,False,False,2025,2,February
2025-03-01,WND-02,Red Mesa Wind,Wind,High Desert,140,2543.0,1971.6,571.4,29.0,0.7568,100.0,24,0,0,0,0.0,0,0,False,False,2025,3,March
2025-03-02,WND-02,Red Mesa Wind,Wind,High Desert,140,906.5,1221.2,-314.7,-25.8,0.2698,100.0,24,0,0,0,0.0,0,0,False,False,2025,3,March
2025-03-03,WND-02,Red Mesa Wind,Wind,High Desert,140,1056.2,1504.5,-448.3,-29.8,0.3143,100.0,24,0,0,0,0.0,0,0,False,False,2025,3,March
2025-03-04,WND-02,Red Mesa Wind,Wind,High Desert,140,384.8,1015.9,-631.1,-62.1,0.1145,100.0,24,0,0,0,0.0,0,0,False,False,2025,3,March
2025-03-05,WND-02,Red Mesa Wind,Wind,High Desert,140,980.1,1396.0,-415.9,-29.8,0.2917,100.0,24,0,0,0,0.0,0,0,False,False,2025,3,March
2025-03-06,WND-02,Red Mesa Wind,Wind,High Desert,140,2441.1,1836.4,604.7,32.9,0.7265,100.0,24,0,0,0,0.0,0,0,False,False,2025,3,March
2025-03-07,WND-02,Red Mesa Wind,Wind,High Desert,140,1657.2,1654.2,3.0,0.2,0.4932,100.0,24,0,0,0,0.0,0,0,False,False,2025,3,March
2025-03-08,WND-02,Red Mesa Wind,Wind,High Desert,140,1676.6,1566.1,110.5,7.1,0.499,100.0,24,0,0,0,0.0,0,0,False,False,2025,3,March
2025-03-09,WND-02,Red Mesa Wind,Wind,High Desert,140,2178.1,1474.1,704.0,47.8,0.6482,100.0,24,0,0,0,0.0,0,0,False,False,2025,3,March
2025-03-10,WND-02,Red Mesa Wind,Wind,High Desert,140,480.2,1231.3,-751.1,-61.0,0.1429,100.0,24,0,0,0,0.0,0,0,False,False,2025,3,March
2025-03-11,WND-02,Red Mesa Wind,Wind,High Desert,140,546.7,1110.6,-563.9,-50.8,0.1627,100.0,24,0,0,0,0.0,0,0,False,False,2025,3,March
2025-03-12,WND-02,Red Mesa Wind,Wind,High Desert,140,1145.0,1463.6,-318.6,-21.8,0.3408,100.0,24,0,0,0,0.0,0,0,False,False,2025,3,March
2025-03-13,WND-02,Red Mesa Wind,Wind,High Desert,140,0.0,804.4,-804.4,-100.0,0.0,100.0,24,0,0,0,0.0,0,0,False,False,2025,3,March
2025-03-14,WND-02,Red Mesa Wind,Wind,High Desert,140,0.0,701.2,-701.2,-100.0,0.0,100.0,24,0,0,0,0.0,0,0,False,False,2025,3,March
2025-03-15,WND-02,Red Mesa Wind,Wind,High Desert,140,1084.4,1197.3,-112.9,-9.4,0.3227,100.0,24,0,0,0,0.0,0,0,False,False,2025,3,March
2025-03-16,WND-02,Red Mesa Wind,Wind,High Desert,140,1978.7,1727.7,251.0,14.5,0.5889,100.0,24,0,0,0,0.0,0,0,False,False,2025,3,March
2025-03-17,WND-02,Red Mesa Wind,Wind,High Desert,140,2039.0,1604.0,435.0,27.1,0.6068,100.0,24,0,0,0,0.0,0,0,False,False,2025,3,March
2025-03-18,WND-02,Red Mesa Wind,Wind,High Desert,140,2486.8,1933.2,553.6,28.6,0.7401,100.0,24,0,0,0,0.0,0,0,False,False,2025,3,March
2025-03-19,WND-02,Red Mesa Wind,Wind,High Desert,140,2198.2,1668.6,529.6,31.7,0.6542,100.0,24,0,0,0,0.0,0,0,False,False,2025,3,March
2025-03-20,WND-02,Red Mesa Wind,Wind,High Desert,140,2307.5,1881.2,426.3,22.7,0.6868,100.0,24,0,0,0,0.0,0,0,False,False,2025,3,March
2025-03-21,WND-02,Red Mesa Wind,Wind,High Desert,140,1680.5,1577.5,103.0,6.5,0.5001,100.0,24,0,0,0,0.0,0,0,False,False,2025,3,March
2025-03-22,WND-02,Red Mesa Wind,Wind,High Desert,140,1655.9,1546.5,109.4,7.1,0.4928,100.0,24,0,0,0,0.0,0,0,False,False,2025,3,March
2025-03-23,WND-02,Red Mesa Wind,Wind,High Desert,140,1105.0,1256.6,-151.6,-12.1,0.3289,100.0,24,0,0,0,0.0,0,0,False,False,2025,3,March
2025-03-24,WND-02,Red Mesa Wind,Wind,High Desert,140,2184.2,1709.6,474.6,27.8,0.6501,100.0,24,0,0,0,0.0,0,0,False,False,2025,3,March
2025-03-25,WND-02,Red Mesa Wind,Wind,High Desert,140,3112.1,2152.6,959.5,44.6,0.9262,100.0,24,0,0,0,0.0,0,0,False,False,2025,3,March
2025-03-26,WND-02,Red Mesa Wind,Wind,High Desert,140,3360.0,2091.6,1268.4,60.6,1.0,100.0,24,0,0,0,0.0,0,0,False,False,2025,3,March
2025-03-27,WND-02,Red Mesa Wind,Wind,High Desert,140,2248.0,1765.6,482.4,27.3,0.669,100.0,24,0,0,0,0.0,0,0,False,False,2025,3,March
2025-03-28,WND-02,Red Mesa Wind,Wind,High Desert,140,1175.5,1325.4,-149.9,-11.3,0.3499,100.0,24,0,0,0,0.0,0,0,False,False,2025,3,March
2025-03-29,WND-02,Red Mesa Wind,Wind,High Desert,140,2232.7,1693.7,539.0,31.8,0.6645,100.0,24,0,0,0,0.0,0,0,False,False,2025,3,March
2025-03-30,WND-02,Red Mesa Wind,Wind,High Desert,140,2296.3,1952.1,344.2,17.6,0.6834,100.0,24,0,0,0,0.0,0,0,False,False,2025,3,March
2025-03-31,WND-02,Red Mesa Wind,Wind,High Desert,140,2155.9,1822.5,333.4,18.3,0.6416,100.0,24,0,0,0,0.0,0,0,False,False,2025,3,March
2025-04-01,WND-02,Red Mesa Wind,Wind,High Desert,140,1345.7,1378.5,-32.8,-2.4,0.4005,100.0,24,0,0,0,0.0,0,0,False,False,2025,4,April
2025-04-02,WND-02,Red Mesa Wind,Wind,High Desert,140,1667.3,1505.8,161.5,10.7,0.4962,100.0,24,0,0,0,0.0,0,0,False,False,2025,4,April
2025-04-03,WND-02,Red Mesa Wind,Wind,High Desert,140,796.5,1067.0,-270.5,-25.4,0.2371,100.0,24,0,0,0,0.0,0,0,False,False,2025,4,April
2025-04-04,WND-02,Red Mesa Wind,Wind,High Desert,140,1464.7,1375.2,89.5,6.5,0.4359,100.0,24,0,0,0,0.0,0,0,False,False,2025,4,April
2025-04-05,WND-02,Red Mesa Wind,Wind,High Desert,140,2495.5,1783.0,712.5,40.0,0.7427,100.0,24,0,0,0,0.0,0,0,False,False,2025,4,April
2025-04-06,WND-02,Red Mesa Wind,Wind,High Desert,140,3360.0,2140.5,1219.5,57.0,1.0,100.0,24,0,0,0,0.0,0,0,False,False,2025,4,April
2025-04-07,WND-02,Red Mesa Wind,Wind,High Desert,140,3073.7,2026.5,1047.2,51.7,0.9148,100.0,24,0,0,0,0.0,0,0,False,False,2025,4,April
2025-04-08,WND-02,Red Mesa Wind,Wind,High Desert,140,1247.9,1159.9,88.0,7.6,0.3714,100.0,24,0,0,0,0.0,0,0,False,False,2025,4,April
2025-04-09,WND-02,Red Mesa Wind,Wind,High Desert,140,1424.4,1507.8,-83.4,-5.5,0.4239,100.0,24,0,0,0,0.0,0,0,False,False,2025,4,April
2025-04-10,WND-02,Red Mesa Wind,Wind,High Desert,140,3110.4,1898.7,1211.7,63.8,0.9257,100.0,24,0,0,0,0.0,0,0,False,False,2025,4,April
2025-04-11,WND-02,Red Mesa Wind,Wind,High Desert,140,883.4,701.9,181.5,25.9,0.2629,54.2,13,11,0,11,17992.96,1,0,False,False,2025,4,April
2025-04-12,WND-02,Red Mesa Wind,Wind,High Desert,140,1454.4,1560.1,-105.7,-6.8,0.4329,100.0,24,0,0,0,0.0,0,0,False,False,2025,4,April
2025-04-13,WND-02,Red Mesa Wind,Wind,High Desert,140,2498.0,1930.4,567.6,29.4,0.7435,100.0,24,0,0,0,0.0,0,0,False,False,2025,4,April
2025-04-14,WND-02,Red Mesa Wind,Wind,High Desert,140,2475.1,1738.6,736.5,42.4,0.7366,100.0,24,0,0,0,0.0,0,0,False,False,2025,4,April
2025-04-15,WND-02,Red Mesa Wind,Wind,High Desert,140,3360.0,2314.6,1045.4,45.2,1.0,100.0,24,0,0,0,0.0,0,0,False,False,2025,4,April
2025-04-16,WND-02,Red Mesa Wind,Wind,High Desert,140,2226.3,1726.0,500.3,29.0,0.6626,100.0,24,0,0,0,0.0,0,0,False,False,2025,4,April
2025-04-17,WND-02,Red Mesa Wind,Wind,High Desert,140,1100.9,1423.0,-322.1,-22.6,0.3276,100.0,24,0,0,0,0.0,0,0,False,False,2025,4,April
2025-04-18,WND-02,Red Mesa Wind,Wind,High Desert,140,2092.1,1669.1,423.0,25.3,0.6226,100.0,24,0,0,0,0.0,0,0,False,False,2025,4,April
2025-04-19,WND-02,Red Mesa Wind,Wind,High Desert,140,897.4,974.9,-77.5,-7.9,0.2671,100.0,24,0,0,0,0.0,0,0,False,False,2025,4,April
2025-04-20,WND-02,Red Mesa Wind,Wind,High Desert,140,923.8,1431.9,-508.1,-35.5,0.2749,100.0,24,0,0,0,0.0,0,0,False,False,2025,4,April
2025-04-21,WND-02,Red Mesa Wind,Wind,High Desert,140,1023.2,1334.4,-311.2,-23.3,0.3045,100.0,24,0,0,0,0.0,0,0,False,False,2025,4,April
2025-04-22,WND-02,Red Mesa Wind,Wind,High Desert,140,1881.5,1408.2,473.3,33.6,0.56,100.0,24,0,0,0,0.0,0,0,False,False,2025,4,April
2025-04-23,WND-02,Red Mesa Wind,Wind,High Desert,140,2089.2,1398.2,691.0,49.4,0.6218,100.0,24,0,0,0,0.0,0,0,False,False,2025,4,April
2025-04-24,WND-02,Red Mesa Wind,Wind,High Desert,140,2083.4,1612.7,470.7,29.2,0.6201,100.0,24,0,0,0,0.0,0,0,False,False,2025,4,April
2025-04-25,WND-02,Red Mesa Wind,Wind,High Desert,140,1008.2,905.6,102.6,11.3,0.3001,70.8,17,7,0,7,8590.23,1,0,False,False,2025,4,April
2025-04-26,WND-02,Red Mesa Wind,Wind,High Desert,140,2281.3,1644.5,636.8,38.7,0.679,100.0,24,0,0,0,0.0,0,0,False,False,2025,4,April
2025-04-27,WND-02,Red Mesa Wind,Wind,High Desert,140,3360.0,2675.9,684.1,25.6,1.0,100.0,24,0,0,0,0.0,0,0,False,False,2025,4,April
2025-04-28,WND-02,Red Mesa Wind,Wind,High Desert,140,3360.0,2075.7,1284.3,61.9,1.0,100.0,24,0,0,0,0.0,0,0,False,False,2025,4,April
2025-04-29,WND-02,Red Mesa Wind,Wind,High Desert,140,2913.5,1619.0,1294.5,80.0,0.8671,100.0,24,0,0,0,0.0,0,0,False,False,2025,4,April
2025-04-30,WND-02,Red Mesa Wind,Wind,High Desert,140,1187.5,1271.4,-83.9,-6.6,0.3534,100.0,24,0,0,0,0.0,0,0,False,False,2025,4,April
2025-05-01,WND-02,Red Mesa Wind,Wind,High Desert,140,784.0,999.3,-215.3,-21.5,0.2333,100.0,24,0,0,0,0.0,0,0,False,False,2025,5,May
2025-05-02,WND-02,Red Mesa Wind,Wind,High Desert,140,823.9,1099.8,-275.9,-25.1,0.2452,100.0,24,0,0,0,0.0,0,0,False,False,2025,5,May
2025-05-03,WND-02,Red Mesa Wind,Wind,High Desert,140,649.3,841.0,-191.7,-22.8,0.1932,100.0,24,0,0,0,0.0,0,0,False,False,2025,5,May
2025-05-04,WND-02,Red Mesa Wind,Wind,High Desert,140,863.4,1056.2,-192.8,-18.3,0.257,100.0,24,0,0,0,0.0,0,0,False,False,2025,5,May
2025-05-05,WND-02,Red Mesa Wind,Wind,High Desert,140,2330.1,1685.9,644.2,38.2,0.6935,100.0,24,0,0,0,0.0,0,0,False,False,2025,5,May
2025-05-06,WND-02,Red Mesa Wind,Wind,High Desert,140,2855.7,1832.7,1023.0,55.8,0.8499,100.0,24,0,0,0,0.0,0,0,False,False,2025,5,May
2025-05-07,WND-02,Red Mesa Wind,Wind,High Desert,140,1987.9,1354.3,633.6,46.8,0.5916,100.0,24,0,0,0,0.0,0,0,False,False,2025,5,May
2025-05-08,WND-02,Red Mesa Wind,Wind,High Desert,140,806.0,906.1,-100.1,-11.0,0.2399,100.0,24,0,0,0,0.0,0,0,False,False,2025,5,May
2025-05-09,WND-02,Red Mesa Wind,Wind,High Desert,140,1925.2,1440.8,484.4,33.6,0.573,100.0,24,0,0,0,0.0,0,0,False,False,2025,5,May
2025-05-10,WND-02,Red Mesa Wind,Wind,High Desert,140,1565.0,1395.0,170.0,12.2,0.4658,100.0,24,0,0,0,0.0,0,0,False,False,2025,5,May
2025-05-11,WND-02,Red Mesa Wind,Wind,High Desert,140,328.4,904.5,-576.1,-63.7,0.0977,100.0,24,0,0,0,0.0,0,0,False,False,2025,5,May
2025-05-12,WND-02,Red Mesa Wind,Wind,High Desert,140,1102.4,1083.9,18.5,1.7,0.3281,100.0,24,0,0,0,0.0,0,0,False,False,2025,5,May
2025-05-13,WND-02,Red Mesa Wind,Wind,High Desert,140,1879.3,1453.2,426.1,29.3,0.5593,100.0,24,0,0,0,0.0,0,0,False,False,2025,5,May
2025-05-14,WND-02,Red Mesa Wind,Wind,High Desert,140,121.5,928.8,-807.3,-86.9,0.0362,100.0,24,0,0,0,0.0,0,0,False,False,2025,5,May
2025-05-15,WND-02,Red Mesa Wind,Wind,High Desert,140,104.2,756.1,-651.9,-86.2,0.031,100.0,24,0,0,0,0.0,0,0,False,False,2025,5,May
2025-05-16,WND-02,Red Mesa Wind,Wind,High Desert,140,415.5,681.3,-265.8,-39.0,0.1237,100.0,24,0,0,0,0.0,0,0,False,False,2025,5,May
2025-05-17,WND-02,Red Mesa Wind,Wind,High Desert,140,1175.7,1190.3,-14.6,-1.2,0.3499,100.0,24,0,0,0,0.0,0,0,False,False,2025,5,May
2025-05-18,WND-02,Red Mesa Wind,Wind,High Desert,140,824.0,1308.0,-484.0,-37.0,0.2452,100.0,24,0,0,0,0.0,0,0,False,False,2025,5,May
2025-05-19,WND-02,Red Mesa Wind,Wind,High Desert,140,228.1,365.3,-137.2,-37.6,0.0679,50.0,12,12,0,12,19347.33,1,0,False,False,2025,5,May
2025-05-20,WND-02,Red Mesa Wind,Wind,High Desert,140,1195.8,1165.5,30.3,2.6,0.3559,100.0,24,0,0,0,0.0,0,0,False,False,2025,5,May
2025-05-21,WND-02,Red Mesa Wind,Wind,High Desert,140,859.6,1009.5,-149.9,-14.8,0.2558,100.0,24,0,0,0,0.0,0,0,False,False,2025,5,May
2025-05-22,WND-02,Red Mesa Wind,Wind,High Desert,140,1341.1,1218.9,122.2,10.0,0.3991,100.0,24,0,0,0,0.0,0,0,False,False,2025,5,May
2025-05-23,WND-02,Red Mesa Wind,Wind,High Desert,140,542.7,937.0,-394.3,-42.1,0.1615,100.0,24,0,0,0,0.0,0,0,False,False,2025,5,May
2025-05-24,WND-02,Red Mesa Wind,Wind,High Desert,140,25.6,836.9,-811.3,-96.9,0.0076,29.2,7,0,17,17,43819.2,2,0,False,False,2025,5,May
2025-05-25,WND-02,Red Mesa Wind,Wind,High Desert,140,894.3,1052.1,-157.8,-15.0,0.2662,100.0,24,0,0,0,0.0,0,0,False,False,2025,5,May
2025-05-26,WND-02,Red Mesa Wind,Wind,High Desert,140,1154.0,1303.9,-149.9,-11.5,0.3435,100.0,24,0,0,0,0.0,0,0,False,False,2025,5,May
2025-05-27,WND-02,Red Mesa Wind,Wind,High Desert,140,1805.6,1330.0,475.6,35.8,0.5374,100.0,24,0,0,0,0.0,0,0,False,False,2025,5,May
2025-05-28,WND-02,Red Mesa Wind,Wind,High Desert,140,749.4,712.7,36.7,5.1,0.223,66.7,16,8,0,8,12888.12,1,0,False,False,2025,5,May
2025-05-29,WND-02,Red Mesa Wind,Wind,High Desert,140,611.9,841.5,-229.6,-27.3,0.1821,100.0,24,0,0,0,0.0,0,0,False,False,2025,5,May
2025-05-30,WND-02,Red Mesa Wind,Wind,High Desert,140,1756.8,1077.4,679.4,63.1,0.5229,100.0,24,0,0,0,0.0,0,0,False,False,2025,5,May
2025-05-31,WND-02,Red Mesa Wind,Wind,High Desert,140,323.3,602.9,-279.6,-46.4,0.0962,66.7,16,8,0,8,10408.05,1,0,False,False,2025,5,May
2025-06-01,WND-02,Red Mesa Wind,Wind,High Desert,140,1572.9,1546.0,26.9,1.7,0.4681,100.0,24,0,0,0,0.0,0,0,False,False,2025,6,June
2025-06-02,WND-02,Red Mesa Wind,Wind,High Desert,140,2384.0,1580.3,803.7,50.9,0.7095,100.0,24,0,0,0,0.0,0,0,False,False,2025,6,June
2025-06-03,WND-02,Red Mesa Wind,Wind,High Desert,140,2497.2,1646.6,850.6,51.7,0.7432,100.0,24,0,0,0,0.0,0,0,False,False,2025,6,June
2025-06-04,WND-02,Red Mesa Wind,Wind,High Desert,140,1352.8,1121.6,231.2,20.6,0.4026,100.0,24,0,0,0,0.0,0,0,False,False,2025,6,June
2025-06-05,WND-02,Red Mesa Wind,Wind,High Desert,140,702.7,913.1,-210.4,-23.0,0.2091,100.0,24,0,0,0,0.0,0,0,False,False,2025,6,June
2025-06-06,WND-02,Red Mesa Wind,Wind,High Desert,140,723.1,1076.7,-353.6,-32.8,0.2152,100.0,24,0,0,0,0.0,0,0,False,False,2025,6,June
2025-06-07,WND-02,Red Mesa Wind,Wind,High Desert,140,166.3,959.5,-793.2,-82.7,0.0495,100.0,24,0,0,0,0.0,0,0,False,False,2025,6,June
2025-06-08,WND-02,Red Mesa Wind,Wind,High Desert,140,59.8,827.8,-768.0,-92.8,0.0178,100.0,24,0,0,0,0.0,0,0,False,False,2025,6,June
2025-06-09,WND-02,Red Mesa Wind,Wind,High Desert,140,773.4,1066.1,-292.7,-27.5,0.2302,100.0,24,0,0,0,0.0,0,0,False,False,2025,6,June
2025-06-10,WND-02,Red Mesa Wind,Wind,High Desert,140,1330.3,1160.6,169.7,14.6,0.3959,100.0,24,0,0,0,0.0,0,0,False,False,2025,6,June
2025-06-11,WND-02,Red Mesa Wind,Wind,High Desert,140,549.0,898.7,-349.7,-38.9,0.1634,100.0,24,0,0,0,0.0,0,0,False,False,2025,6,June
2025-06-12,WND-02,Red Mesa Wind,Wind,High Desert,140,1192.3,1006.5,185.8,18.5,0.3549,100.0,24,0,0,0,0.0,0,0,False,False,2025,6,June
2025-06-13,WND-02,Red Mesa Wind,Wind,High Desert,140,1452.7,999.9,452.8,45.3,0.4324,100.0,24,0,0,0,0.0,0,0,False,False,2025,6,June
2025-06-14,WND-02,Red Mesa Wind,Wind,High Desert,140,2442.5,1345.5,1097.0,81.5,0.7269,100.0,24,0,0,0,0.0,0,0,False,False,2025,6,June
2025-06-15,WND-02,Red Mesa Wind,Wind,High Desert,140,2271.4,1456.6,814.8,55.9,0.676,100.0,24,0,0,0,0.0,0,0,False,False,2025,6,June
2025-06-16,WND-02,Red Mesa Wind,Wind,High Desert,140,2576.2,1499.8,1076.4,71.8,0.7667,100.0,24,0,0,0,0.0,0,0,False,False,2025,6,June
2025-06-17,WND-02,Red Mesa Wind,Wind,High Desert,140,2269.1,1240.7,1028.4,82.9,0.6753,100.0,24,0,0,0,0.0,0,0,False,False,2025,6,June
2025-06-18,WND-02,Red Mesa Wind,Wind,High Desert,140,2506.0,1511.0,995.0,65.9,0.7458,100.0,24,0,0,0,0.0,0,0,False,False,2025,6,June
2025-06-19,WND-02,Red Mesa Wind,Wind,High Desert,140,929.8,959.8,-30.0,-3.1,0.2767,100.0,24,0,0,0,0.0,0,0,False,False,2025,6,June
2025-06-20,WND-02,Red Mesa Wind,Wind,High Desert,140,894.1,838.7,55.4,6.6,0.2661,100.0,24,0,0,0,0.0,0,0,False,False,2025,6,June
2025-06-21,WND-02,Red Mesa Wind,Wind,High Desert,140,925.7,948.6,-22.9,-2.4,0.2755,100.0,24,0,0,0,0.0,0,0,False,False,2025,6,June
2025-06-22,WND-02,Red Mesa Wind,Wind,High Desert,140,812.7,913.1,-100.4,-11.0,0.2419,100.0,24,0,0,0,0.0,0,0,False,False,2025,6,June
2025-06-23,WND-02,Red Mesa Wind,Wind,High Desert,140,1197.1,1007.2,189.9,18.9,0.3563,100.0,24,0,0,0,0.0,0,0,False,False,2025,6,June
2025-06-24,WND-02,Red Mesa Wind,Wind,High Desert,140,1575.4,1339.5,235.9,17.6,0.4689,100.0,24,0,0,0,0.0,0,0,False,False,2025,6,June
2025-06-25,WND-02,Red Mesa Wind,Wind,High Desert,140,1622.0,975.0,647.0,66.4,0.4827,100.0,24,0,0,0,0.0,0,0,False,False,2025,6,June
2025-06-26,WND-02,Red Mesa Wind,Wind,High Desert,140,1235.8,843.0,392.8,46.6,0.3678,100.0,24,0,0,0,0.0,0,0,False,False,2025,6,June
2025-06-27,WND-02,Red Mesa Wind,Wind,High Desert,140,671.8,895.2,-223.4,-25.0,0.1999,100.0,24,0,0,0,0.0,0,0,False,False,2025,6,June
2025-06-28,WND-02,Red Mesa Wind,Wind,High Desert,140,1564.9,1216.5,348.4,28.6,0.4657,100.0,24,0,0,0,0.0,0,0,False,False,2025,6,June
2025-06-29,WND-02,Red Mesa Wind,Wind,High Desert,140,1580.7,1262.4,318.3,25.2,0.4704,100.0,24,0,0,0,0.0,0,0,False,False,2025,6,June
2025-06-30,WND-02,Red Mesa Wind,Wind,High Desert,140,666.7,822.7,-156.0,-19.0,0.1984,100.0,24,0,0,0,0.0,0,0,False,False,2025,6,June
2025-07-01,WND-02,Red Mesa Wind,Wind,High Desert,140,688.7,783.6,-94.9,-12.1,0.205,100.0,24,0,0,0,0.0,0,0,False,False,2025,7,July
2025-07-02,WND-02,Red Mesa Wind,Wind,High Desert,140,2.4,569.9,-567.5,-99.6,0.0007,100.0,24,0,0,0,0.0,0,0,False,False,2025,7,July
2025-07-03,WND-02,Red Mesa Wind,Wind,High Desert,140,336.9,702.1,-365.2,-52.0,0.1003,100.0,24,0,0,0,0.0,0,0,False,False,2025,7,July
2025-07-04,WND-02,Red Mesa Wind,Wind,High Desert,140,484.4,1009.8,-525.4,-52.0,0.1442,100.0,24,0,0,0,0.0,0,0,False,False,2025,7,July
2025-07-05,WND-02,Red Mesa Wind,Wind,High Desert,140,371.6,728.9,-357.3,-49.0,0.1106,100.0,24,0,0,0,0.0,0,0,False,False,2025,7,July
2025-07-06,WND-02,Red Mesa Wind,Wind,High Desert,140,1689.3,1228.1,461.2,37.6,0.5028,100.0,24,0,0,0,0.0,0,0,False,False,2025,7,July
2025-07-07,WND-02,Red Mesa Wind,Wind,High Desert,140,631.7,1190.8,-559.1,-47.0,0.188,100.0,24,0,0,0,0.0,0,0,False,False,2025,7,July
2025-07-08,WND-02,Red Mesa Wind,Wind,High Desert,140,1248.8,1063.0,185.8,17.5,0.3717,100.0,24,0,0,0,0.0,0,0,False,False,2025,7,July
2025-07-09,WND-02,Red Mesa Wind,Wind,High Desert,140,2851.3,1675.1,1176.2,70.2,0.8486,100.0,24,0,0,0,0.0,0,0,False,False,2025,7,July
2025-07-10,WND-02,Red Mesa Wind,Wind,High Desert,140,2912.0,1706.2,1205.8,70.7,0.8667,100.0,24,0,0,0,0.0,0,0,False,False,2025,7,July
2025-07-11,WND-02,Red Mesa Wind,Wind,High Desert,140,2022.5,1440.4,582.1,40.4,0.6019,100.0,24,0,0,0,0.0,0,0,False,False,2025,7,July
2025-07-12,WND-02,Red Mesa Wind,Wind,High Desert,140,794.1,963.9,-169.8,-17.6,0.2363,100.0,24,0,0,0,0.0,0,0,False,False,2025,7,July
2025-07-13,WND-02,Red Mesa Wind,Wind,High Desert,140,148.2,682.7,-534.5,-78.3,0.0441,100.0,24,0,0,0,0.0,0,0,False,False,2025,7,July
2025-07-14,WND-02,Red Mesa Wind,Wind,High Desert,140,251.3,721.5,-470.2,-65.2,0.0748,100.0,24,0,0,0,0.0,0,0,False,False,2025,7,July
2025-07-15,WND-02,Red Mesa Wind,Wind,High Desert,140,190.0,614.1,-424.1,-69.1,0.0565,100.0,24,0,0,0,0.0,0,0,False,False,2025,7,July
2025-07-16,WND-02,Red Mesa Wind,Wind,High Desert,140,143.4,694.6,-551.2,-79.4,0.0427,100.0,24,0,0,0,0.0,0,0,False,False,2025,7,July
2025-07-17,WND-02,Red Mesa Wind,Wind,High Desert,140,287.7,975.5,-687.8,-70.5,0.0856,100.0,24,0,0,0,0.0,0,0,False,False,2025,7,July
2025-07-18,WND-02,Red Mesa Wind,Wind,High Desert,140,501.4,965.6,-464.2,-48.1,0.1492,100.0,24,0,0,0,0.0,0,0,False,False,2025,7,July
2025-07-19,WND-02,Red Mesa Wind,Wind,High Desert,140,1039.7,1039.7,0.0,0.0,0.3094,100.0,24,0,0,0,0.0,0,0,True,False,2025,7,July
2025-07-20,WND-02,Red Mesa Wind,Wind,High Desert,140,286.9,827.6,-540.7,-65.3,0.0854,100.0,24,0,0,0,0.0,0,0,False,False,2025,7,July
2025-07-21,WND-02,Red Mesa Wind,Wind,High Desert,140,210.9,589.7,-378.8,-64.2,0.0628,100.0,24,0,0,0,0.0,0,0,False,False,2025,7,July
2025-07-22,WND-02,Red Mesa Wind,Wind,High Desert,140,418.2,749.0,-330.8,-44.2,0.1245,100.0,24,0,0,0,0.0,0,0,False,False,2025,7,July
2025-07-23,WND-02,Red Mesa Wind,Wind,High Desert,140,533.3,944.9,-411.6,-43.6,0.1587,100.0,24,0,0,0,0.0,0,0,False,False,2025,7,July
2025-07-24,WND-02,Red Mesa Wind,Wind,High Desert,140,2015.8,1543.2,472.6,30.6,0.5999,100.0,24,0,0,0,0.0,0,0,False,False,2025,7,July
2025-07-25,WND-02,Red Mesa Wind,Wind,High Desert,140,1740.8,1141.6,599.2,52.5,0.5181,100.0,24,0,0,0,0.0,0,0,False,False,2025,7,July
2025-07-26,WND-02,Red Mesa Wind,Wind,High Desert,140,398.1,714.8,-316.7,-44.3,0.1185,100.0,24,0,0,0,0.0,0,0,False,False,2025,7,July
2025-07-27,WND-02,Red Mesa Wind,Wind,High Desert,140,889.9,1248.2,-358.3,-28.7,0.2649,100.0,24,0,0,0,0.0,0,0,False,False,2025,7,July
2025-07-28,WND-02,Red Mesa Wind,Wind,High Desert,140,1305.8,1116.6,189.2,16.9,0.3886,100.0,24,0,0,0,0.0,0,0,False,False,2025,7,July
2025-07-29,WND-02,Red Mesa Wind,Wind,High Desert,140,1089.6,1274.4,-184.8,-14.5,0.3243,100.0,24,0,0,0,0.0,0,0,False,False,2025,7,July
2025-07-30,WND-02,Red Mesa Wind,Wind,High Desert,140,335.6,772.1,-436.5,-56.5,0.0999,100.0,24,0,0,0,0.0,0,0,False,False,2025,7,July
2025-07-31,WND-02,Red Mesa Wind,Wind,High Desert,140,1788.1,1296.6,491.5,37.9,0.5322,100.0,24,0,0,0,0.0,0,0,False,False,2025,7,July
2025-08-01,WND-02,Red Mesa Wind,Wind,High Desert,140,727.5,865.0,-137.5,-15.9,0.2165,100.0,24,0,0,0,0.0,0,0,False,False,2025,8,August
2025-08-02,WND-02,Red Mesa Wind,Wind,High Desert,140,1282.3,1224.6,57.7,4.7,0.3816,100.0,24,0,0,0,0.0,0,0,False,False,2025,8,August
2025-08-03,WND-02,Red Mesa Wind,Wind,High Desert,140,1302.9,1289.2,13.7,1.1,0.3878,100.0,24,0,0,0,0.0,0,0,False,False,2025,8,August
2025-08-04,WND-02,Red Mesa Wind,Wind,High Desert,140,1607.0,1069.1,537.9,50.3,0.4783,100.0,24,0,0,0,0.0,0,0,False,False,2025,8,August
2025-08-05,WND-02,Red Mesa Wind,Wind,High Desert,140,2688.6,1495.3,1193.3,79.8,0.8002,100.0,24,0,0,0,0.0,0,0,False,False,2025,8,August
2025-08-06,WND-02,Red Mesa Wind,Wind,High Desert,140,2384.9,1585.4,799.5,50.4,0.7098,100.0,24,0,0,0,0.0,0,0,False,False,2025,8,August
2025-08-07,WND-02,Red Mesa Wind,Wind,High Desert,140,1357.7,1110.1,247.6,22.3,0.4041,100.0,24,0,0,0,0.0,0,0,False,False,2025,8,August
2025-08-08,WND-02,Red Mesa Wind,Wind,High Desert,140,2032.9,1278.2,754.7,59.0,0.605,100.0,24,0,0,0,0.0,0,0,False,False,2025,8,August
2025-08-09,WND-02,Red Mesa Wind,Wind,High Desert,140,1132.5,1186.9,-54.4,-4.6,0.3371,100.0,24,0,0,0,0.0,0,0,False,False,2025,8,August
2025-08-10,WND-02,Red Mesa Wind,Wind,High Desert,140,1194.0,1222.3,-28.3,-2.3,0.3554,100.0,24,0,0,0,0.0,0,0,False,False,2025,8,August
2025-08-11,WND-02,Red Mesa Wind,Wind,High Desert,140,344.9,706.2,-361.3,-51.2,0.1026,100.0,24,0,0,0,0.0,0,0,False,False,2025,8,August
2025-08-12,WND-02,Red Mesa Wind,Wind,High Desert,140,101.9,668.6,-566.7,-84.8,0.0303,100.0,24,0,0,0,0.0,0,0,False,False,2025,8,August
2025-08-13,WND-02,Red Mesa Wind,Wind,High Desert,140,455.0,663.9,-208.9,-31.5,0.1354,100.0,24,0,0,0,0.0,0,0,False,False,2025,8,August
2025-08-14,WND-02,Red Mesa Wind,Wind,High Desert,140,907.0,866.5,40.5,4.7,0.2699,100.0,24,0,0,0,0.0,0,0,False,False,2025,8,August
2025-08-15,WND-02,Red Mesa Wind,Wind,High Desert,140,66.9,640.7,-573.8,-89.6,0.0199,100.0,24,0,0,0,0.0,0,0,False,False,2025,8,August
2025-08-16,WND-02,Red Mesa Wind,Wind,High Desert,140,677.2,901.7,-224.5,-24.9,0.2015,100.0,24,0,0,0,0.0,0,0,False,False,2025,8,August
2025-08-17,WND-02,Red Mesa Wind,Wind,High Desert,140,353.3,655.8,-302.5,-46.1,0.1051,100.0,24,0,0,0,0.0,0,0,False,False,2025,8,August
2025-08-18,WND-02,Red Mesa Wind,Wind,High Desert,140,1459.1,1078.6,380.5,35.3,0.4343,100.0,24,0,0,0,0.0,0,0,False,False,2025,8,August
2025-08-19,WND-02,Red Mesa Wind,Wind,High Desert,140,1034.3,895.1,139.2,15.6,0.3078,100.0,24,0,0,0,0.0,0,0,False,False,2025,8,August
2025-08-20,WND-02,Red Mesa Wind,Wind,High Desert,140,367.4,835.3,-467.9,-56.0,0.1093,100.0,24,0,0,0,0.0,0,0,False,False,2025,8,August
2025-08-21,WND-02,Red Mesa Wind,Wind,High Desert,140,671.8,664.8,7.0,1.1,0.1999,100.0,24,0,0,0,0.0,0,0,False,False,2025,8,August
2025-08-22,WND-02,Red Mesa Wind,Wind,High Desert,140,306.5,637.6,-331.1,-51.9,0.0912,100.0,24,0,0,0,0.0,0,0,False,False,2025,8,August
2025-08-23,WND-02,Red Mesa Wind,Wind,High Desert,140,1417.1,924.9,492.2,53.2,0.4218,100.0,24,0,0,0,0.0,0,0,False,False,2025,8,August
2025-08-24,WND-02,Red Mesa Wind,Wind,High Desert,140,1257.5,1171.6,85.9,7.3,0.3743,100.0,24,0,0,0,0.0,0,0,False,False,2025,8,August
2025-08-25,WND-02,Red Mesa Wind,Wind,High Desert,140,1065.1,823.0,242.1,29.4,0.317,100.0,24,0,0,0,0.0,0,0,False,False,2025,8,August
2025-08-26,WND-02,Red Mesa Wind,Wind,High Desert,140,1473.2,1195.8,277.4,23.2,0.4385,100.0,24,0,0,0,0.0,0,0,False,False,2025,8,August
2025-08-27,WND-02,Red Mesa Wind,Wind,High Desert,140,639.5,1111.3,-471.8,-42.5,0.1903,100.0,24,0,0,0,0.0,0,0,False,False,2025,8,August
2025-08-28,WND-02,Red Mesa Wind,Wind,High Desert,140,132.5,884.2,-751.7,-85.0,0.0394,100.0,24,0,0,0,0.0,0,0,False,False,2025,8,August
2025-08-29,WND-02,Red Mesa Wind,Wind,High Desert,140,699.6,705.8,-6.2,-0.9,0.2082,100.0,24,0,0,0,0.0,0,0,False,False,2025,8,August
2025-08-30,WND-02,Red Mesa Wind,Wind,High Desert,140,129.7,419.5,-289.8,-69.1,0.0386,54.2,13,11,0,11,17710.41,1,0,False,False,2025,8,August
2025-08-31,WND-02,Red Mesa Wind,Wind,High Desert,140,46.9,525.6,-478.7,-91.1,0.014,100.0,24,0,0,0,0.0,0,0,False,False,2025,8,August
2025-09-01,WND-02,Red Mesa Wind,Wind,High Desert,140,880.6,848.2,32.4,3.8,0.2621,100.0,24,0,0,0,0.0,0,0,False,False,2025,9,September
2025-09-02,WND-02,Red Mesa Wind,Wind,High Desert,140,603.7,1137.9,-534.2,-46.9,0.1797,45.8,11,0,13,13,33508.8,2,0,False,False,2025,9,September
2025-09-03,WND-02,Red Mesa Wind,Wind,High Desert,140,437.0,987.0,-550.0,-55.7,0.1301,100.0,24,0,0,0,0.0,0,0,False,False,2025,9,September
2025-09-04,WND-02,Red Mesa Wind,Wind,High Desert,140,346.1,869.7,-523.6,-60.2,0.103,100.0,24,0,0,0,0.0,0,0,False,False,2025,9,September
2025-09-05,WND-02,Red Mesa Wind,Wind,High Desert,140,168.8,632.3,-463.5,-73.3,0.0502,100.0,24,0,0,0,0.0,0,0,False,False,2025,9,September
2025-09-06,WND-02,Red Mesa Wind,Wind,High Desert,140,1681.4,1380.6,300.8,21.8,0.5004,100.0,24,0,0,0,0.0,0,0,False,False,2025,9,September
2025-09-07,WND-02,Red Mesa Wind,Wind,High Desert,140,2115.9,1117.2,998.7,89.4,0.6297,100.0,24,0,0,0,0.0,0,0,False,False,2025,9,September
2025-09-08,WND-02,Red Mesa Wind,Wind,High Desert,140,1356.2,1079.5,276.7,25.6,0.4036,100.0,24,0,0,0,0.0,0,0,False,False,2025,9,September
2025-09-09,WND-02,Red Mesa Wind,Wind,High Desert,140,1663.4,1172.1,491.3,41.9,0.4951,100.0,24,0,0,0,0.0,0,0,False,False,2025,9,September
2025-09-10,WND-02,Red Mesa Wind,Wind,High Desert,140,539.8,898.9,-359.1,-39.9,0.1607,100.0,24,0,0,0,0.0,0,0,False,False,2025,9,September
2025-09-11,WND-02,Red Mesa Wind,Wind,High Desert,140,382.1,801.6,-419.5,-52.3,0.1137,100.0,24,0,0,0,0.0,0,0,False,False,2025,9,September
2025-09-12,WND-02,Red Mesa Wind,Wind,High Desert,140,725.6,947.6,-222.0,-23.4,0.216,100.0,24,0,0,0,0.0,0,0,False,False,2025,9,September
2025-09-13,WND-02,Red Mesa Wind,Wind,High Desert,140,1182.7,1109.3,73.4,6.6,0.352,100.0,24,0,0,0,0.0,0,0,False,False,2025,9,September
2025-09-14,WND-02,Red Mesa Wind,Wind,High Desert,140,1087.8,1104.8,-17.0,-1.5,0.3238,100.0,24,0,0,0,0.0,0,0,False,False,2025,9,September
2025-09-15,WND-02,Red Mesa Wind,Wind,High Desert,140,1271.8,1241.2,30.6,2.5,0.3785,100.0,24,0,0,0,0.0,0,0,False,False,2025,9,September
2025-09-16,WND-02,Red Mesa Wind,Wind,High Desert,140,1263.2,1187.9,75.3,6.3,0.376,100.0,24,0,0,0,0.0,0,0,False,False,2025,9,September
2025-09-17,WND-02,Red Mesa Wind,Wind,High Desert,140,1093.6,1074.1,19.5,1.8,0.3255,100.0,24,0,0,0,0.0,0,0,False,False,2025,9,September
2025-09-18,WND-02,Red Mesa Wind,Wind,High Desert,140,913.4,1102.7,-189.3,-17.2,0.2718,100.0,24,0,0,0,0.0,0,0,False,False,2025,9,September
2025-09-19,WND-02,Red Mesa Wind,Wind,High Desert,140,734.2,1093.7,-359.5,-32.9,0.2185,100.0,24,0,0,0,0.0,0,0,False,False,2025,9,September
2025-09-20,WND-02,Red Mesa Wind,Wind,High Desert,140,1050.7,1031.6,19.1,1.9,0.3127,100.0,24,0,0,0,0.0,0,0,False,False,2025,9,September
2025-09-21,WND-02,Red Mesa Wind,Wind,High Desert,140,1375.4,1211.6,163.8,13.5,0.4093,100.0,24,0,0,0,0.0,0,0,False,False,2025,9,September
2025-09-22,WND-02,Red Mesa Wind,Wind,High Desert,140,1420.0,1398.3,21.7,1.6,0.4226,100.0,24,0,0,0,0.0,0,0,False,False,2025,9,September
2025-09-23,WND-02,Red Mesa Wind,Wind,High Desert,140,550.4,788.8,-238.4,-30.2,0.1638,100.0,24,0,0,0,0.0,0,0,False,False,2025,9,September
2025-09-24,WND-02,Red Mesa Wind,Wind,High Desert,140,244.6,1022.7,-778.1,-76.1,0.0728,100.0,24,0,0,0,0.0,0,0,False,False,2025,9,September
2025-09-25,WND-02,Red Mesa Wind,Wind,High Desert,140,826.6,866.6,-40.0,-4.6,0.246,100.0,24,0,0,0,0.0,0,0,False,False,2025,9,September
2025-09-26,WND-02,Red Mesa Wind,Wind,High Desert,140,2036.1,1402.9,633.2,45.1,0.606,100.0,24,0,0,0,0.0,0,0,False,False,2025,9,September
2025-09-27,WND-02,Red Mesa Wind,Wind,High Desert,140,1773.1,1238.4,534.7,43.2,0.5277,100.0,24,0,0,0,0.0,0,0,False,False,2025,9,September
2025-09-28,WND-02,Red Mesa Wind,Wind,High Desert,140,1219.7,1490.1,-270.4,-18.1,0.363,100.0,24,0,0,0,0.0,0,0,False,False,2025,9,September
2025-09-29,WND-02,Red Mesa Wind,Wind,High Desert,140,1360.4,1169.7,190.7,16.3,0.4049,100.0,24,0,0,0,0.0,0,0,False,False,2025,9,September
2025-09-30,WND-02,Red Mesa Wind,Wind,High Desert,140,557.8,884.3,-326.5,-36.9,0.166,100.0,24,0,0,0,0.0,0,0,False,False,2025,9,September
2025-10-01,WND-02,Red Mesa Wind,Wind,High Desert,140,1718.3,1312.3,406.0,30.9,0.5114,100.0,24,0,0,0,0.0,0,0,False,False,2025,10,October
2025-10-02,WND-02,Red Mesa Wind,Wind,High Desert,140,1629.8,1350.9,278.9,20.6,0.4851,100.0,24,0,0,0,0.0,0,0,False,False,2025,10,October
2025-10-03,WND-02,Red Mesa Wind,Wind,High Desert,140,980.9,1073.2,-92.3,-8.6,0.2919,100.0,24,0,0,0,0.0,0,0,False,False,2025,10,October
2025-10-04,WND-02,Red Mesa Wind,Wind,High Desert,140,962.0,1095.1,-133.1,-12.2,0.2863,100.0,24,0,0,0,0.0,0,0,False,False,2025,10,October
2025-10-05,WND-02,Red Mesa Wind,Wind,High Desert,140,726.1,598.4,127.7,21.3,0.2161,100.0,24,0,0,0,0.0,0,0,False,False,2025,10,October
2025-10-06,WND-02,Red Mesa Wind,Wind,High Desert,140,1858.9,1433.9,425.0,29.6,0.5532,100.0,24,0,0,0,0.0,0,0,False,False,2025,10,October
2025-10-07,WND-02,Red Mesa Wind,Wind,High Desert,140,1432.4,1289.3,143.1,11.1,0.4263,100.0,24,0,0,0,0.0,0,0,False,False,2025,10,October
2025-10-08,WND-02,Red Mesa Wind,Wind,High Desert,140,1454.6,1442.8,11.8,0.8,0.4329,100.0,24,0,0,0,0.0,0,0,False,False,2025,10,October
2025-10-09,WND-02,Red Mesa Wind,Wind,High Desert,140,1782.6,1598.0,184.6,11.6,0.5305,100.0,24,0,0,0,0.0,0,0,False,False,2025,10,October
2025-10-10,WND-02,Red Mesa Wind,Wind,High Desert,140,1024.4,1128.5,-104.1,-9.2,0.3049,100.0,24,0,0,0,0.0,0,0,False,False,2025,10,October
2025-10-11,WND-02,Red Mesa Wind,Wind,High Desert,140,1245.5,1347.5,-102.0,-7.6,0.3707,100.0,24,0,0,0,0.0,0,0,False,False,2025,10,October
2025-10-12,WND-02,Red Mesa Wind,Wind,High Desert,140,1439.0,1155.4,283.6,24.5,0.4283,100.0,24,0,0,0,0.0,0,0,False,False,2025,10,October
2025-10-13,WND-02,Red Mesa Wind,Wind,High Desert,140,386.4,1011.2,-624.8,-61.8,0.115,100.0,24,0,0,0,0.0,0,0,False,False,2025,10,October
2025-10-14,WND-02,Red Mesa Wind,Wind,High Desert,140,875.3,1036.2,-160.9,-15.5,0.2605,100.0,24,0,0,0,0.0,0,0,False,False,2025,10,October
2025-10-15,WND-02,Red Mesa Wind,Wind,High Desert,140,1000.5,1004.8,-4.3,-0.4,0.2978,100.0,24,0,0,0,0.0,0,0,False,False,2025,10,October
2025-10-16,WND-02,Red Mesa Wind,Wind,High Desert,140,1197.0,1208.9,-11.9,-1.0,0.3562,100.0,24,0,0,0,0.0,0,0,False,False,2025,10,October
2025-10-17,WND-02,Red Mesa Wind,Wind,High Desert,140,1250.7,1451.3,-200.6,-13.8,0.3722,100.0,24,0,0,0,0.0,0,0,False,False,2025,10,October
2025-10-18,WND-02,Red Mesa Wind,Wind,High Desert,140,1444.0,1351.5,92.5,6.8,0.4298,100.0,24,0,0,0,0.0,0,0,False,False,2025,10,October
2025-10-19,WND-02,Red Mesa Wind,Wind,High Desert,140,2409.1,1869.5,539.6,28.9,0.717,100.0,24,0,0,0,0.0,0,0,False,False,2025,10,October
2025-10-20,WND-02,Red Mesa Wind,Wind,High Desert,140,1055.2,1096.3,-41.1,-3.7,0.314,100.0,24,0,0,0,0.0,0,0,False,False,2025,10,October
2025-10-21,WND-02,Red Mesa Wind,Wind,High Desert,140,923.0,1293.2,-370.2,-28.6,0.2747,100.0,24,0,0,0,0.0,0,0,False,False,2025,10,October
2025-10-22,WND-02,Red Mesa Wind,Wind,High Desert,140,1544.3,1283.3,261.0,20.3,0.4596,100.0,24,0,0,0,0.0,0,0,False,False,2025,10,October
2025-10-23,WND-02,Red Mesa Wind,Wind,High Desert,140,1797.8,1494.2,303.6,20.3,0.5351,100.0,24,0,0,0,0.0,0,0,False,False,2025,10,October
2025-10-24,WND-02,Red Mesa Wind,Wind,High Desert,140,1934.8,1541.8,393.0,25.5,0.5758,100.0,24,0,0,0,0.0,0,0,False,False,2025,10,October
2025-10-25,WND-02,Red Mesa Wind,Wind,High Desert,140,3360.0,2266.4,1093.6,48.3,1.0,100.0,24,0,0,0,0.0,0,0,False,False,2025,10,October
2025-10-26,WND-02,Red Mesa Wind,Wind,High Desert,140,3332.6,1996.5,1336.1,66.9,0.9918,100.0,24,0,0,0,0.0,0,0,False,False,2025,10,October
2025-10-27,WND-02,Red Mesa Wind,Wind,High Desert,140,3360.0,1872.9,1487.1,79.4,1.0,100.0,24,0,0,0,0.0,0,0,False,False,2025,10,October
2025-10-28,WND-02,Red Mesa Wind,Wind,High Desert,140,2220.7,1747.0,473.7,27.1,0.6609,100.0,24,0,0,0,0.0,0,0,False,False,2025,10,October
2025-10-29,WND-02,Red Mesa Wind,Wind,High Desert,140,1109.1,1486.2,-377.1,-25.4,0.3301,100.0,24,0,0,0,0.0,0,0,False,False,2025,10,October
2025-10-30,WND-02,Red Mesa Wind,Wind,High Desert,140,988.8,1125.6,-136.8,-12.2,0.2943,100.0,24,0,0,0,0.0,0,0,False,False,2025,10,October
2025-10-31,WND-02,Red Mesa Wind,Wind,High Desert,140,1641.5,1183.0,458.5,38.8,0.4885,100.0,24,0,0,0,0.0,0,0,False,False,2025,10,October
2025-11-01,WND-02,Red Mesa Wind,Wind,High Desert,140,1819.5,1571.3,248.2,15.8,0.5415,100.0,24,0,0,0,0.0,0,0,False,False,2025,11,November
2025-11-02,WND-02,Red Mesa Wind,Wind,High Desert,140,1924.4,1490.0,434.4,29.2,0.5727,100.0,24,0,0,0,0.0,0,0,False,False,2025,11,November
2025-11-03,WND-02,Red Mesa Wind,Wind,High Desert,140,1011.6,1385.5,-373.9,-27.0,0.3011,66.7,16,0,8,8,20620.8,1,0,False,False,2025,11,November
2025-11-04,WND-02,Red Mesa Wind,Wind,High Desert,140,1184.2,1367.7,-183.5,-13.4,0.3524,100.0,24,0,0,0,0.0,0,0,False,False,2025,11,November
2025-11-05,WND-02,Red Mesa Wind,Wind,High Desert,140,1133.2,1213.1,-79.9,-6.6,0.3373,100.0,24,0,0,0,0.0,0,0,False,False,2025,11,November
2025-11-06,WND-02,Red Mesa Wind,Wind,High Desert,140,1758.8,1457.2,301.6,20.7,0.5235,100.0,24,0,0,0,0.0,0,0,False,False,2025,11,November
2025-11-07,WND-02,Red Mesa Wind,Wind,High Desert,140,2248.3,1645.3,603.0,36.6,0.6691,100.0,24,0,0,0,0.0,0,0,False,False,2025,11,November
2025-11-08,WND-02,Red Mesa Wind,Wind,High Desert,140,1133.1,1490.7,-357.6,-24.0,0.3372,100.0,24,0,0,0,0.0,0,0,False,False,2025,11,November
2025-11-09,WND-02,Red Mesa Wind,Wind,High Desert,140,1794.2,1521.5,272.7,17.9,0.534,100.0,24,0,0,0,0.0,0,0,False,False,2025,11,November
2025-11-10,WND-02,Red Mesa Wind,Wind,High Desert,140,1152.4,1130.4,22.0,1.9,0.343,100.0,24,0,0,0,0.0,0,0,False,False,2025,11,November
2025-11-11,WND-02,Red Mesa Wind,Wind,High Desert,140,1589.0,1286.9,302.1,23.5,0.4729,100.0,24,0,0,0,0.0,0,0,False,False,2025,11,November
2025-11-12,WND-02,Red Mesa Wind,Wind,High Desert,140,1367.2,1399.9,-32.7,-2.3,0.4069,100.0,24,0,0,0,0.0,0,0,False,False,2025,11,November
2025-11-13,WND-02,Red Mesa Wind,Wind,High Desert,140,2609.3,1628.3,981.0,60.2,0.7766,100.0,24,0,0,0,0.0,0,0,False,False,2025,11,November
2025-11-14,WND-02,Red Mesa Wind,Wind,High Desert,140,1753.3,1299.3,454.0,34.9,0.5218,100.0,24,0,0,0,0.0,0,0,False,False,2025,11,November
2025-11-15,WND-02,Red Mesa Wind,Wind,High Desert,140,1740.5,1609.9,130.6,8.1,0.518,100.0,24,0,0,0,0.0,0,0,False,False,2025,11,November
2025-11-16,WND-02,Red Mesa Wind,Wind,High Desert,140,2068.5,1731.3,337.2,19.5,0.6156,100.0,24,0,0,0,0.0,0,0,False,False,2025,11,November
2025-11-17,WND-02,Red Mesa Wind,Wind,High Desert,140,1151.8,1267.9,-116.1,-9.2,0.3428,100.0,24,0,0,0,0.0,0,0,False,False,2025,11,November
2025-11-18,WND-02,Red Mesa Wind,Wind,High Desert,140,1212.5,1384.4,-171.9,-12.4,0.3609,100.0,24,0,0,0,0.0,0,0,False,False,2025,11,November
2025-11-19,WND-02,Red Mesa Wind,Wind,High Desert,140,1116.4,1337.6,-221.2,-16.5,0.3323,100.0,24,0,0,0,0.0,0,0,False,False,2025,11,November
2025-11-20,WND-02,Red Mesa Wind,Wind,High Desert,140,901.1,1316.9,-415.8,-31.6,0.2682,100.0,24,0,0,0,0.0,0,0,False,False,2025,11,November
2025-11-21,WND-02,Red Mesa Wind,Wind,High Desert,140,829.7,1292.3,-462.6,-35.8,0.2469,100.0,24,0,0,0,0.0,0,0,False,False,2025,11,November
2025-11-22,WND-02,Red Mesa Wind,Wind,High Desert,140,1883.8,1221.0,662.8,54.3,0.5607,100.0,24,0,0,0,0.0,0,0,False,False,2025,11,November
2025-11-23,WND-02,Red Mesa Wind,Wind,High Desert,140,1258.8,1340.7,-81.9,-6.1,0.3746,100.0,24,0,0,0,0.0,0,0,False,False,2025,11,November
2025-11-24,WND-02,Red Mesa Wind,Wind,High Desert,140,1755.3,1624.9,130.4,8.0,0.5224,100.0,24,0,0,0,0.0,0,0,False,False,2025,11,November
2025-11-25,WND-02,Red Mesa Wind,Wind,High Desert,140,1865.8,1530.5,335.3,21.9,0.5553,100.0,24,0,0,0,0.0,0,0,False,False,2025,11,November
2025-11-26,WND-02,Red Mesa Wind,Wind,High Desert,140,730.9,1189.3,-458.4,-38.5,0.2175,100.0,24,0,0,0,0.0,0,0,False,False,2025,11,November
2025-11-27,WND-02,Red Mesa Wind,Wind,High Desert,140,1380.0,1535.4,-155.4,-10.1,0.4107,100.0,24,0,0,0,0.0,0,0,False,False,2025,11,November
2025-11-28,WND-02,Red Mesa Wind,Wind,High Desert,140,504.8,1107.2,-602.4,-54.4,0.1502,100.0,24,0,0,0,0.0,0,0,False,False,2025,11,November
2025-11-29,WND-02,Red Mesa Wind,Wind,High Desert,140,1300.3,1621.5,-321.2,-19.8,0.387,100.0,24,0,0,0,0.0,0,0,False,False,2025,11,November
2025-11-30,WND-02,Red Mesa Wind,Wind,High Desert,140,1021.7,1464.2,-442.5,-30.2,0.3041,100.0,24,0,0,0,0.0,0,0,False,False,2025,11,November
2025-12-01,WND-02,Red Mesa Wind,Wind,High Desert,140,1213.1,1362.5,-149.4,-11.0,0.361,100.0,24,0,0,0,0.0,0,0,False,False,2025,12,December
2025-12-02,WND-02,Red Mesa Wind,Wind,High Desert,140,499.8,1077.9,-578.1,-53.6,0.1488,100.0,24,0,0,0,0.0,0,0,False,False,2025,12,December
2025-12-03,WND-02,Red Mesa Wind,Wind,High Desert,140,958.9,914.1,44.8,4.9,0.2854,100.0,24,0,0,0,0.0,0,0,False,False,2025,12,December
2025-12-04,WND-02,Red Mesa Wind,Wind,High Desert,140,1852.5,1562.0,290.5,18.6,0.5513,100.0,24,0,0,0,0.0,0,0,False,False,2025,12,December
2025-12-05,WND-02,Red Mesa Wind,Wind,High Desert,140,1117.9,1169.0,-51.1,-4.4,0.3327,100.0,24,0,0,0,0.0,0,0,False,False,2025,12,December
2025-12-06,WND-02,Red Mesa Wind,Wind,High Desert,140,865.9,1292.0,-426.1,-33.0,0.2577,100.0,24,0,0,0,0.0,0,0,False,False,2025,12,December
2025-12-07,WND-02,Red Mesa Wind,Wind,High Desert,140,1440.1,1496.4,-56.3,-3.8,0.4286,100.0,24,0,0,0,0.0,0,0,False,False,2025,12,December
2025-12-08,WND-02,Red Mesa Wind,Wind,High Desert,140,1825.7,1712.3,113.4,6.6,0.5434,100.0,24,0,0,0,0.0,0,0,False,False,2025,12,December
2025-12-09,WND-02,Red Mesa Wind,Wind,High Desert,140,183.6,1152.5,-968.9,-84.1,0.0546,100.0,24,0,0,0,0.0,0,0,False,False,2025,12,December
2025-12-10,WND-02,Red Mesa Wind,Wind,High Desert,140,2079.0,1695.7,383.3,22.6,0.6188,100.0,24,0,0,0,0.0,0,0,False,False,2025,12,December
2025-12-11,WND-02,Red Mesa Wind,Wind,High Desert,140,2254.6,2108.2,146.4,6.9,0.671,100.0,24,0,0,0,0.0,0,0,False,False,2025,12,December
2025-12-12,WND-02,Red Mesa Wind,Wind,High Desert,140,2499.4,1877.0,622.4,33.2,0.7439,100.0,24,0,0,0,0.0,0,0,False,False,2025,12,December
2025-12-13,WND-02,Red Mesa Wind,Wind,High Desert,140,1958.4,1476.2,482.2,32.7,0.5829,100.0,24,0,0,0,0.0,0,0,False,False,2025,12,December
2025-12-14,WND-02,Red Mesa Wind,Wind,High Desert,140,525.2,1066.1,-540.9,-50.7,0.1563,100.0,24,0,0,0,0.0,0,0,False,False,2025,12,December
2025-12-15,WND-02,Red Mesa Wind,Wind,High Desert,140,1371.4,1414.7,-43.3,-3.1,0.4082,100.0,24,0,0,0,0.0,0,0,False,False,2025,12,December
2025-12-16,WND-02,Red Mesa Wind,Wind,High Desert,140,1042.6,1432.6,-390.0,-27.2,0.3103,100.0,24,0,0,0,0.0,0,0,False,False,2025,12,December
2025-12-17,WND-02,Red Mesa Wind,Wind,High Desert,140,1635.2,1428.4,206.8,14.5,0.4867,100.0,24,0,0,0,0.0,0,0,False,False,2025,12,December
2025-12-18,WND-02,Red Mesa Wind,Wind,High Desert,140,1073.5,1452.0,-378.5,-26.1,0.3195,75.0,18,0,6,6,15465.6,1,0,False,False,2025,12,December
2025-12-19,WND-02,Red Mesa Wind,Wind,High Desert,140,1651.0,1549.8,101.2,6.5,0.4914,100.0,24,0,0,0,0.0,0,0,False,False,2025,12,December
2025-12-20,WND-02,Red Mesa Wind,Wind,High Desert,140,1054.2,1298.8,-244.6,-18.8,0.3138,100.0,24,0,0,0,0.0,0,0,False,False,2025,12,December
2025-12-21,WND-02,Red Mesa Wind,Wind,High Desert,140,1892.4,1779.4,113.0,6.4,0.5632,100.0,24,0,0,0,0.0,0,0,False,False,2025,12,December
2025-12-22,WND-02,Red Mesa Wind,Wind,High Desert,140,905.0,1397.0,-492.0,-35.2,0.2693,100.0,24,0,0,0,0.0,0,0,False,False,2025,12,December
2025-12-23,WND-02,Red Mesa Wind,Wind,High Desert,140,2927.2,2182.4,744.8,34.1,0.8712,100.0,24,0,0,0,0.0,0,0,False,False,2025,12,December
2025-12-24,WND-02,Red Mesa Wind,Wind,High Desert,140,3360.0,2380.2,979.8,41.2,1.0,100.0,24,0,0,0,0.0,0,0,False,False,2025,12,December
2025-12-25,WND-02,Red Mesa Wind,Wind,High Desert,140,3360.0,2715.6,644.4,23.7,1.0,100.0,24,0,0,0,0.0,0,0,False,False,2025,12,December
2025-12-26,WND-02,Red Mesa Wind,Wind,High Desert,140,3360.0,2242.2,1117.8,49.9,1.0,100.0,24,0,0,0,0.0,0,0,False,False,2025,12,December
2025-12-27,WND-02,Red Mesa Wind,Wind,High Desert,140,3044.1,1831.5,1212.6,66.2,0.906,100.0,24,0,0,0,0.0,0,0,False,False,2025,12,December
2025-12-28,WND-02,Red Mesa Wind,Wind,High Desert,140,3360.0,1968.2,1391.8,70.7,1.0,100.0,24,0,0,0,0.0,0,0,False,False,2025,12,December
2025-12-29,WND-02,Red Mesa Wind,Wind,High Desert,140,2501.5,1874.4,627.1,33.5,0.7445,100.0,24,0,0,0,0.0,0,0,False,False,2025,12,December
2025-12-30,WND-02,Red Mesa Wind,Wind,High Desert,140,957.7,1508.6,-550.9,-36.5,0.285,100.0,24,0,0,0,0.0,0,0,False,False,2025,12,December
2025-12-31,WND-02,Red Mesa Wind,Wind,High Desert,140,2345.8,1734.7,611.1,35.2,0.6982,100.0,24,0,0,0,0.0,0,0,False,False,2025,12,December
