Date,Plant_ID,Generation_Type,Actual_Generation_MWh,Expected_Generation_MWh,Available_Hours,Planned_Downtime_Hours,Unplanned_Downtime_Hours,Maintenance_Cost,Maintenance_Events,Safety_Incidents,Generation_Imputed,Maintenance_Cost_Corrected
2025-01-01,BAT-01,Battery Energy Storage,329.5,320.9,24,0,0,0.0,0,0,0,0
2025-01-01,BAT-02,Battery Energy Storage,219.4,213.9,24,0,0,0.0,0,0,0,0
2025-01-01,GAS-01,Natural Gas,9070.2,9109.3,24,0,0,0.0,0,0,0,0
2025-01-01,GAS-02,Natural Gas,377.1,385.0,24,0,0,0.0,0,0,0,0
2025-01-01,SOL-01,Solar,699.0,742.9,24,0,0,0.0,0,0,0,0
2025-01-01,SOL-02,Solar,348.5,324.1,24,0,0,0.0,0,0,0,0
2025-01-01,WND-01,Wind,2734.2,2811.4,24,0,0,0.0,0,0,0,0
2025-01-01,WND-02,Wind,1442.9,1683.8,24,0,0,0.0,0,0,0,0
2025-01-02,BAT-01,Battery Energy Storage,319.7,322.2,24,0,0,0.0,0,0,0,0
2025-01-02,BAT-02,Battery Energy Storage,205.9,214.8,24,0,0,0.0,0,0,0,0
2025-01-02,GAS-01,Natural Gas,9216.1,9300.4,24,0,0,0.0,0,0,0,0
2025-01-02,GAS-02,Natural Gas,515.2,520.4,24,0,0,0.0,0,0,0,0
2025-01-02,SOL-01,Solar,786.5,744.5,24,0,0,0.0,0,0,0,0
2025-01-02,SOL-02,Solar,332.2,324.8,24,0,0,0.0,0,0,0,0
2025-01-02,WND-01,Wind,3279.2,3206.9,24,0,0,0.0,0,0,0,0
2025-01-02,WND-02,Wind,2884.1,1996.4,24,0,0,0.0,0,0,0,0
2025-01-03,BAT-01,Battery Energy Storage,315.0,323.4,24,0,0,0.0,0,0,0,0
2025-01-03,BAT-02,Battery Energy Storage,226.7,215.6,24,0,0,0.0,0,0,0,0
2025-01-03,GAS-01,Natural Gas,8755.4,8773.2,24,0,0,0.0,0,0,0,0
2025-01-03,GAS-02,Natural Gas,556.3,558.0,24,0,0,0.0,0,0,0,0
2025-01-03,SOL-01,Solar,764.6,746.2,24,0,0,0.0,0,0,0,0
2025-01-03,SOL-02,Solar,386.5,325.5,24,0,0,0.0,0,0,0,0
2025-01-03,WND-01,Wind,1588.8,2446.2,24,0,0,0.0,0,0,0,0
2025-01-03,WND-02,Wind,1819.3,1475.2,24,0,0,0.0,0,0,0,0
2025-01-04,BAT-01,Battery Energy Storage,189.8,201.2,24,0,0,0.0,0,0,0,0
2025-01-04,BAT-02,Battery Energy Storage,136.0,134.2,24,0,0,0.0,0,0,0,0
2025-01-04,GAS-01,Natural Gas,8790.4,8703.6,24,0,0,0.0,0,0,0,0
2025-01-04,GAS-02,Natural Gas,571.2,556.1,24,0,0,0.0,0,0,0,0
2025-01-04,SOL-01,Solar,692.4,748.0,24,0,0,0.0,0,0,0,0
2025-01-04,SOL-02,Solar,281.5,326.3,24,0,0,0.0,0,0,0,0
2025-01-04,WND-01,Wind,2305.4,2802.8,24,0,0,0.0,0,0,0,0
2025-01-04,WND-02,Wind,2316.2,1732.1,24,0,0,0.0,0,0,0,0
2025-01-05,BAT-01,Battery Energy Storage,225.4,201.9,24,0,0,0.0,0,0,0,0
2025-01-05,BAT-02,Battery Energy Storage,134.0,134.6,24,0,0,0.0,0,0,0,0
2025-01-05,GAS-01,Natural Gas,9108.6,9049.9,24,0,0,0.0,0,0,0,0
2025-01-05,GAS-02,Natural Gas,492.8,482.4,24,0,0,0.0,0,0,0,0
2025-01-05,SOL-01,Solar,637.0,750.0,24,0,0,0.0,0,0,0,0
2025-01-05,SOL-02,Solar,286.6,327.2,24,0,0,0.0,0,0,0,0
2025-01-05,WND-01,Wind,2377.4,2560.9,24,0,0,0.0,0,0,0,0
2025-01-05,WND-02,Wind,2388.5,1574.8,24,0,0,0.0,0,0,0,0
2025-01-06,BAT-01,Battery Energy Storage,327.6,326.6,24,0,0,0.0,0,0,0,0
2025-01-06,BAT-02,Battery Energy Storage,204.1,217.7,24,0,0,0.0,0,0,0,0
2025-01-06,GAS-01,Natural Gas,8669.9,8696.5,24,0,0,0.0,0,0,0,0
2025-01-06,GAS-02,Natural Gas,506.8,499.1,24,0,0,0.0,0,0,0,0
2025-01-06,SOL-01,Solar,806.8,752.1,24,0,0,0.0,0,0,0,0
2025-01-06,SOL-02,Solar,308.9,328.1,24,0,0,0.0,0,0,0,0
2025-01-06,WND-01,Wind,2224.0,3165.0,24,0,0,0.0,0,0,0,0
2025-01-06,WND-02,Wind,1236.0,1585.4,24,0,0,0.0,0,0,0,0
2025-01-07,BAT-01,Battery Energy Storage,293.3,327.4,24,0,0,0.0,0,0,0,0
2025-01-07,BAT-02,Battery Energy Storage,213.4,218.3,24,0,0,0.0,0,0,0,0
2025-01-07,GAS-01,Natural Gas,8745.6,8658.6,24,0,0,0.0,0,0,0,0
2025-01-07,GAS-02,Natural Gas,503.0,507.8,24,0,0,0.0,0,0,0,0
2025-01-07,SOL-01,Solar,727.3,754.4,24,0,0,0.0,0,0,0,0
2025-01-07,SOL-02,Solar,283.2,329.1,24,0,0,0.0,0,0,0,0
2025-01-07,WND-01,Wind,2542.2,2675.3,24,0,0,0.0,0,0,0,0
2025-01-07,WND-02,Wind,1529.6,1328.6,24,0,0,0.0,0,0,0,0
2025-01-08,BAT-01,Battery Energy Storage,334.7,328.2,24,0,0,0.0,0,0,0,0
2025-01-08,BAT-02,Battery Energy Storage,228.5,218.8,24,0,0,0.0,0,0,0,0
2025-01-08,GAS-01,Natural Gas,9298.8,9283.2,24,0,0,0.0,0,0,0,0
2025-01-08,GAS-02,Natural Gas,516.1,520.4,24,0,0,0.0,0,0,0,0
2025-01-08,SOL-01,Solar,702.0,756.7,24,0,0,0.0,0,0,0,0
2025-01-08,SOL-02,Solar,322.5,330.1,24,0,0,0.0,0,0,0,0
2025-01-08,WND-01,Wind,2332.0,3088.5,24,0,0,0.0,0,0,0,0
2025-01-08,WND-02,Wind,1553.0,1606.2,24,0,0,0.0,0,0,0,0
2025-01-09,BAT-01,Battery Energy Storage,352.6,328.8,24,0,0,0.0,0,0,0,0
2025-01-09,BAT-02,Battery Energy Storage,225.9,219.2,24,0,0,0.0,0,0,0,0
2025-01-09,GAS-01,Natural Gas,9319.7,9384.2,24,0,0,0.0,0,0,0,0
2025-01-09,GAS-02,Natural Gas,3355.1,3388.8,24,0,0,0.0,0,0,0,0
2025-01-09,SOL-01,Solar,748.1,759.2,24,0,0,0.0,0,0,0,0
2025-01-09,SOL-02,Solar,332.5,331.2,24,0,0,0.0,0,0,0,0
2025-01-09,WND-01,Wind,1221.3,2264.2,24,0,0,0.0,0,0,0,0
2025-01-09,WND-02,Wind,965.3,1234.8,24,0,0,0.0,0,0,0,0
2025-01-10,BAT-01,Battery Energy Storage,332.5,329.4,24,0,0,0.0,0,0,0,0
2025-01-10,BAT-02,Battery Energy Storage,213.3,219.6,24,0,0,0.0,0,0,0,0
2025-01-10,GAS-01,Natural Gas,9225.4,9304.5,24,0,0,0.0,0,0,0,0
2025-01-10,GAS-02,Natural Gas,2977.2,3005.5,24,0,0,0.0,0,0,0,0
2025-01-10,SOL-01,Solar,814.5,761.8,24,0,0,0.0,0,0,0,0
2025-01-10,SOL-02,Solar,345.9,332.4,24,0,0,0.0,0,0,0,0
2025-01-10,WND-01,Wind,2234.6,2881.3,24,0,0,0.0,0,0,0,0
2025-01-10,WND-02,Wind,1466.2,1333.5,24,0,0,0.0,0,0,0,0
2025-01-11,BAT-01,Battery Energy Storage,193.4,204.5,24,0,0,0.0,0,0,0,0
2025-01-11,BAT-02,Battery Energy Storage,115.0,136.3,24,0,0,0.0,0,0,0,0
2025-01-11,GAS-01,Natural Gas,8779.5,8736.5,24,0,0,0.0,0,0,0,0
2025-01-11,GAS-02,Natural Gas,495.5,486.8,24,0,0,0.0,0,0,0,0
2025-01-11,SOL-01,Solar,636.7,764.6,24,0,0,0.0,0,0,0,0
2025-01-11,SOL-02,Solar,319.7,333.6,24,0,0,0.0,0,0,0,0
2025-01-11,WND-01,Wind,2592.6,2997.4,24,0,0,0.0,0,0,0,0
2025-01-11,WND-02,Wind,1620.0,1624.5,24,0,0,0.0,0,0,0,0
2025-01-12,BAT-01,Battery Energy Storage,192.5,204.7,24,0,0,0.0,0,0,0,0
2025-01-12,BAT-02,Battery Energy Storage,130.9,136.5,24,0,0,0.0,0,0,0,0
2025-01-12,GAS-01,Natural Gas,7834.4,7842.2,24,0,0,0.0,0,0,0,0
2025-01-12,GAS-02,Natural Gas,3358.8,3368.7,24,0,0,0.0,0,0,0,0
2025-01-12,SOL-01,Solar,831.3,767.5,24,0,0,0.0,0,0,0,0
2025-01-12,SOL-02,Solar,287.5,334.8,24,0,0,0.0,0,0,0,0
2025-01-12,WND-01,Wind,2487.1,3055.3,24,0,0,0.0,0,0,0,0
2025-01-12,WND-02,Wind,1547.4,1516.8,24,0,0,0.0,0,0,0,0
2025-01-13,BAT-01,Battery Energy Storage,312.2,330.4,24,0,0,0.0,0,0,0,0
2025-01-13,BAT-02,Battery Energy Storage,213.9,220.3,24,0,0,0.0,0,0,0,0
2025-01-13,GAS-01,Natural Gas,8601.2,8745.6,24,0,0,0.0,0,0,0,0
2025-01-13,GAS-02,Natural Gas,462.1,462.7,24,0,0,0.0,0,0,0,0
2025-01-13,SOL-01,Solar,585.9,770.4,24,0,0,0.0,0,0,0,0
2025-01-13,SOL-02,Solar,298.3,336.1,24,0,0,0.0,0,0,0,0
2025-01-13,WND-01,Wind,1998.0,2427.0,24,0,0,0.0,0,0,0,0
2025-01-13,WND-02,Wind,1508.8,1674.0,24,0,0,0.0,0,0,0,0
2025-01-14,BAT-01,Battery Energy Storage,360.7,330.5,24,0,0,0.0,0,0,0,0
2025-01-14,BAT-02,Battery Energy Storage,208.4,220.4,24,0,0,0.0,0,0,0,0
2025-01-14,GAS-01,Natural Gas,8555.1,8469.0,24,0,0,0.0,0,0,0,0
2025-01-14,GAS-02,Natural Gas,575.8,570.5,24,0,0,0.0,0,0,0,0
2025-01-14,SOL-01,Solar,753.4,773.6,24,0,0,0.0,0,0,0,0
2025-01-14,SOL-02,Solar,269.8,337.5,24,0,0,0.0,0,0,0,0
2025-01-14,WND-01,Wind,1373.7,2608.3,24,0,0,0.0,0,0,0,0
2025-01-14,WND-02,Wind,919.5,1359.1,15,0,9,23198.4,1,0,0,0
2025-01-15,BAT-01,Battery Energy Storage,329.1,330.5,24,0,0,0.0,0,0,0,0
2025-01-15,BAT-02,Battery Energy Storage,214.9,220.4,24,0,0,0.0,0,0,0,0
2025-01-15,GAS-01,Natural Gas,8703.5,8754.0,24,0,0,0.0,0,0,0,0
2025-01-15,GAS-02,Natural Gas,4167.4,4252.2,24,0,0,0.0,0,0,0,0
2025-01-15,SOL-01,Solar,784.8,776.8,24,0,0,0.0,0,0,0,0
2025-01-15,SOL-02,Solar,287.4,338.9,24,0,0,0.0,0,0,0,0
2025-01-15,WND-01,Wind,1922.9,3005.0,24,0,0,0.0,0,0,0,0
2025-01-15,WND-02,Wind,1251.6,1353.8,24,0,0,0.0,0,0,0,0
2025-01-16,BAT-01,Battery Energy Storage,297.2,330.5,24,0,0,0.0,0,0,0,0
2025-01-16,BAT-02,Battery Energy Storage,231.1,220.3,24,0,0,0.0,0,0,0,0
2025-01-16,GAS-01,Natural Gas,8670.9,8508.4,24,0,0,0.0,0,0,0,0
2025-01-16,GAS-02,Natural Gas,3687.7,3685.4,24,0,0,0.0,0,0,0,0
2025-01-16,SOL-01,Solar,859.1,780.1,24,0,0,0.0,0,0,0,0
2025-01-16,SOL-02,Solar,357.4,340.3,24,0,0,0.0,0,0,0,0
2025-01-16,WND-01,Wind,2053.2,3015.0,15,0,9,26373.6,1,0,0,0
2025-01-16,WND-02,Wind,1487.3,1211.1,24,0,0,0.0,0,0,0,0
2025-01-17,BAT-01,Battery Energy Storage,337.9,330.3,24,0,0,0.0,0,0,0,0
2025-01-17,BAT-02,Battery Energy Storage,219.7,220.2,24,0,0,0.0,0,0,0,0
2025-01-17,GAS-01,Natural Gas,8655.2,8803.4,24,0,0,0.0,0,0,0,0
2025-01-17,GAS-02,Natural Gas,582.4,590.2,24,0,0,0.0,0,0,0,0
2025-01-17,SOL-01,Solar,821.2,783.6,24,0,0,0.0,0,0,0,0
2025-01-17,SOL-02,Solar,348.7,341.9,24,0,0,0.0,0,0,0,0
2025-01-17,WND-01,Wind,3337.6,3101.6,24,0,0,0.0,0,0,0,0
2025-01-17,WND-02,Wind,1071.2,1096.5,24,0,0,0.0,0,0,0,0
2025-01-18,BAT-01,Battery Energy Storage,206.3,204.6,24,0,0,0.0,0,0,0,0
2025-01-18,BAT-02,Battery Energy Storage,144.5,136.4,24,0,0,0.0,0,0,0,0
2025-01-18,GAS-01,Natural Gas,8323.3,8341.4,24,0,0,0.0,0,0,0,0
2025-01-18,GAS-02,Natural Gas,3977.6,3991.7,24,0,0,0.0,0,0,0,0
2025-01-18,SOL-01,Solar,784.7,787.2,24,0,0,0.0,0,0,0,0
2025-01-18,SOL-02,Solar,362.0,343.4,24,0,0,0.0,0,0,0,0
2025-01-18,WND-01,Wind,2302.2,2610.3,24,0,0,0.0,0,0,0,0
2025-01-18,WND-02,Wind,3360.0,2474.7,24,0,0,0.0,0,0,0,0
2025-01-19,BAT-01,Battery Energy Storage,198.8,204.3,24,0,0,0.0,0,0,0,0
2025-01-19,BAT-02,Battery Energy Storage,123.9,136.2,24,0,0,0.0,0,0,0,0
2025-01-19,GAS-01,Natural Gas,8162.7,8231.9,24,0,0,0.0,0,0,0,0
2025-01-19,GAS-02,Natural Gas,325.9,328.2,24,0,0,0.0,0,0,0,0
2025-01-19,SOL-01,Solar,800.7,790.9,24,0,0,0.0,0,0,0,0
2025-01-19,SOL-02,Solar,431.4,345.0,24,0,0,0.0,0,0,0,0
2025-01-19,WND-01,Wind,2632.0,2768.3,24,0,0,0.0,0,0,0,0
2025-01-19,WND-02,Wind,1497.1,1857.1,24,0,0,0.0,0,0,0,0
2025-01-20,BAT-01,Battery Energy Storage,308.9,329.0,24,0,0,0.0,0,0,0,0
2025-01-20,BAT-02,Battery Energy Storage,215.3,219.3,24,0,0,0.0,0,0,0,0
2025-01-20,GAS-01,Natural Gas,9257.8,9367.4,24,0,0,0.0,0,0,0,0
2025-01-20,GAS-02,Natural Gas,488.3,492.1,24,0,0,0.0,0,0,0,0
2025-01-20,SOL-01,Solar,864.5,794.7,24,0,0,0.0,0,0,0,0
2025-01-20,SOL-02,Solar,335.8,346.7,24,0,0,0.0,0,0,0,0
2025-01-20,WND-01,Wind,2688.5,3265.3,24,0,0,0.0,0,0,0,0
2025-01-20,WND-02,Wind,1116.4,1424.4,24,0,0,0.0,0,0,0,0
2025-01-21,BAT-01,Battery Energy Storage,307.4,328.4,24,0,0,0.0,0,0,0,0
2025-01-21,BAT-02,Battery Energy Storage,193.4,218.9,24,0,0,0.0,0,0,0,0
2025-01-21,GAS-01,Natural Gas,8324.1,8373.0,24,0,0,0.0,0,0,0,0
2025-01-21,GAS-02,Natural Gas,433.2,432.1,24,0,0,0.0,0,0,0,0
2025-01-21,SOL-01,Solar,715.7,798.7,24,0,0,0.0,0,0,0,0
2025-01-21,SOL-02,Solar,342.1,348.4,24,0,0,0.0,0,0,0,0
2025-01-21,WND-01,Wind,3362.4,2870.4,24,0,0,0.0,0,0,0,0
2025-01-21,WND-02,Wind,960.7,1239.1,24,0,0,0.0,0,0,0,0
2025-01-22,BAT-01,Battery Energy Storage,349.0,327.6,24,0,0,0.0,0,0,0,0
2025-01-22,BAT-02,Battery Energy Storage,212.8,218.4,24,0,0,0.0,0,0,0,0
2025-01-22,GAS-01,Natural Gas,9000.2,8813.0,24,0,0,0.0,0,0,0,0
2025-01-22,GAS-02,Natural Gas,448.7,448.7,24,0,0,0.0,0,0,1,0
2025-01-22,SOL-01,Solar,848.1,802.7,24,0,0,0.0,0,0,0,0
2025-01-22,SOL-02,Solar,295.3,350.2,24,0,0,0.0,0,0,0,0
2025-01-22,WND-01,Wind,3682.7,2991.4,24,0,0,0.0,0,0,0,0
2025-01-22,WND-02,Wind,2808.3,1941.2,24,0,0,0.0,0,0,0,0
2025-01-23,BAT-01,Battery Energy Storage,331.7,326.8,24,0,0,0.0,0,0,0,0
2025-01-23,BAT-02,Battery Energy Storage,204.2,217.9,24,0,0,0.0,0,0,0,0
2025-01-23,GAS-01,Natural Gas,9261.7,9245.8,24,0,0,0.0,0,0,0,0
2025-01-23,GAS-02,Natural Gas,515.3,516.7,24,0,0,0.0,0,0,0,0
2025-01-23,SOL-01,Solar,701.6,806.9,24,0,0,0.0,0,0,0,0
2025-01-23,SOL-02,Solar,450.3,352.0,24,0,0,0.0,0,0,0,0
2025-01-23,WND-01,Wind,894.7,1630.9,14,10,0,16170.85,1,0,0,0
2025-01-23,WND-02,Wind,1264.1,1591.0,24,0,0,0.0,0,0,0,0
2025-01-24,BAT-01,Battery Energy Storage,335.3,325.9,24,0,0,0.0,0,0,0,0
2025-01-24,BAT-02,Battery Energy Storage,234.0,217.3,24,0,0,0.0,0,0,0,0
2025-01-24,GAS-01,Natural Gas,9139.9,9227.5,24,0,0,0.0,0,0,0,0
2025-01-24,GAS-02,Natural Gas,3472.3,3456.9,24,0,0,0.0,0,0,0,0
2025-01-24,SOL-01,Solar,472.0,811.2,24,0,0,0.0,0,0,0,0
2025-01-24,SOL-02,Solar,433.3,353.9,24,0,0,0.0,0,0,0,0
2025-01-24,WND-01,Wind,2249.7,2849.5,24,0,0,0.0,0,0,0,0
2025-01-24,WND-02,Wind,1707.6,1547.4,24,0,0,0.0,0,0,0,0
2025-01-25,BAT-01,Battery Energy Storage,204.4,201.5,24,0,0,0.0,0,0,0,0
2025-01-25,BAT-02,Battery Energy Storage,137.6,134.3,24,0,0,0.0,0,0,0,0
2025-01-25,GAS-01,Natural Gas,8972.0,9173.3,24,0,0,0.0,0,0,0,0
2025-01-25,GAS-02,Natural Gas,4052.0,4094.7,24,0,0,0.0,0,0,0,0
2025-01-25,SOL-01,Solar,806.6,815.5,24,0,0,0.0,0,0,0,0
2025-01-25,SOL-02,Solar,353.1,355.8,24,0,0,0.0,0,0,0,0
2025-01-25,WND-01,Wind,1812.9,3024.8,24,0,0,0.0,0,0,0,0
2025-01-25,WND-02,Wind,1841.2,1702.7,24,0,0,0.0,0,0,0,0
2025-01-26,BAT-01,Battery Energy Storage,204.7,200.8,24,0,0,0.0,0,0,0,0
2025-01-26,BAT-02,Battery Energy Storage,142.0,133.9,24,0,0,0.0,0,0,0,0
2025-01-26,GAS-01,Natural Gas,8765.3,8950.2,24,0,0,0.0,0,0,0,0
2025-01-26,GAS-02,Natural Gas,3435.3,3407.5,24,0,0,0.0,0,0,0,0
2025-01-26,SOL-01,Solar,767.6,820.0,24,0,0,0.0,0,0,0,0
2025-01-26,SOL-02,Solar,383.1,357.7,24,0,0,0.0,0,0,0,0
2025-01-26,WND-01,Wind,1278.1,2235.3,24,0,0,0.0,0,0,0,0
2025-01-26,WND-02,Wind,1986.4,1714.7,24,0,0,0.0,0,0,0,0
2025-01-27,BAT-01,Battery Energy Storage,313.6,322.7,24,0,0,0.0,0,0,0,0
2025-01-27,BAT-02,Battery Energy Storage,209.6,215.1,24,0,0,0.0,0,0,0,0
2025-01-27,GAS-01,Natural Gas,9082.4,9141.2,24,0,0,0.0,0,0,0,0
2025-01-27,GAS-02,Natural Gas,461.4,462.6,24,0,0,0.0,0,0,0,0
2025-01-27,SOL-01,Solar,841.2,824.6,24,0,0,0.0,0,0,0,0
2025-01-27,SOL-02,Solar,396.7,359.7,24,0,0,0.0,0,0,0,0
2025-01-27,WND-01,Wind,1600.1,2488.3,24,0,0,0.0,0,0,0,0
2025-01-27,WND-02,Wind,2821.6,1902.7,24,0,0,0.0,0,0,0,0
2025-01-28,BAT-01,Battery Energy Storage,317.4,321.4,24,0,0,0.0,0,0,0,0
2025-01-28,BAT-02,Battery Energy Storage,201.1,214.2,24,0,0,0.0,0,0,0,0
2025-01-28,GAS-01,Natural Gas,9363.9,9435.6,24,0,0,0.0,0,0,0,0
2025-01-28,GAS-02,Natural Gas,3780.1,3802.2,24,0,0,0.0,0,0,0,0
2025-01-28,SOL-01,Solar,909.9,829.3,24,0,0,0.0,0,0,0,0
2025-01-28,SOL-02,Solar,312.0,361.8,24,0,0,0.0,0,0,0,0
2025-01-28,WND-01,Wind,2215.2,2545.2,24,0,0,0.0,0,0,0,0
2025-01-28,WND-02,Wind,3320.0,2064.6,24,0,0,0.0,0,0,0,0
2025-01-29,BAT-01,Battery Energy Storage,342.3,320.0,24,0,0,0.0,0,0,0,0
2025-01-29,BAT-02,Battery Energy Storage,199.9,213.3,24,0,0,0.0,0,0,0,0
2025-01-29,GAS-01,Natural Gas,8981.4,9005.6,24,0,0,0.0,0,0,0,0
2025-01-29,GAS-02,Natural Gas,4491.5,4534.7,24,0,0,0.0,0,0,0,0
2025-01-29,SOL-01,Solar,851.9,834.1,24,0,0,0.0,0,0,0,0
2025-01-29,SOL-02,Solar,438.2,363.9,24,0,0,0.0,0,0,0,0
2025-01-29,WND-01,Wind,1415.6,2417.2,24,0,0,0.0,0,0,0,0
2025-01-29,WND-02,Wind,2174.3,1822.1,24,0,0,0.0,0,0,0,0
2025-01-30,BAT-01,Battery Energy Storage,345.5,318.5,24,0,0,0.0,0,0,0,0
2025-01-30,BAT-02,Battery Energy Storage,215.7,212.3,24,0,0,0.0,0,0,0,0
2025-01-30,GAS-01,Natural Gas,7761.9,7979.4,24,0,0,0.0,0,0,0,0
2025-01-30,GAS-02,Natural Gas,3131.4,3140.5,24,0,0,0.0,0,0,0,0
2025-01-30,SOL-01,Solar,803.6,839.1,24,0,0,0.0,0,0,0,0
2025-01-30,SOL-02,Solar,257.4,366.0,24,0,0,0.0,0,0,0,0
2025-01-30,WND-01,Wind,2254.2,2313.6,24,0,0,0.0,0,0,0,0
2025-01-30,WND-02,Wind,2068.0,1598.3,24,0,0,0.0,0,0,0,0
2025-01-31,BAT-01,Battery Energy Storage,293.7,316.9,24,0,0,0.0,0,0,0,0
2025-01-31,BAT-02,Battery Energy Storage,234.2,211.3,24,0,0,0.0,0,0,0,0
2025-01-31,GAS-01,Natural Gas,8563.6,8573.1,24,0,0,0.0,0,0,0,0
2025-01-31,GAS-02,Natural Gas,439.0,429.4,24,0,0,0.0,0,0,0,0
2025-01-31,SOL-01,Solar,879.5,844.1,24,0,0,0.0,0,0,0,0
2025-01-31,SOL-02,Solar,381.2,368.2,24,0,0,0.0,0,0,0,0
2025-01-31,WND-01,Wind,2955.0,3113.9,24,0,0,0.0,0,0,0,0
2025-01-31,WND-02,Wind,581.6,1259.0,24,0,0,0.0,0,0,0,0
2025-02-01,BAT-01,Battery Energy Storage,193.0,195.5,24,0,0,0.0,0,0,0,0
2025-02-01,BAT-02,Battery Energy Storage,133.6,130.3,24,0,0,0.0,0,0,0,0
2025-02-01,GAS-01,Natural Gas,9241.3,9128.7,24,0,0,0.0,0,0,0,0
2025-02-01,GAS-02,Natural Gas,2977.4,2979.6,24,0,0,0.0,0,0,0,0
2025-02-01,SOL-01,Solar,883.0,849.2,24,0,0,0.0,0,0,0,0
2025-02-01,SOL-02,Solar,410.3,370.5,24,0,0,0.0,0,0,0,0
2025-02-01,WND-01,Wind,2985.4,3039.3,24,0,0,0.0,0,0,0,0
2025-02-01,WND-02,Wind,1031.3,1309.8,24,0,0,0.0,0,0,0,0
2025-02-02,BAT-01,Battery Energy Storage,204.2,194.4,24,0,0,0.0,0,0,0,0
2025-02-02,BAT-02,Battery Energy Storage,126.7,129.6,24,0,0,0.0,0,0,0,0
2025-02-02,GAS-01,Natural Gas,8694.4,8528.3,24,0,0,0.0,0,0,0,0
2025-02-02,GAS-02,Natural Gas,458.2,464.5,24,0,0,0.0,0,0,0,0
2025-02-02,SOL-01,Solar,520.8,569.6,16,8,0,7399.8,1,0,0,0
2025-02-02,SOL-02,Solar,307.0,372.7,24,0,0,0.0,0,0,0,0
2025-02-02,WND-01,Wind,2394.8,2740.1,24,0,0,0.0,0,0,0,0
2025-02-02,WND-02,Wind,729.3,1274.6,24,0,0,0.0,0,0,0,0
2025-02-03,BAT-01,Battery Energy Storage,347.0,311.8,24,0,0,0.0,0,0,0,0
2025-02-03,BAT-02,Battery Energy Storage,205.5,207.8,24,0,0,0.0,0,0,0,0
2025-02-03,GAS-01,Natural Gas,9330.6,9547.7,24,0,0,0.0,0,0,0,0
2025-02-03,GAS-02,Natural Gas,3540.9,3502.3,24,0,0,0.0,0,0,0,0
2025-02-03,SOL-01,Solar,770.5,859.7,24,0,0,0.0,0,0,0,0
2025-02-03,SOL-02,Solar,318.9,375.0,24,0,0,0.0,0,0,0,0
2025-02-03,WND-01,Wind,1922.0,2490.4,24,0,0,0.0,0,0,0,0
2025-02-03,WND-02,Wind,938.0,1534.2,24,0,0,0.0,0,0,0,0
2025-02-04,BAT-01,Battery Energy Storage,343.0,309.9,24,0,0,0.0,0,0,0,0
2025-02-04,BAT-02,Battery Energy Storage,206.2,206.6,24,0,0,0.0,0,0,0,0
2025-02-04,GAS-01,Natural Gas,8699.7,8784.1,24,0,0,0.0,0,0,0,0
2025-02-04,GAS-02,Natural Gas,365.9,368.0,24,0,0,0.0,0,0,0,0
2025-02-04,SOL-01,Solar,818.8,865.1,24,0,0,0.0,0,0,0,0
2025-02-04,SOL-02,Solar,459.8,377.4,24,0,0,0.0,0,0,0,0
2025-02-04,WND-01,Wind,2870.7,2716.5,24,0,0,0.0,0,0,0,0
2025-02-04,WND-02,Wind,210.2,1001.1,24,0,0,0.0,0,0,0,0
2025-02-05,BAT-01,Battery Energy Storage,293.2,307.9,24,0,0,0.0,0,0,0,0
2025-02-05,BAT-02,Battery Energy Storage,230.2,205.3,24,0,0,0.0,0,0,0,0
2025-02-05,GAS-01,Natural Gas,8760.7,8851.5,24,0,0,0.0,0,0,0,0
2025-02-05,GAS-02,Natural Gas,3042.2,3031.9,24,0,0,0.0,0,0,0,0
2025-02-05,SOL-01,Solar,868.4,870.6,24,0,0,0.0,0,0,0,0
2025-02-05,SOL-02,Solar,433.5,379.8,24,0,0,0.0,0,0,0,0
2025-02-05,WND-01,Wind,1910.6,2732.5,24,0,0,0.0,0,0,0,0
2025-02-05,WND-02,Wind,596.0,920.1,15,9,0,11565.28,1,0,0,0
2025-02-06,BAT-01,Battery Energy Storage,329.3,305.9,24,0,0,0.0,0,0,0,0
2025-02-06,BAT-02,Battery Energy Storage,219.0,203.9,24,0,0,0.0,0,0,0,0
2025-02-06,GAS-01,Natural Gas,9339.3,9323.0,24,0,0,0.0,0,0,0,0
2025-02-06,GAS-02,Natural Gas,439.6,442.8,24,0,0,0.0,0,0,0,0
2025-02-06,SOL-01,Solar,821.6,876.2,24,0,0,0.0,0,0,0,0
2025-02-06,SOL-02,Solar,476.2,382.2,24,0,0,0.0,0,0,0,0
2025-02-06,WND-01,Wind,2886.1,2656.5,24,0,0,0.0,0,0,0,0
2025-02-06,WND-02,Wind,210.6,796.3,24,0,0,0.0,0,0,0,0
2025-02-07,BAT-01,Battery Energy Storage,304.9,303.8,24,0,0,0.0,0,0,0,0
2025-02-07,BAT-02,Battery Energy Storage,205.7,202.5,24,0,0,0.0,0,0,0,0
2025-02-07,GAS-01,Natural Gas,3225.8,8729.9,9,0,15,120582.0,2,0,0,0
2025-02-07,GAS-02,Natural Gas,3544.5,3490.9,24,0,0,0.0,0,0,0,0
2025-02-07,SOL-01,Solar,825.1,881.9,24,0,0,0.0,0,0,0,0
2025-02-07,SOL-02,Solar,266.9,384.7,24,0,0,0.0,0,0,0,0
2025-02-07,WND-01,Wind,2786.8,3003.3,24,0,0,0.0,0,0,0,0
2025-02-07,WND-02,Wind,789.5,1212.8,24,0,0,0.0,0,0,0,0
2025-02-08,BAT-01,Battery Energy Storage,198.7,187.0,24,0,0,0.0,0,0,0,0
2025-02-08,BAT-02,Battery Energy Storage,125.5,124.7,24,0,0,0.0,0,0,0,0
2025-02-08,GAS-01,Natural Gas,9072.3,8892.8,24,0,0,0.0,0,0,0,0
2025-02-08,GAS-02,Natural Gas,328.8,331.1,24,0,0,0.0,0,0,0,0
2025-02-08,SOL-01,Solar,870.0,887.7,24,0,0,0.0,0,0,0,0
2025-02-08,SOL-02,Solar,343.8,387.2,24,0,0,0.0,0,0,0,0
2025-02-08,WND-01,Wind,2761.6,3359.1,24,0,0,0.0,0,0,0,0
2025-02-08,WND-02,Wind,361.9,1097.8,24,0,0,0.0,0,0,0,0
2025-02-09,BAT-01,Battery Energy Storage,194.4,185.7,24,0,0,0.0,0,0,0,0
2025-02-09,BAT-02,Battery Energy Storage,126.0,123.8,24,0,0,0.0,0,0,0,0
2025-02-09,GAS-01,Natural Gas,9225.5,9220.6,24,0,0,0.0,0,0,0,0
2025-02-09,GAS-02,Natural Gas,318.7,313.5,24,0,0,0.0,0,0,0,0
2025-02-09,SOL-01,Solar,961.1,893.5,24,0,0,0.0,0,0,0,0
2025-02-09,SOL-02,Solar,408.4,389.8,24,0,0,0.0,0,0,0,0
2025-02-09,WND-01,Wind,1718.4,2822.0,24,0,0,0.0,0,0,0,0
2025-02-09,WND-02,Wind,331.1,1338.7,24,0,0,0.0,0,0,0,0
2025-02-10,BAT-01,Battery Energy Storage,274.6,297.2,24,0,0,0.0,0,0,0,0
2025-02-10,BAT-02,Battery Energy Storage,204.0,198.1,24,0,0,0.0,0,0,0,0
2025-02-10,GAS-01,Natural Gas,8132.9,8145.0,24,0,0,0.0,0,0,0,0
2025-02-10,GAS-02,Natural Gas,2811.5,2847.3,24,0,0,0.0,0,0,0,0
2025-02-10,SOL-01,Solar,930.6,899.5,24,0,0,0.0,0,0,0,0
2025-02-10,SOL-02,Solar,415.2,392.4,24,0,0,0.0,0,0,0,0
2025-02-10,WND-01,Wind,1947.6,2245.5,24,0,0,0.0,0,0,0,0
2025-02-10,WND-02,Wind,1578.8,1288.2,24,0,0,0.0,0,0,0,0
2025-02-11,BAT-01,Battery Energy Storage,304.6,294.9,24,0,0,0.0,0,0,0,0
2025-02-11,BAT-02,Battery Energy Storage,191.7,196.6,24,0,0,0.0,0,0,0,0
2025-02-11,GAS-01,Natural Gas,8849.4,8683.4,24,0,0,0.0,0,0,0,0
2025-02-11,GAS-02,Natural Gas,387.7,389.1,24,0,0,0.0,0,0,0,0
2025-02-11,SOL-01,Solar,981.5,905.5,24,0,0,0.0,0,0,0,0
2025-02-11,SOL-02,Solar,468.0,395.0,24,0,0,0.0,0,0,0,0
2025-02-11,WND-01,Wind,2607.5,2692.3,24,0,0,0.0,0,0,0,0
2025-02-11,WND-02,Wind,2018.9,1699.9,24,0,0,0.0,0,0,0,0
2025-02-12,BAT-01,Battery Energy Storage,310.1,292.5,24,0,0,0.0,0,0,0,0
2025-02-12,BAT-02,Battery Energy Storage,185.1,195.0,24,0,0,0.0,0,0,0,0
2025-02-12,GAS-01,Natural Gas,9187.1,9188.9,24,0,0,0.0,0,0,0,0
2025-02-12,GAS-02,Natural Gas,310.8,305.7,24,0,0,0.0,0,0,0,0
2025-02-12,SOL-01,Solar,861.1,911.6,21,0,3,4689.9,1,0,0,0
2025-02-12,SOL-02,Solar,415.3,397.7,24,0,0,0.0,0,0,0,0
2025-02-12,WND-01,Wind,1839.2,2622.7,24,0,0,0.0,0,0,0,0
2025-02-12,WND-02,Wind,2755.8,2180.5,24,0,0,0.0,0,0,0,0
2025-02-13,BAT-01,Battery Energy Storage,289.7,290.1,24,0,0,0.0,0,0,0,0
2025-02-13,BAT-02,Battery Energy Storage,205.4,193.4,24,0,0,0.0,0,0,0,0
2025-02-13,GAS-01,Natural Gas,8885.0,8842.6,24,0,0,0.0,0,0,0,0
2025-02-13,GAS-02,Natural Gas,597.0,595.8,24,0,0,0.0,0,0,0,0
2025-02-13,SOL-01,Solar,929.9,917.8,24,0,0,0.0,0,0,0,0
2025-02-13,SOL-02,Solar,245.1,400.4,24,0,0,0.0,0,0,0,0
2025-02-13,WND-01,Wind,2445.6,2735.1,24,0,0,0.0,0,0,0,0
2025-02-13,WND-02,Wind,3360.0,2088.0,24,0,0,0.0,0,0,0,0
2025-02-14,BAT-01,Battery Energy Storage,283.4,287.6,24,0,0,0.0,0,0,0,0
2025-02-14,BAT-02,Battery Energy Storage,192.0,191.7,24,0,0,0.0,0,0,0,0
2025-02-14,GAS-01,Natural Gas,9393.0,9478.4,24,0,0,0.0,0,0,0,0
2025-02-14,GAS-02,Natural Gas,415.2,404.2,24,0,0,0.0,0,0,0,0
2025-02-14,SOL-01,Solar,932.1,924.0,24,0,0,0.0,0,0,0,0
2025-02-14,SOL-02,Solar,334.7,403.1,24,0,0,0.0,0,0,0,0
2025-02-14,WND-01,Wind,2631.3,2501.5,24,0,0,0.0,0,0,0,0
2025-02-14,WND-02,Wind,2037.4,1684.8,24,0,0,0.0,0,0,0,0
2025-02-15,BAT-01,Battery Energy Storage,160.1,176.8,24,0,0,0.0,0,0,0,0
2025-02-15,BAT-02,Battery Energy Storage,124.6,117.9,24,0,0,0.0,0,0,0,0
2025-02-15,GAS-01,Natural Gas,7964.8,8098.0,24,0,0,0.0,0,0,0,0
2025-02-15,GAS-02,Natural Gas,3300.7,3311.4,24,0,0,0.0,0,0,0,0
2025-02-15,SOL-01,Solar,936.3,930.4,24,0,0,0.0,0,0,0,0
2025-02-15,SOL-02,Solar,445.7,405.9,24,0,0,0.0,0,0,0,0
2025-02-15,WND-01,Wind,2284.2,2774.4,24,0,0,0.0,0,0,0,0
2025-02-15,WND-02,Wind,3068.6,2100.5,24,0,0,0.0,0,0,0,0
2025-02-16,BAT-01,Battery Energy Storage,182.4,175.2,24,0,0,0.0,0,0,0,0
2025-02-16,BAT-02,Battery Energy Storage,128.3,116.8,24,0,0,0.0,0,0,0,0
2025-02-16,GAS-01,Natural Gas,7987.3,8046.2,24,0,0,0.0,0,0,0,0
2025-02-16,GAS-02,Natural Gas,484.9,483.4,24,0,0,0.0,0,0,0,0
2025-02-16,SOL-01,Solar,1037.1,936.8,24,0,0,0.0,0,0,0,0
2025-02-16,SOL-02,Solar,170.4,408.7,24,0,0,0.0,0,0,0,0
2025-02-16,WND-01,Wind,2395.4,2946.3,19,0,5,14652.0,1,0,0,0
2025-02-16,WND-02,Wind,1269.7,1473.2,24,0,0,0.0,0,0,0,0
2025-02-17,BAT-01,Battery Energy Storage,283.6,280.1,24,0,0,0.0,0,0,0,0
2025-02-17,BAT-02,Battery Energy Storage,192.5,186.7,24,0,0,0.0,0,0,0,0
2025-02-17,GAS-01,Natural Gas,9402.4,9161.9,24,0,0,0.0,0,0,0,0
2025-02-17,GAS-02,Natural Gas,3389.9,3314.1,24,0,0,0.0,0,0,0,0
2025-02-17,SOL-01,Solar,913.0,943.3,24,0,0,0.0,0,0,0,0
2025-02-17,SOL-02,Solar,454.1,411.5,24,0,0,0.0,0,0,0,0
2025-02-17,WND-01,Wind,1583.8,2846.2,24,0,0,0.0,0,0,0,0
2025-02-17,WND-02,Wind,1941.8,1914.3,24,0,0,0.0,0,0,0,0
2025-02-18,BAT-01,Battery Energy Storage,262.1,277.5,24,0,0,0.0,0,0,0,0
2025-02-18,BAT-02,Battery Energy Storage,189.0,185.0,24,0,0,0.0,0,0,0,0
2025-02-18,GAS-01,Natural Gas,9275.5,9205.5,24,0,0,0.0,0,0,0,0
2025-02-18,GAS-02,Natural Gas,446.4,454.6,24,0,0,0.0,0,0,0,0
2025-02-18,SOL-01,Solar,895.8,949.9,24,0,0,0.0,0,0,0,0
2025-02-18,SOL-02,Solar,413.2,414.4,24,0,0,0.0,0,0,0,0
2025-02-18,WND-01,Wind,2143.8,2571.4,24,0,0,0.0,0,0,0,0
2025-02-18,WND-02,Wind,1402.2,1555.9,24,0,0,0.0,0,0,0,0
2025-02-19,BAT-01,Battery Energy Storage,269.5,274.9,24,0,0,0.0,0,0,0,0
2025-02-19,BAT-02,Battery Energy Storage,218.4,183.3,24,0,0,0.0,0,0,0,0
2025-02-19,GAS-01,Natural Gas,8753.9,8725.1,24,0,0,0.0,0,0,0,0
2025-02-19,GAS-02,Natural Gas,158.2,161.4,24,0,0,0.0,0,0,0,0
2025-02-19,SOL-01,Solar,965.6,956.5,24,0,0,0.0,0,0,0,0
2025-02-19,SOL-02,Solar,318.7,417.3,24,0,0,0.0,0,0,0,0
2025-02-19,WND-01,Wind,3446.6,3359.9,24,0,0,0.0,0,0,0,0
2025-02-19,WND-02,Wind,824.8,1460.8,24,0,0,0.0,0,0,0,0
2025-02-20,BAT-01,Battery Energy Storage,274.8,272.3,24,0,0,0.0,0,0,0,0
2025-02-20,BAT-02,Battery Energy Storage,183.8,181.5,24,0,0,0.0,0,0,0,0
2025-02-20,GAS-01,Natural Gas,8889.0,8994.4,24,0,0,0.0,0,0,0,0
2025-02-20,GAS-02,Natural Gas,340.3,343.6,24,0,0,0.0,0,0,0,0
2025-02-20,SOL-01,Solar,1057.6,963.2,24,0,0,0.0,0,0,0,0
2025-02-20,SOL-02,Solar,385.2,420.2,24,0,0,0.0,0,0,0,0
2025-02-20,WND-01,Wind,4337.5,3080.2,24,0,0,0.0,0,0,0,0
2025-02-20,WND-02,Wind,1543.2,1486.2,24,0,0,0.0,0,0,0,0
2025-02-21,BAT-01,Battery Energy Storage,260.6,269.6,24,0,0,0.0,0,0,0,0
2025-02-21,BAT-02,Battery Energy Storage,168.0,179.8,24,0,0,0.0,0,0,0,0
2025-02-21,GAS-01,Natural Gas,9250.9,9150.8,24,0,0,0.0,0,0,0,0
2025-02-21,GAS-02,Natural Gas,469.5,464.9,24,0,0,0.0,0,0,0,0
2025-02-21,SOL-01,Solar,1050.4,970.0,24,0,0,0.0,0,0,0,0
2025-02-21,SOL-02,Solar,246.5,423.1,24,0,0,0.0,0,0,0,0
2025-02-21,WND-01,Wind,4201.7,3089.0,24,0,0,0.0,0,0,0,0
2025-02-21,WND-02,Wind,2272.2,1672.6,24,0,0,0.0,0,0,0,0
2025-02-22,BAT-01,Battery Energy Storage,165.6,165.5,24,0,0,0.0,0,0,0,0
2025-02-22,BAT-02,Battery Energy Storage,108.5,110.4,24,0,0,0.0,0,0,0,0
2025-02-22,GAS-01,Natural Gas,8306.1,8443.6,24,0,0,0.0,0,0,0,0
2025-02-22,GAS-02,Natural Gas,513.6,523.8,24,0,0,0.0,0,0,0,0
2025-02-22,SOL-01,Solar,832.7,976.8,24,0,0,0.0,0,0,0,0
2025-02-22,SOL-02,Solar,535.6,426.1,24,0,0,0.0,0,0,0,0
2025-02-22,WND-01,Wind,3595.8,3295.6,24,0,0,0.0,0,0,0,0
2025-02-22,WND-02,Wind,2699.6,1884.9,24,0,0,0.0,0,0,0,0
2025-02-23,BAT-01,Battery Energy Storage,146.7,163.9,24,0,0,0.0,0,0,0,0
2025-02-23,BAT-02,Battery Energy Storage,119.4,109.3,24,0,0,0.0,0,0,0,0
2025-02-23,GAS-01,Natural Gas,8332.5,8492.2,24,0,0,0.0,0,0,0,0
2025-02-23,GAS-02,Natural Gas,3860.8,3833.4,24,0,0,0.0,0,0,0,0
2025-02-23,SOL-01,Solar,991.3,983.7,24,0,0,0.0,0,0,0,0
2025-02-23,SOL-02,Solar,504.3,429.1,24,0,0,0.0,0,0,0,0
2025-02-23,WND-01,Wind,2206.9,2362.2,18,6,0,10373.86,1,0,0,0
2025-02-23,WND-02,Wind,2359.7,1635.5,24,0,0,0.0,0,0,0,0
2025-02-24,BAT-01,Battery Energy Storage,282.9,261.7,24,0,0,0.0,0,0,0,0
2025-02-24,BAT-02,Battery Energy Storage,160.9,174.5,24,0,0,0.0,0,0,0,0
2025-02-24,GAS-01,Natural Gas,8839.2,8898.9,24,0,0,0.0,0,0,0,0
2025-02-24,GAS-02,Natural Gas,476.6,473.6,24,0,0,0.0,0,0,0,0
2025-02-24,SOL-01,Solar,783.8,990.6,24,0,0,0.0,0,0,0,0
2025-02-24,SOL-02,Solar,420.1,432.2,24,0,0,0.0,0,0,0,0
2025-02-24,WND-01,Wind,2713.3,2599.0,24,0,0,0.0,0,0,0,0
2025-02-24,WND-02,Wind,2100.1,1792.0,24,0,0,0.0,0,0,0,0
2025-02-25,BAT-01,Battery Energy Storage,259.3,259.1,24,0,0,0.0,0,0,0,0
2025-02-25,BAT-02,Battery Energy Storage,164.9,172.7,24,0,0,0.0,0,0,0,0
2025-02-25,GAS-01,Natural Gas,9439.2,9222.9,24,0,0,0.0,0,0,0,0
2025-02-25,GAS-02,Natural Gas,353.7,345.3,24,0,0,0.0,0,0,0,0
2025-02-25,SOL-01,Solar,929.5,997.6,24,0,0,0.0,0,0,0,0
2025-02-25,SOL-02,Solar,469.7,435.2,24,0,0,0.0,0,0,0,0
2025-02-25,WND-01,Wind,3123.6,2959.9,24,0,0,0.0,0,0,0,0
2025-02-25,WND-02,Wind,2267.9,1715.9,24,0,0,0.0,0,0,0,0
2025-02-26,BAT-01,Battery Energy Storage,239.5,256.5,24,0,0,0.0,0,0,0,0
2025-02-26,BAT-02,Battery Energy Storage,182.3,171.0,24,0,0,0.0,0,0,0,0
2025-02-26,GAS-01,Natural Gas,8472.6,8283.9,24,0,0,0.0,0,0,0,0
2025-02-26,GAS-02,Natural Gas,514.5,508.2,24,0,0,0.0,0,0,0,0
2025-02-26,SOL-01,Solar,997.1,1004.7,24,0,0,0.0,0,0,0,0
2025-02-26,SOL-02,Solar,424.2,438.3,24,0,0,0.0,0,0,0,0
2025-02-26,WND-01,Wind,2501.0,2425.0,24,0,0,0.0,0,0,0,0
2025-02-26,WND-02,Wind,2183.2,1644.1,24,0,0,0.0,0,0,0,0
2025-02-27,BAT-01,Battery Energy Storage,216.4,253.8,24,0,0,0.0,0,0,0,0
2025-02-27,BAT-02,Battery Energy Storage,166.5,169.2,24,0,0,0.0,0,0,0,0
2025-02-27,GAS-01,Natural Gas,8675.8,8723.0,24,0,0,0.0,0,0,0,0
2025-02-27,GAS-02,Natural Gas,3554.5,3539.0,24,0,0,0.0,0,0,0,0
2025-02-27,SOL-01,Solar,1030.7,1011.8,24,0,0,0.0,0,0,0,0
2025-02-27,SOL-02,Solar,437.5,441.4,24,0,0,0.0,0,0,0,0
2025-02-27,WND-01,Wind,3108.5,2900.3,24,0,0,0.0,0,0,0,0
2025-02-27,WND-02,Wind,2325.8,1863.2,24,0,0,0.0,0,0,0,0
2025-02-28,BAT-01,Battery Energy Storage,266.7,251.2,24,0,0,0.0,0,0,0,0
2025-02-28,BAT-02,Battery Energy Storage,166.4,167.5,24,0,0,0.0,0,0,0,0
2025-02-28,GAS-01,Natural Gas,8631.6,8702.0,24,0,0,0.0,0,0,0,0
2025-02-28,GAS-02,Natural Gas,578.5,569.2,24,0,0,0.0,0,0,0,0
2025-02-28,SOL-01,Solar,796.2,1018.9,24,0,0,0.0,0,0,0,0
2025-02-28,SOL-02,Solar,471.8,444.5,24,0,0,0.0,0,0,0,0
2025-02-28,WND-01,Wind,4588.3,3634.2,24,0,0,0.0,0,0,0,0
2025-02-28,WND-02,Wind,2132.9,1555.0,24,0,0,0.0,0,0,0,0
2025-03-01,BAT-01,Battery Energy Storage,159.3,154.2,24,0,0,0.0,0,0,0,0
2025-03-01,BAT-02,Battery Energy Storage,109.4,102.8,24,0,0,0.0,0,0,0,0
2025-03-01,GAS-01,Natural Gas,8825.2,9002.4,24,0,0,0.0,0,0,0,0
2025-03-01,GAS-02,Natural Gas,612.0,608.0,24,0,0,0.0,0,0,0,0
2025-03-01,SOL-01,Solar,1048.6,1026.2,24,0,0,0.0,0,0,0,0
2025-03-01,SOL-02,Solar,475.0,447.7,24,0,0,0.0,0,0,0,0
2025-03-01,WND-01,Wind,4027.3,3142.2,24,0,0,0.0,0,0,0,0
2025-03-01,WND-02,Wind,2543.0,1971.6,24,0,0,0.0,0,0,0,0
2025-03-02,BAT-01,Battery Energy Storage,154.5,152.6,24,0,0,0.0,0,0,0,0
2025-03-02,BAT-02,Battery Energy Storage,97.3,101.7,24,0,0,0.0,0,0,0,0
2025-03-02,GAS-01,Natural Gas,8817.1,8808.9,24,0,0,0.0,0,0,0,0
2025-03-02,GAS-02,Natural Gas,532.1,535.1,24,0,0,0.0,0,0,0,0
2025-03-02,SOL-01,Solar,1016.1,1033.4,24,0,0,0.0,0,0,0,0
2025-03-02,SOL-02,Solar,411.7,450.8,24,0,0,0.0,0,0,0,0
2025-03-02,WND-01,Wind,2738.4,2745.2,24,0,0,0.0,0,0,0,0
2025-03-02,WND-02,Wind,906.5,1221.2,24,0,0,0.0,0,0,0,0
2025-03-03,BAT-01,Battery Energy Storage,256.1,243.5,24,0,0,0.0,0,0,0,0
2025-03-03,BAT-02,Battery Energy Storage,148.0,162.4,24,0,0,0.0,0,0,0,0
2025-03-03,GAS-01,Natural Gas,8581.8,8565.2,24,0,0,0.0,0,0,0,0
2025-03-03,GAS-02,Natural Gas,575.2,583.2,24,0,0,0.0,0,0,0,0
2025-03-03,SOL-01,Solar,879.3,1040.7,24,0,0,0.0,0,0,0,0
2025-03-03,SOL-02,Solar,528.5,454.0,24,0,0,0.0,0,0,0,0
2025-03-03,WND-01,Wind,1895.1,2246.0,24,0,0,0.0,0,0,0,0
2025-03-03,WND-02,Wind,1056.2,1504.5,24,0,0,0.0,0,0,0,0
2025-03-04,BAT-01,Battery Energy Storage,253.5,241.0,24,0,0,0.0,0,0,0,0
2025-03-04,BAT-02,Battery Energy Storage,147.3,160.7,24,0,0,0.0,0,0,0,0
2025-03-04,GAS-01,Natural Gas,9468.0,9379.1,24,0,0,0.0,0,0,0,0
2025-03-04,GAS-02,Natural Gas,435.0,438.0,24,0,0,0.0,0,0,0,0
2025-03-04,SOL-01,Solar,1063.1,1048.0,24,0,0,0.0,0,0,0,0
2025-03-04,SOL-02,Solar,452.4,457.2,24,0,0,0.0,0,0,0,0
2025-03-04,WND-01,Wind,2644.7,2614.9,24,0,0,0.0,0,0,0,0
2025-03-04,WND-02,Wind,384.8,1015.9,24,0,0,0.0,0,0,0,0
2025-03-05,BAT-01,Battery Energy Storage,241.3,238.5,24,0,0,0.0,0,0,0,0
2025-03-05,BAT-02,Battery Energy Storage,164.6,159.0,24,0,0,0.0,0,0,0,0
2025-03-05,GAS-01,Natural Gas,8661.8,8568.2,24,0,0,0.0,0,0,0,0
2025-03-05,GAS-02,Natural Gas,3811.0,3812.8,24,0,0,0.0,0,0,0,0
2025-03-05,SOL-01,Solar,1105.0,1055.4,24,0,0,0.0,0,0,0,0
2025-03-05,SOL-02,Solar,531.1,460.4,24,0,0,0.0,0,0,0,0
2025-03-05,WND-01,Wind,2648.4,3163.0,24,0,0,0.0,0,0,0,0
2025-03-05,WND-02,Wind,980.1,1396.0,24,0,0,0.0,0,0,0,0
2025-03-06,BAT-01,Battery Energy Storage,232.5,236.1,24,0,0,0.0,0,0,0,0
2025-03-06,BAT-02,Battery Energy Storage,159.8,157.4,24,0,0,0.0,0,0,0,0
2025-03-06,GAS-01,Natural Gas,8659.7,8680.3,24,0,0,0.0,0,0,0,0
2025-03-06,GAS-02,Natural Gas,334.4,333.7,24,0,0,0.0,0,0,0,0
2025-03-06,SOL-01,Solar,1169.7,1062.8,24,0,0,0.0,0,0,0,0
2025-03-06,SOL-02,Solar,539.4,463.7,24,0,0,0.0,0,0,0,0
2025-03-06,WND-01,Wind,3291.4,2993.7,24,0,0,0.0,0,0,0,0
2025-03-06,WND-02,Wind,2441.1,1836.4,24,0,0,0.0,0,0,0,0
2025-03-07,BAT-01,Battery Energy Storage,227.8,233.6,24,0,0,0.0,0,0,0,0
2025-03-07,BAT-02,Battery Energy Storage,149.3,155.8,24,0,0,0.0,0,0,0,0
2025-03-07,GAS-01,Natural Gas,8144.9,8090.9,24,0,0,0.0,0,0,0,0
2025-03-07,GAS-02,Natural Gas,406.0,416.7,24,0,0,0.0,0,0,0,0
2025-03-07,SOL-01,Solar,1030.9,1070.3,24,0,0,0.0,0,0,0,0
2025-03-07,SOL-02,Solar,580.8,466.9,24,0,0,0.0,0,0,0,0
2025-03-07,WND-01,Wind,2782.3,2571.5,24,0,0,0.0,0,0,0,0
2025-03-07,WND-02,Wind,1657.2,1654.2,24,0,0,0.0,0,0,0,0
2025-03-08,BAT-01,Battery Energy Storage,147.0,143.4,24,0,0,0.0,0,0,0,0
2025-03-08,BAT-02,Battery Energy Storage,88.9,95.6,24,0,0,0.0,0,0,0,0
2025-03-08,GAS-01,Natural Gas,3156.6,8489.1,9,0,15,120582.0,2,0,0,0
2025-03-08,GAS-02,Natural Gas,586.6,588.2,24,0,0,0.0,0,0,0,0
2025-03-08,SOL-01,Solar,1039.6,1077.8,24,0,0,0.0,0,0,0,0
2025-03-08,SOL-02,Solar,448.3,470.2,24,0,0,0.0,0,0,0,0
2025-03-08,WND-01,Wind,3356.4,2917.8,24,0,0,0.0,0,0,0,0
2025-03-08,WND-02,Wind,1676.6,1566.1,24,0,0,0.0,0,0,0,0
2025-03-09,BAT-01,Battery Energy Storage,153.8,141.9,24,0,0,0.0,0,0,0,0
2025-03-09,BAT-02,Battery Energy Storage,93.1,94.6,24,0,0,0.0,0,0,0,0
2025-03-09,GAS-01,Natural Gas,9105.2,9046.9,24,0,0,0.0,0,0,0,0
2025-03-09,GAS-02,Natural Gas,570.5,570.3,24,0,0,0.0,0,0,0,0
2025-03-09,SOL-01,Solar,1137.4,1085.3,24,0,0,0.0,0,0,0,0
2025-03-09,SOL-02,Solar,431.3,473.5,24,0,0,0.0,0,0,0,0
2025-03-09,WND-01,Wind,3080.3,2531.6,24,0,0,0.0,0,0,0,0
2025-03-09,WND-02,Wind,2178.1,1474.1,24,0,0,0.0,0,0,0,0
2025-03-10,BAT-01,Battery Energy Storage,225.2,226.6,24,0,0,0.0,0,0,0,0
2025-03-10,BAT-02,Battery Energy Storage,161.2,151.1,24,0,0,0.0,0,0,0,0
2025-03-10,GAS-01,Natural Gas,8903.7,8958.2,24,0,0,0.0,0,0,0,0
2025-03-10,GAS-02,Natural Gas,542.0,538.5,24,0,0,0.0,0,0,0,0
2025-03-10,SOL-01,Solar,1120.0,1092.9,24,0,0,0.0,0,0,0,0
2025-03-10,SOL-02,Solar,512.4,476.8,24,0,0,0.0,0,0,0,0
2025-03-10,WND-01,Wind,2499.4,2458.3,24,0,0,0.0,0,0,0,0
2025-03-10,WND-02,Wind,480.2,1231.3,24,0,0,0.0,0,0,0,0
2025-03-11,BAT-01,Battery Energy Storage,244.3,224.4,24,0,0,0.0,0,0,0,0
2025-03-11,BAT-02,Battery Energy Storage,142.1,149.6,24,0,0,0.0,0,0,0,0
2025-03-11,GAS-01,Natural Gas,9134.8,9084.7,24,0,0,0.0,0,0,0,0
2025-03-11,GAS-02,Natural Gas,572.0,561.0,24,0,0,0.0,0,0,0,0
2025-03-11,SOL-01,Solar,1166.2,1100.4,24,0,0,0.0,0,0,0,0
2025-03-11,SOL-02,Solar,514.5,480.1,24,0,0,0.0,0,0,0,0
2025-03-11,WND-01,Wind,1732.6,2189.5,18,6,0,11136.71,1,0,0,0
2025-03-11,WND-02,Wind,546.7,1110.6,24,0,0,0.0,0,0,0,0
2025-03-12,BAT-01,Battery Energy Storage,227.2,222.2,24,0,0,0.0,0,0,0,0
2025-03-12,BAT-02,Battery Energy Storage,142.2,148.1,24,0,0,0.0,0,0,0,0
2025-03-12,GAS-01,Natural Gas,9103.9,9062.7,24,0,0,0.0,0,0,0,0
2025-03-12,GAS-02,Natural Gas,230.5,230.0,24,0,0,0.0,0,0,0,0
2025-03-12,SOL-01,Solar,1108.0,1108.0,24,0,0,0.0,0,0,1,0
2025-03-12,SOL-02,Solar,586.2,483.4,24,0,0,0.0,0,0,0,0
2025-03-12,WND-01,Wind,1686.3,2344.4,24,0,0,0.0,0,0,0,0
2025-03-12,WND-02,Wind,1145.0,1463.6,24,0,0,0.0,0,0,0,0
2025-03-13,BAT-01,Battery Energy Storage,225.1,220.1,24,0,0,0.0,0,0,0,0
2025-03-13,BAT-02,Battery Energy Storage,136.2,146.7,24,0,0,0.0,0,0,0,0
2025-03-13,GAS-01,Natural Gas,2442.0,9759.8,6,0,18,144698.4,2,0,0,0
2025-03-13,GAS-02,Natural Gas,663.4,670.7,24,0,0,0.0,0,0,0,0
2025-03-13,SOL-01,Solar,1201.1,1115.6,24,0,0,0.0,0,0,0,0
2025-03-13,SOL-02,Solar,356.0,486.7,24,0,0,0.0,0,0,0,0
2025-03-13,WND-01,Wind,3286.9,3387.2,24,0,0,0.0,0,0,0,0
2025-03-13,WND-02,Wind,0.0,804.4,24,0,0,0.0,0,0,0,0
2025-03-14,BAT-01,Battery Energy Storage,249.4,218.0,24,0,0,0.0,0,0,0,0
2025-03-14,BAT-02,Battery Energy Storage,94.7,145.3,16,0,8,7434.0,1,0,0,0
2025-03-14,GAS-01,Natural Gas,8554.4,8473.6,24,0,0,0.0,0,0,0,0
2025-03-14,GAS-02,Natural Gas,445.6,455.5,24,0,0,0.0,0,0,0,0
2025-03-14,SOL-01,Solar,1077.1,1123.3,24,0,0,0.0,0,0,0,0
2025-03-14,SOL-02,Solar,555.0,490.0,24,0,0,0.0,0,0,0,0
2025-03-14,WND-01,Wind,3063.6,2841.0,24,0,0,0.0,0,0,0,0
2025-03-14,WND-02,Wind,0.0,701.2,24,0,0,0.0,0,0,0,0
2025-03-15,BAT-01,Battery Energy Storage,147.2,133.9,24,0,0,0.0,0,0,0,0
2025-03-15,BAT-02,Battery Energy Storage,91.1,89.3,24,0,0,0.0,0,0,0,0
2025-03-15,GAS-01,Natural Gas,7926.0,8078.2,24,0,0,0.0,0,0,0,0
2025-03-15,GAS-02,Natural Gas,634.7,629.5,24,0,0,0.0,0,0,0,0
2025-03-15,SOL-01,Solar,1148.7,1130.9,24,0,0,0.0,0,0,0,0
2025-03-15,SOL-02,Solar,474.8,493.4,24,0,0,0.0,0,0,0,0
2025-03-15,WND-01,Wind,3419.7,2970.9,24,0,0,0.0,0,0,0,0
2025-03-15,WND-02,Wind,1084.4,1197.3,24,0,0,0.0,0,0,0,0
2025-03-16,BAT-01,Battery Energy Storage,146.0,132.7,24,0,0,0.0,0,0,0,0
2025-03-16,BAT-02,Battery Energy Storage,99.7,88.4,24,0,0,0.0,0,0,0,0
2025-03-16,GAS-01,Natural Gas,8229.7,8336.3,24,0,0,0.0,0,0,0,0
2025-03-16,GAS-02,Natural Gas,233.5,236.0,24,0,0,0.0,0,0,0,0
2025-03-16,SOL-01,Solar,1191.7,1138.6,24,0,0,0.0,0,0,0,0
2025-03-16,SOL-02,Solar,284.9,496.7,24,0,0,0.0,0,0,0,0
2025-03-16,WND-01,Wind,2850.0,2925.6,24,0,0,0.0,0,0,0,0
2025-03-16,WND-02,Wind,1978.7,1727.7,24,0,0,0.0,0,0,0,0
2025-03-17,BAT-01,Battery Energy Storage,201.9,212.1,24,0,0,0.0,0,0,0,0
2025-03-17,BAT-02,Battery Energy Storage,143.2,141.4,24,0,0,0.0,0,0,0,0
2025-03-17,GAS-01,Natural Gas,8466.1,8493.6,24,0,0,0.0,0,0,0,0
2025-03-17,GAS-02,Natural Gas,516.1,510.8,24,0,0,0.0,0,0,0,0
2025-03-17,SOL-01,Solar,946.4,1146.3,24,0,0,0.0,0,0,0,0
2025-03-17,SOL-02,Solar,507.1,500.1,24,0,0,0.0,0,0,0,0
2025-03-17,WND-01,Wind,2124.7,1944.3,24,0,0,0.0,0,0,0,0
2025-03-17,WND-02,Wind,2039.0,1604.0,24,0,0,0.0,0,0,0,0
2025-03-18,BAT-01,Battery Energy Storage,237.9,210.2,24,0,0,0.0,0,0,0,0
2025-03-18,BAT-02,Battery Energy Storage,128.1,140.1,22,0,2,1858.5,1,0,0,0
2025-03-18,GAS-01,Natural Gas,8225.9,8370.8,24,0,0,0.0,0,0,0,0
2025-03-18,GAS-02,Natural Gas,227.1,412.4,13,0,11,55440.0,1,0,0,0
2025-03-18,SOL-01,Solar,1074.1,1154.0,24,0,0,0.0,0,0,0,0
2025-03-18,SOL-02,Solar,521.4,503.4,24,0,0,0.0,0,0,0,0
2025-03-18,WND-01,Wind,2135.4,2560.7,24,0,0,0.0,0,0,0,0
2025-03-18,WND-02,Wind,2486.8,1933.2,24,0,0,0.0,0,0,0,0
2025-03-19,BAT-01,Battery Energy Storage,207.4,208.4,24,0,0,0.0,0,0,0,0
2025-03-19,BAT-02,Battery Energy Storage,146.2,139.0,24,0,0,0.0,0,0,0,0
2025-03-19,GAS-01,Natural Gas,8812.0,8855.3,24,0,0,0.0,0,0,0,0
2025-03-19,GAS-02,Natural Gas,538.5,548.7,24,0,0,0.0,0,0,0,0
2025-03-19,SOL-01,Solar,809.2,1161.7,24,0,0,0.0,0,0,0,0
2025-03-19,SOL-02,Solar,506.3,506.8,24,0,0,0.0,0,0,0,0
2025-03-19,WND-01,Wind,3023.0,2813.1,24,0,0,0.0,0,0,0,0
2025-03-19,WND-02,Wind,2198.2,1668.6,24,0,0,0.0,0,0,0,0
2025-03-20,BAT-01,Battery Energy Storage,203.9,206.7,24,0,0,0.0,0,0,0,0
2025-03-20,BAT-02,Battery Energy Storage,143.6,137.8,24,0,0,0.0,0,0,0,0
2025-03-20,GAS-01,Natural Gas,9338.8,9381.0,24,0,0,0.0,0,0,0,0
2025-03-20,GAS-02,Natural Gas,521.5,518.0,24,0,0,0.0,0,0,0,0
2025-03-20,SOL-01,Solar,1202.2,1169.4,24,0,0,0.0,0,0,0,0
2025-03-20,SOL-02,Solar,223.1,510.2,24,0,0,0.0,0,0,0,0
2025-03-20,WND-01,Wind,2578.8,3003.1,24,0,0,0.0,0,0,0,0
2025-03-20,WND-02,Wind,2307.5,1881.2,24,0,0,0.0,0,0,0,0
2025-03-21,BAT-01,Battery Energy Storage,178.5,205.1,24,0,0,0.0,0,0,0,0
2025-03-21,BAT-02,Battery Energy Storage,132.0,136.7,24,0,0,0.0,0,0,0,0
2025-03-21,GAS-01,Natural Gas,9660.7,9511.2,24,0,0,0.0,0,0,0,0
2025-03-21,GAS-02,Natural Gas,532.1,523.9,24,0,0,0.0,0,0,0,0
2025-03-21,SOL-01,Solar,1197.4,1177.1,24,0,0,0.0,0,0,0,0
2025-03-21,SOL-02,Solar,326.2,513.5,24,0,0,0.0,0,0,0,0
2025-03-21,WND-01,Wind,2047.6,2682.8,24,0,0,0.0,0,0,0,0
2025-03-21,WND-02,Wind,1680.5,1577.5,24,0,0,0.0,0,0,0,0
2025-03-22,BAT-01,Battery Energy Storage,128.6,126.2,24,0,0,0.0,0,0,0,0
2025-03-22,BAT-02,Battery Energy Storage,95.7,84.1,24,0,0,0.0,0,0,0,0
2025-03-22,GAS-01,Natural Gas,9057.0,9041.6,24,0,0,0.0,0,0,0,0
2025-03-22,GAS-02,Natural Gas,357.2,352.9,24,0,0,0.0,0,0,0,0
2025-03-22,SOL-01,Solar,1275.5,1184.8,24,0,0,0.0,0,0,0,0
2025-03-22,SOL-02,Solar,588.7,516.9,24,0,0,0.0,0,0,0,0
2025-03-22,WND-01,Wind,2318.3,2313.2,24,0,0,0.0,0,0,0,0
2025-03-22,WND-02,Wind,1655.9,1546.5,24,0,0,0.0,0,0,0,0
2025-03-23,BAT-01,Battery Energy Storage,117.1,125.2,24,0,0,0.0,0,0,0,0
2025-03-23,BAT-02,Battery Energy Storage,83.4,83.5,24,0,0,0.0,0,0,0,0
2025-03-23,GAS-01,Natural Gas,9904.9,9784.1,24,0,0,0.0,0,0,0,0
2025-03-23,GAS-02,Natural Gas,461.3,473.2,24,0,0,0.0,0,0,0,0
2025-03-23,SOL-01,Solar,1263.1,1192.5,24,0,0,0.0,0,0,0,0
2025-03-23,SOL-02,Solar,555.4,520.2,24,0,0,0.0,0,0,0,0
2025-03-23,WND-01,Wind,2744.7,2990.8,24,0,0,0.0,0,0,0,0
2025-03-23,WND-02,Wind,1105.0,1256.6,24,0,0,0.0,0,0,0,0
2025-03-24,BAT-01,Battery Energy Storage,205.5,200.6,24,0,0,0.0,0,0,0,0
2025-03-24,BAT-02,Battery Energy Storage,135.6,133.7,24,0,0,0.0,0,0,0,0
2025-03-24,GAS-01,Natural Gas,8682.5,8651.1,24,0,0,0.0,0,0,0,0
2025-03-24,GAS-02,Natural Gas,453.7,458.4,24,0,0,0.0,0,0,0,0
2025-03-24,SOL-01,Solar,1237.2,1200.3,24,0,0,0.0,0,0,0,0
2025-03-24,SOL-02,Solar,637.8,523.6,24,0,0,0.0,0,0,0,0
2025-03-24,WND-01,Wind,3876.9,3024.4,24,0,0,0.0,0,0,0,0
2025-03-24,WND-02,Wind,2184.2,1709.6,24,0,0,0.0,0,0,0,0
2025-03-25,BAT-01,Battery Energy Storage,185.3,199.2,24,0,0,0.0,0,0,0,0
2025-03-25,BAT-02,Battery Energy Storage,137.2,132.8,24,0,0,0.0,0,0,0,0
2025-03-25,GAS-01,Natural Gas,8020.4,8072.3,24,0,0,0.0,0,0,0,0
2025-03-25,GAS-02,Natural Gas,531.2,539.4,24,0,0,0.0,0,0,0,0
2025-03-25,SOL-01,Solar,1167.9,1208.0,24,0,0,0.0,0,0,0,0
2025-03-25,SOL-02,Solar,481.6,527.0,24,0,0,0.0,0,0,0,0
2025-03-25,WND-01,Wind,1574.0,2838.9,10,0,14,41025.6,2,0,0,0
2025-03-25,WND-02,Wind,3112.1,2152.6,24,0,0,0.0,0,0,0,0
2025-03-26,BAT-01,Battery Energy Storage,219.3,197.9,24,0,0,0.0,0,0,0,0
2025-03-26,BAT-02,Battery Energy Storage,134.7,132.0,24,0,0,0.0,0,0,0,0
2025-03-26,GAS-01,Natural Gas,9305.4,9290.5,24,0,0,0.0,0,0,0,0
2025-03-26,GAS-02,Natural Gas,602.5,598.7,24,0,0,0.0,0,0,0,0
2025-03-26,SOL-01,Solar,1169.9,1215.7,24,0,0,0.0,0,0,0,0
2025-03-26,SOL-02,Solar,225.6,530.3,12,0,12,15867.9,2,0,0,0
2025-03-26,WND-01,Wind,3916.3,3133.4,24,0,0,0.0,0,0,0,0
2025-03-26,WND-02,Wind,3360.0,2091.6,24,0,0,0.0,0,0,0,0
2025-03-27,BAT-01,Battery Energy Storage,203.2,196.7,24,0,0,0.0,0,0,0,0
2025-03-27,BAT-02,Battery Energy Storage,143.2,131.2,24,0,0,0.0,0,0,0,0
2025-03-27,GAS-01,Natural Gas,8048.7,7978.8,24,0,0,0.0,0,0,0,0
2025-03-27,GAS-02,Natural Gas,375.4,498.1,18,0,6,30240.0,1,0,0,0
2025-03-27,SOL-01,Solar,1220.5,1223.3,24,0,0,0.0,0,0,0,0
2025-03-27,SOL-02,Solar,488.4,422.5,19,5,0,4091.61,1,0,0,0
2025-03-27,WND-01,Wind,4070.4,3085.0,24,0,0,0.0,0,0,0,0
2025-03-27,WND-02,Wind,2248.0,1765.6,24,0,0,0.0,0,0,0,0
2025-03-28,BAT-01,Battery Energy Storage,222.4,195.6,24,0,0,0.0,0,0,0,0
2025-03-28,BAT-02,Battery Energy Storage,125.8,130.4,24,0,0,0.0,0,0,0,0
2025-03-28,GAS-01,Natural Gas,8591.6,8470.3,24,0,0,0.0,0,0,0,0
2025-03-28,GAS-02,Natural Gas,316.3,326.9,24,0,0,0.0,0,0,0,0
2025-03-28,SOL-01,Solar,1313.1,1231.0,24,0,0,0.0,0,0,0,0
2025-03-28,SOL-02,Solar,518.6,537.0,24,0,0,0.0,0,0,0,0
2025-03-28,WND-01,Wind,2840.7,3066.5,24,0,0,0.0,0,0,0,0
2025-03-28,WND-02,Wind,1175.5,1325.4,24,0,0,0.0,0,0,0,0
2025-03-29,BAT-01,Battery Energy Storage,113.2,120.6,24,0,0,0.0,0,0,0,0
2025-03-29,BAT-02,Battery Energy Storage,84.2,80.4,24,0,0,0.0,0,0,0,0
2025-03-29,GAS-01,Natural Gas,9034.4,9048.7,24,0,0,0.0,0,0,0,0
2025-03-29,GAS-02,Natural Gas,491.1,492.9,24,0,0,0.0,0,0,0,0
2025-03-29,SOL-01,Solar,1335.6,1238.7,24,0,0,0.0,0,0,0,0
2025-03-29,SOL-02,Solar,641.0,540.4,24,0,0,0.0,0,0,0,0
2025-03-29,WND-01,Wind,2148.5,2539.1,24,0,0,0.0,0,0,0,0
2025-03-29,WND-02,Wind,2232.7,1693.7,24,0,0,0.0,0,0,0,0
2025-03-30,BAT-01,Battery Energy Storage,131.2,120.0,24,0,0,0.0,0,0,0,0
2025-03-30,BAT-02,Battery Energy Storage,80.8,80.0,24,0,0,0.0,0,0,0,0
2025-03-30,GAS-01,Natural Gas,8593.0,8766.4,24,0,0,0.0,0,0,0,0
2025-03-30,GAS-02,Natural Gas,801.0,793.3,24,0,0,0.0,0,0,0,0
2025-03-30,SOL-01,Solar,1284.5,1246.3,24,0,0,0.0,0,0,0,0
2025-03-30,SOL-02,Solar,610.7,543.7,24,0,0,0.0,0,0,0,0
2025-03-30,WND-01,Wind,1609.8,2302.7,24,0,0,0.0,0,0,0,0
2025-03-30,WND-02,Wind,2296.3,1952.1,24,0,0,0.0,0,0,0,0
2025-03-31,BAT-01,Battery Energy Storage,171.9,192.7,24,0,0,0.0,0,0,0,0
2025-03-31,BAT-02,Battery Energy Storage,136.0,128.5,24,0,0,0.0,0,0,0,0
2025-03-31,GAS-01,Natural Gas,8546.3,8726.2,24,0,0,0.0,0,0,0,0
2025-03-31,GAS-02,Natural Gas,678.7,677.5,24,0,0,0.0,0,0,0,0
2025-03-31,SOL-01,Solar,1200.7,1254.0,24,0,0,0.0,0,0,0,0
2025-03-31,SOL-02,Solar,427.5,547.0,24,0,0,0.0,0,0,0,0
2025-03-31,WND-01,Wind,1112.4,2247.8,24,0,0,0.0,0,0,0,0
2025-03-31,WND-02,Wind,2155.9,1822.5,24,0,0,0.0,0,0,0,0
2025-04-01,BAT-01,Battery Energy Storage,194.3,191.9,24,0,0,0.0,0,0,0,0
2025-04-01,BAT-02,Battery Energy Storage,126.3,127.9,24,0,0,0.0,0,0,0,0
2025-04-01,GAS-01,Natural Gas,8244.8,8277.2,24,0,0,0.0,0,0,0,0
2025-04-01,GAS-02,Natural Gas,123.3,123.1,24,0,0,0.0,0,0,0,0
2025-04-01,SOL-01,Solar,1305.5,1261.6,24,0,0,0.0,0,0,0,0
2025-04-01,SOL-02,Solar,436.6,550.4,24,0,0,0.0,0,0,0,0
2025-04-01,WND-01,Wind,1967.5,2622.9,24,0,0,0.0,0,0,0,0
2025-04-01,WND-02,Wind,1345.7,1378.5,24,0,0,0.0,0,0,0,0
2025-04-02,BAT-01,Battery Energy Storage,183.9,191.2,24,0,0,0.0,0,0,0,0
2025-04-02,BAT-02,Battery Energy Storage,124.8,127.4,24,0,0,0.0,0,0,0,0
2025-04-02,GAS-01,Natural Gas,8560.8,8807.9,24,0,0,0.0,0,0,0,0
2025-04-02,GAS-02,Natural Gas,485.5,487.6,24,0,0,0.0,0,0,0,0
2025-04-02,SOL-01,Solar,1294.4,1269.1,24,0,0,0.0,0,0,0,0
2025-04-02,SOL-02,Solar,628.5,553.7,24,0,0,0.0,0,0,0,0
2025-04-02,WND-01,Wind,2320.0,2678.4,24,0,0,0.0,0,0,0,0
2025-04-02,WND-02,Wind,1667.3,1505.8,24,0,0,0.0,0,0,0,0
2025-04-03,BAT-01,Battery Energy Storage,185.4,190.5,24,0,0,0.0,0,0,0,0
2025-04-03,BAT-02,Battery Energy Storage,132.6,127.0,24,0,0,0.0,0,0,0,0
2025-04-03,GAS-01,Natural Gas,9467.7,9268.1,24,0,0,0.0,0,0,0,0
2025-04-03,GAS-02,Natural Gas,584.3,591.9,24,0,0,0.0,0,0,0,0
2025-04-03,SOL-01,Solar,1358.0,1276.7,24,0,0,0.0,0,0,0,0
2025-04-03,SOL-02,Solar,321.2,557.0,24,0,0,0.0,0,0,0,0
2025-04-03,WND-01,Wind,2442.1,2861.3,24,0,0,0.0,0,0,0,0
2025-04-03,WND-02,Wind,796.5,1067.0,24,0,0,0.0,0,0,0,0
2025-04-04,BAT-01,Battery Energy Storage,184.1,189.9,24,0,0,0.0,0,0,0,0
2025-04-04,BAT-02,Battery Energy Storage,129.3,126.6,24,0,0,0.0,0,0,0,0
2025-04-04,GAS-01,Natural Gas,8885.1,8821.9,24,0,0,0.0,0,0,0,0
2025-04-04,GAS-02,Natural Gas,458.0,458.1,24,0,0,0.0,0,0,0,0
2025-04-04,SOL-01,Solar,1223.3,1284.2,24,0,0,0.0,0,0,0,0
2025-04-04,SOL-02,Solar,282.0,560.2,24,0,0,0.0,0,0,0,0
2025-04-04,WND-01,Wind,951.5,2096.2,24,0,0,0.0,0,0,0,0
2025-04-04,WND-02,Wind,1464.7,1375.2,24,0,0,0.0,0,0,0,0
2025-04-05,BAT-01,Battery Energy Storage,111.0,117.5,24,0,0,0.0,0,0,0,0
2025-04-05,BAT-02,Battery Energy Storage,74.5,78.3,24,0,0,0.0,0,0,0,0
2025-04-05,GAS-01,Natural Gas,8371.9,8436.2,24,0,0,0.0,0,0,0,0
2025-04-05,GAS-02,Natural Gas,425.1,424.8,24,0,0,0.0,0,0,0,0
2025-04-05,SOL-01,Solar,1225.2,1291.7,24,0,0,0.0,0,0,0,0
2025-04-05,SOL-02,Solar,685.4,563.5,24,0,0,0.0,0,0,0,0
2025-04-05,WND-01,Wind,2623.4,2631.7,24,0,0,0.0,0,0,0,0
2025-04-05,WND-02,Wind,2495.5,1783.0,24,0,0,0.0,0,0,0,0
2025-04-06,BAT-01,Battery Energy Storage,108.4,117.2,24,0,0,0.0,0,0,0,0
2025-04-06,BAT-02,Battery Energy Storage,84.5,78.1,24,0,0,0.0,0,0,0,0
2025-04-06,GAS-01,Natural Gas,8137.1,8246.9,24,0,0,0.0,0,0,0,0
2025-04-06,GAS-02,Natural Gas,451.3,448.0,24,0,0,0.0,0,0,0,0
2025-04-06,SOL-01,Solar,1299.9,1299.2,24,0,0,0.0,0,0,0,0
2025-04-06,SOL-02,Solar,561.1,566.8,24,0,0,0.0,0,0,0,0
2025-04-06,WND-01,Wind,2027.4,2650.0,24,0,0,0.0,0,0,0,0
2025-04-06,WND-02,Wind,3360.0,2140.5,24,0,0,0.0,0,0,0,0
2025-04-07,BAT-01,Battery Energy Storage,183.7,188.7,24,0,0,0.0,0,0,0,0
2025-04-07,BAT-02,Battery Energy Storage,131.4,125.8,24,0,0,0.0,0,0,0,0
2025-04-07,GAS-01,Natural Gas,0.0,0.0,0,24,0,78226.37,4,0,0,0
2025-04-07,GAS-02,Natural Gas,550.8,546.3,24,0,0,0.0,0,0,0,0
2025-04-07,SOL-01,Solar,1340.2,1306.6,24,0,0,0.0,0,0,0,0
2025-04-07,SOL-02,Solar,529.4,570.0,24,0,0,0.0,0,0,0,0
2025-04-07,WND-01,Wind,3557.5,2879.4,24,0,0,0.0,0,0,0,0
2025-04-07,WND-02,Wind,3073.7,2026.5,24,0,0,0.0,0,0,0,0
2025-04-08,BAT-01,Battery Energy Storage,189.8,188.5,24,0,0,0.0,0,0,0,0
2025-04-08,BAT-02,Battery Energy Storage,125.1,125.7,24,0,0,0.0,0,0,0,0
2025-04-08,GAS-01,Natural Gas,0.0,0.0,0,24,0,81585.5,3,0,0,0
2025-04-08,GAS-02,Natural Gas,342.5,342.2,24,0,0,0.0,0,0,0,0
2025-04-08,SOL-01,Solar,1329.2,1314.0,24,0,0,0.0,0,0,0,0
2025-04-08,SOL-02,Solar,408.6,573.2,24,0,0,0.0,0,0,0,0
2025-04-08,WND-01,Wind,2285.6,2465.5,24,0,0,0.0,0,0,0,0
2025-04-08,WND-02,Wind,1247.9,1159.9,24,0,0,0.0,0,0,0,0
2025-04-09,BAT-01,Battery Energy Storage,201.5,188.3,24,0,0,0.0,0,0,0,0
2025-04-09,BAT-02,Battery Energy Storage,122.0,125.6,24,0,0,0.0,0,0,0,0
2025-04-09,GAS-01,Natural Gas,0.0,0.0,0,24,0,81050.81,2,0,0,0
2025-04-09,GAS-02,Natural Gas,630.8,622.6,24,0,0,0.0,0,0,0,0
2025-04-09,SOL-01,Solar,1348.2,1321.4,24,0,0,0.0,0,0,0,0
2025-04-09,SOL-02,Solar,554.9,576.5,24,0,0,0.0,0,0,0,0
2025-04-09,WND-01,Wind,1842.1,2670.5,24,0,0,0.0,0,0,0,0
2025-04-09,WND-02,Wind,1424.4,1507.8,24,0,0,0.0,0,0,0,0
2025-04-10,BAT-01,Battery Energy Storage,191.6,188.3,24,0,0,0.0,0,0,0,0
2025-04-10,BAT-02,Battery Energy Storage,128.3,125.5,24,0,0,0.0,0,0,0,0
2025-04-10,GAS-01,Natural Gas,0.0,0.0,0,24,0,86783.29,4,0,0,1
2025-04-10,GAS-02,Natural Gas,471.2,473.3,24,0,0,0.0,0,0,0,0
2025-04-10,SOL-01,Solar,1179.2,1328.7,24,0,0,0.0,0,0,0,0
2025-04-10,SOL-02,Solar,721.9,579.6,24,0,0,0.0,0,0,0,0
2025-04-10,WND-01,Wind,792.5,2208.3,24,0,0,0.0,0,0,0,0
2025-04-10,WND-02,Wind,3110.4,1898.7,24,0,0,0.0,0,0,0,0
2025-04-11,BAT-01,Battery Energy Storage,201.5,188.3,24,0,0,0.0,0,0,0,0
2025-04-11,BAT-02,Battery Energy Storage,130.5,125.5,24,0,0,0.0,0,0,0,0
2025-04-11,GAS-01,Natural Gas,0.0,0.0,0,24,0,98057.51,2,0,0,0
2025-04-11,GAS-02,Natural Gas,361.4,367.8,24,0,0,0.0,0,0,0,0
2025-04-11,SOL-01,Solar,1315.5,1336.0,24,0,0,0.0,0,0,0,0
2025-04-11,SOL-02,Solar,514.9,582.8,24,0,0,0.0,0,0,0,0
2025-04-11,WND-01,Wind,1421.2,2119.3,24,0,0,0.0,0,0,0,0
2025-04-11,WND-02,Wind,883.4,701.9,13,11,0,17992.96,1,0,0,0
2025-04-12,BAT-01,Battery Energy Storage,106.4,116.8,24,0,0,0.0,0,0,0,0
2025-04-12,BAT-02,Battery Energy Storage,70.4,77.9,24,0,0,0.0,0,0,0,0
2025-04-12,GAS-01,Natural Gas,0.0,0.0,0,24,0,75040.23,4,0,0,0
2025-04-12,GAS-02,Natural Gas,618.4,614.9,24,0,0,0.0,0,0,0,0
2025-04-12,SOL-01,Solar,1341.9,1343.2,24,0,0,0.0,0,0,0,0
2025-04-12,SOL-02,Solar,741.1,586.0,24,0,0,0.0,0,0,0,0
2025-04-12,WND-01,Wind,1086.2,1888.6,24,0,0,0.0,0,0,0,0
2025-04-12,WND-02,Wind,1454.4,1560.1,24,0,0,0.0,0,0,0,0
2025-04-13,BAT-01,Battery Energy Storage,113.9,116.9,24,0,0,0.0,0,0,0,0
2025-04-13,BAT-02,Battery Energy Storage,79.7,77.9,24,0,0,0.0,0,0,0,0
2025-04-13,GAS-01,Natural Gas,0.0,0.0,0,24,0,81239.56,2,0,0,0
2025-04-13,GAS-02,Natural Gas,295.0,294.6,24,0,0,0.0,0,0,0,0
2025-04-13,SOL-01,Solar,1483.9,1350.4,24,0,0,0.0,0,0,0,0
2025-04-13,SOL-02,Solar,638.5,589.1,24,0,0,0.0,0,0,0,0
2025-04-13,WND-01,Wind,872.4,2193.8,24,0,0,0.0,0,0,0,0
2025-04-13,WND-02,Wind,2498.0,1930.4,24,0,0,0.0,0,0,0,0
2025-04-14,BAT-01,Battery Energy Storage,196.9,188.8,24,0,0,0.0,0,0,0,0
2025-04-14,BAT-02,Battery Energy Storage,130.8,125.9,24,0,0,0.0,0,0,0,0
2025-04-14,GAS-01,Natural Gas,0.0,0.0,0,24,0,92621.73,2,0,0,0
2025-04-14,GAS-02,Natural Gas,2908.5,2891.2,24,0,0,0.0,0,0,0,0
2025-04-14,SOL-01,Solar,1447.6,1357.5,24,0,0,0.0,0,0,0,0
2025-04-14,SOL-02,Solar,556.5,592.2,24,0,0,0.0,0,0,0,0
2025-04-14,WND-01,Wind,585.8,1917.8,24,0,0,0.0,0,0,0,0
2025-04-14,WND-02,Wind,2475.1,1738.6,24,0,0,0.0,0,0,0,0
2025-04-15,BAT-01,Battery Energy Storage,193.0,189.1,24,0,0,0.0,0,0,0,0
2025-04-15,BAT-02,Battery Energy Storage,108.3,126.1,24,0,0,0.0,0,0,0,0
2025-04-15,GAS-01,Natural Gas,0.0,0.0,0,24,0,71633.1,3,0,0,0
2025-04-15,GAS-02,Natural Gas,405.2,411.4,24,0,0,0.0,0,0,0,0
2025-04-15,SOL-01,Solar,1372.7,1364.6,24,0,0,0.0,0,0,0,0
2025-04-15,SOL-02,Solar,559.1,595.3,24,0,0,0.0,0,0,0,0
2025-04-15,WND-01,Wind,1468.4,2184.2,24,0,0,0.0,0,0,0,0
2025-04-15,WND-02,Wind,3360.0,2314.6,24,0,0,0.0,0,0,0,0
2025-04-16,BAT-01,Battery Energy Storage,179.8,189.6,24,0,0,0.0,0,0,0,0
2025-04-16,BAT-02,Battery Energy Storage,127.9,126.4,24,0,0,0.0,0,0,0,0
2025-04-16,GAS-01,Natural Gas,0.0,0.0,0,24,0,97091.31,2,0,0,0
2025-04-16,GAS-02,Natural Gas,753.1,737.3,24,0,0,0.0,0,0,0,0
2025-04-16,SOL-01,Solar,1489.8,1371.6,24,0,0,0.0,0,0,0,0
2025-04-16,SOL-02,Solar,495.6,598.4,24,0,0,0.0,0,0,0,0
2025-04-16,WND-01,Wind,2169.7,2301.6,24,0,0,0.0,0,0,0,0
2025-04-16,WND-02,Wind,2226.3,1726.0,24,0,0,0.0,0,0,0,0
2025-04-17,BAT-01,Battery Energy Storage,200.7,190.1,24,0,0,0.0,0,0,0,0
2025-04-17,BAT-02,Battery Energy Storage,132.0,126.7,24,0,0,0.0,0,0,0,0
2025-04-17,GAS-01,Natural Gas,0.0,0.0,0,24,0,101363.13,2,0,0,0
2025-04-17,GAS-02,Natural Gas,401.2,397.8,24,0,0,0.0,0,0,0,0
2025-04-17,SOL-01,Solar,1425.5,1378.6,24,0,0,0.0,0,0,0,0
2025-04-17,SOL-02,Solar,732.1,601.4,24,0,0,0.0,0,0,0,0
2025-04-17,WND-01,Wind,3475.5,2889.4,24,0,0,0.0,0,0,0,0
2025-04-17,WND-02,Wind,1100.9,1423.0,24,0,0,0.0,0,0,0,0
2025-04-18,BAT-01,Battery Energy Storage,184.6,190.6,24,0,0,0.0,0,0,0,0
2025-04-18,BAT-02,Battery Energy Storage,131.5,127.1,24,0,0,0.0,0,0,0,0
2025-04-18,GAS-01,Natural Gas,0.0,0.0,0,24,0,89887.45,2,0,0,0
2025-04-18,GAS-02,Natural Gas,220.6,221.4,24,0,0,0.0,0,0,0,0
2025-04-18,SOL-01,Solar,1456.0,1385.5,24,0,0,0.0,0,0,0,0
2025-04-18,SOL-02,Solar,599.6,604.4,24,0,0,0.0,0,0,0,0
2025-04-18,WND-01,Wind,1353.7,2543.7,12,0,12,35164.8,2,0,0,0
2025-04-18,WND-02,Wind,2092.1,1669.1,24,0,0,0.0,0,0,0,0
2025-04-19,BAT-01,Battery Energy Storage,113.1,118.6,24,0,0,0.0,0,0,0,0
2025-04-19,BAT-02,Battery Energy Storage,82.9,79.1,24,0,0,0.0,0,0,0,0
2025-04-19,GAS-01,Natural Gas,9078.8,9152.6,24,0,0,0.0,0,0,0,0
2025-04-19,GAS-02,Natural Gas,405.6,410.2,24,0,0,0.0,0,0,0,0
2025-04-19,SOL-01,Solar,1498.4,1392.3,24,0,0,0.0,0,0,0,0
2025-04-19,SOL-02,Solar,667.5,607.4,24,0,0,0.0,0,0,0,0
2025-04-19,WND-01,Wind,2776.1,2419.8,24,0,0,0.0,0,0,0,0
2025-04-19,WND-02,Wind,897.4,974.9,24,0,0,0.0,0,0,0,0
2025-04-20,BAT-01,Battery Energy Storage,91.9,89.3,18,6,0,2873.39,1,0,0,0
2025-04-20,BAT-02,Battery Energy Storage,77.8,79.4,24,0,0,0.0,0,0,0,0
2025-04-20,GAS-01,Natural Gas,8788.7,8874.6,24,0,0,0.0,0,0,0,0
2025-04-20,GAS-02,Natural Gas,541.6,534.7,24,0,0,0.0,0,0,0,0
2025-04-20,SOL-01,Solar,1531.6,1399.1,24,0,0,0.0,0,0,0,0
2025-04-20,SOL-02,Solar,614.7,610.4,24,0,0,0.0,0,0,0,0
2025-04-20,WND-01,Wind,1853.0,2261.5,24,0,0,0.0,0,0,0,0
2025-04-20,WND-02,Wind,923.8,1431.9,24,0,0,0.0,0,0,0,0
2025-04-21,BAT-01,Battery Energy Storage,192.9,192.9,24,0,0,0.0,0,0,0,0
2025-04-21,BAT-02,Battery Energy Storage,120.6,128.6,24,0,0,0.0,0,0,0,0
2025-04-21,GAS-01,Natural Gas,8907.5,8975.6,24,0,0,0.0,0,0,0,0
2025-04-21,GAS-02,Natural Gas,566.5,574.1,24,0,0,0.0,0,0,0,0
2025-04-21,SOL-01,Solar,1421.4,1405.8,24,0,0,0.0,0,0,0,0
2025-04-21,SOL-02,Solar,689.2,613.3,24,0,0,0.0,0,0,0,0
2025-04-21,WND-01,Wind,1801.5,2266.1,24,0,0,0.0,0,0,0,0
2025-04-21,WND-02,Wind,1023.2,1334.4,24,0,0,0.0,0,0,0,0
2025-04-22,BAT-01,Battery Energy Storage,187.7,193.8,24,0,0,0.0,0,0,0,0
2025-04-22,BAT-02,Battery Energy Storage,115.2,129.2,24,0,0,0.0,0,0,0,0
2025-04-22,GAS-01,Natural Gas,7926.2,8018.5,24,0,0,0.0,0,0,0,0
2025-04-22,GAS-02,Natural Gas,773.6,753.2,24,0,0,0.0,0,0,0,0
2025-04-22,SOL-01,Solar,1541.0,1412.5,24,0,0,0.0,0,0,0,0
2025-04-22,SOL-02,Solar,663.1,616.2,24,0,0,0.0,0,0,0,0
2025-04-22,WND-01,Wind,1653.1,2069.1,24,0,0,0.0,0,0,0,0
2025-04-22,WND-02,Wind,1881.5,1408.2,24,0,0,0.0,0,0,0,0
2025-04-23,BAT-01,Battery Energy Storage,188.2,194.7,24,0,0,0.0,0,0,0,0
2025-04-23,BAT-02,Battery Energy Storage,138.3,129.8,24,0,0,0.0,0,0,0,0
2025-04-23,GAS-01,Natural Gas,8257.8,8303.7,24,0,0,0.0,0,0,0,0
2025-04-23,GAS-02,Natural Gas,644.1,648.8,24,0,0,0.0,0,0,0,0
2025-04-23,SOL-01,Solar,1323.7,1419.1,24,0,0,0.0,0,0,0,0
2025-04-23,SOL-02,Solar,523.7,619.1,24,0,0,0.0,0,0,0,0
2025-04-23,WND-01,Wind,2141.5,2519.0,24,0,0,0.0,0,0,0,0
2025-04-23,WND-02,Wind,2089.2,1398.2,24,0,0,0.0,0,0,0,0
2025-04-24,BAT-01,Battery Energy Storage,183.2,195.8,24,0,0,0.0,0,0,0,0
2025-04-24,BAT-02,Battery Energy Storage,136.0,130.5,24,0,0,0.0,0,0,0,0
2025-04-24,GAS-01,Natural Gas,7730.9,7673.8,24,0,0,0.0,0,0,0,0
2025-04-24,GAS-02,Natural Gas,512.9,502.6,24,0,0,0.0,0,0,0,0
2025-04-24,SOL-01,Solar,1501.9,1425.6,24,0,0,0.0,0,0,0,0
2025-04-24,SOL-02,Solar,581.9,621.9,24,0,0,0.0,0,0,0,0
2025-04-24,WND-01,Wind,2879.6,2862.9,24,0,0,0.0,0,0,0,0
2025-04-24,WND-02,Wind,2083.4,1612.7,24,0,0,0.0,0,0,0,0
2025-04-25,BAT-01,Battery Energy Storage,192.2,196.9,24,0,0,0.0,0,0,0,0
2025-04-25,BAT-02,Battery Energy Storage,140.5,131.3,24,0,0,0.0,0,0,0,0
2025-04-25,GAS-01,Natural Gas,9795.0,9597.5,24,0,0,0.0,0,0,0,0
2025-04-25,GAS-02,Natural Gas,372.2,373.0,24,0,0,0.0,0,0,0,0
2025-04-25,SOL-01,Solar,1466.6,1432.0,24,0,0,0.0,0,0,0,0
2025-04-25,SOL-02,Solar,547.7,624.7,24,0,0,0.0,0,0,0,0
2025-04-25,WND-01,Wind,3423.0,2970.1,24,0,0,0.0,0,0,0,0
2025-04-25,WND-02,Wind,1008.2,905.6,17,7,0,8590.23,1,0,0,0
2025-04-26,BAT-01,Battery Energy Storage,130.9,122.8,24,0,0,0.0,0,0,0,0
2025-04-26,BAT-02,Battery Energy Storage,78.3,81.9,24,0,0,0.0,0,0,0,0
2025-04-26,GAS-01,Natural Gas,9308.8,9505.6,24,0,0,0.0,0,0,0,0
2025-04-26,GAS-02,Natural Gas,687.7,674.9,24,0,0,0.0,0,0,0,0
2025-04-26,SOL-01,Solar,1501.1,1438.4,24,0,0,0.0,0,0,0,0
2025-04-26,SOL-02,Solar,657.2,627.5,24,0,0,0.0,0,0,0,0
2025-04-26,WND-01,Wind,2547.4,2386.4,24,0,0,0.0,0,0,0,0
2025-04-26,WND-02,Wind,2281.3,1644.5,24,0,0,0.0,0,0,0,0
2025-04-27,BAT-01,Battery Energy Storage,125.4,123.6,24,0,0,0.0,0,0,0,0
2025-04-27,BAT-02,Battery Energy Storage,86.4,82.4,24,0,0,0.0,0,0,0,0
2025-04-27,GAS-01,Natural Gas,8852.0,8991.0,24,0,0,0.0,0,0,0,0
2025-04-27,GAS-02,Natural Gas,431.9,435.8,24,0,0,0.0,0,0,0,0
2025-04-27,SOL-01,Solar,1391.0,1444.7,24,0,0,0.0,0,0,0,0
2025-04-27,SOL-02,Solar,719.8,630.3,24,0,0,0.0,0,0,0,0
2025-04-27,WND-01,Wind,3171.2,2823.8,24,0,0,0.0,0,0,0,0
2025-04-27,WND-02,Wind,3360.0,2675.9,24,0,0,0.0,0,0,0,0
2025-04-28,BAT-01,Battery Energy Storage,212.3,200.8,24,0,0,0.0,0,0,0,0
2025-04-28,BAT-02,Battery Energy Storage,121.8,133.8,24,0,0,0.0,0,0,0,0
2025-04-28,GAS-01,Natural Gas,8789.8,8874.1,24,0,0,0.0,0,0,0,0
2025-04-28,GAS-02,Natural Gas,401.1,401.0,24,0,0,0.0,0,0,0,0
2025-04-28,SOL-01,Solar,1578.8,1450.9,24,0,0,0.0,0,0,0,0
2025-04-28,SOL-02,Solar,424.7,633.0,24,0,0,0.0,0,0,0,0
2025-04-28,WND-01,Wind,2905.7,2575.2,24,0,0,0.0,0,0,0,0
2025-04-28,WND-02,Wind,3360.0,2075.7,24,0,0,0.0,0,0,0,0
2025-04-29,BAT-01,Battery Energy Storage,208.4,202.2,24,0,0,0.0,0,0,0,0
2025-04-29,BAT-02,Battery Energy Storage,127.8,134.8,24,0,0,0.0,0,0,0,0
2025-04-29,GAS-01,Natural Gas,8183.5,8109.0,24,0,0,0.0,0,0,0,0
2025-04-29,GAS-02,Natural Gas,434.1,430.0,24,0,0,0.0,0,0,0,0
2025-04-29,SOL-01,Solar,1560.9,1457.1,24,0,0,0.0,0,0,0,0
2025-04-29,SOL-02,Solar,718.5,635.6,24,0,0,0.0,0,0,0,0
2025-04-29,WND-01,Wind,2529.4,2156.9,24,0,0,0.0,0,0,0,0
2025-04-29,WND-02,Wind,2913.5,1619.0,24,0,0,0.0,0,0,0,0
2025-04-30,BAT-01,Battery Energy Storage,196.2,203.7,24,0,0,0.0,0,0,0,0
2025-04-30,BAT-02,Battery Energy Storage,136.8,135.8,24,0,0,0.0,0,0,0,0
2025-04-30,GAS-01,Natural Gas,8691.9,8713.3,24,0,0,0.0,0,0,0,0
2025-04-30,GAS-02,Natural Gas,332.3,329.7,24,0,0,0.0,0,0,0,0
2025-04-30,SOL-01,Solar,1522.7,1463.1,24,0,0,0.0,0,0,0,0
2025-04-30,SOL-02,Solar,726.0,638.3,24,0,0,0.0,0,0,0,0
2025-04-30,WND-01,Wind,2022.7,2384.5,24,0,0,0.0,0,0,0,0
2025-04-30,WND-02,Wind,1187.5,1271.4,24,0,0,0.0,0,0,0,0
2025-05-01,BAT-01,Battery Energy Storage,184.9,205.3,24,0,0,0.0,0,0,0,0
2025-05-01,BAT-02,Battery Energy Storage,142.3,136.8,24,0,0,0.0,0,0,0,0
2025-05-01,GAS-01,Natural Gas,9542.2,9625.8,24,0,0,0.0,0,0,0,0
2025-05-01,GAS-02,Natural Gas,429.8,424.2,24,0,0,0.0,0,0,0,0
2025-05-01,SOL-01,Solar,1461.2,1469.1,24,0,0,0.0,0,0,0,0
2025-05-01,SOL-02,Solar,571.1,640.9,24,0,0,0.0,0,0,0,0
2025-05-01,WND-01,Wind,1763.1,2170.2,24,0,0,0.0,0,0,0,0
2025-05-01,WND-02,Wind,784.0,999.3,24,0,0,0.0,0,0,0,0
2025-05-02,BAT-01,Battery Energy Storage,195.4,206.9,24,0,0,0.0,0,0,0,0
2025-05-02,BAT-02,Battery Energy Storage,151.8,137.9,24,0,0,0.0,0,0,0,0
2025-05-02,GAS-01,Natural Gas,8948.7,8872.4,24,0,0,0.0,0,0,0,0
2025-05-02,GAS-02,Natural Gas,449.4,452.0,24,0,0,0.0,0,0,0,0
2025-05-02,SOL-01,Solar,1623.5,1475.0,24,0,0,0.0,0,0,0,0
2025-05-02,SOL-02,Solar,520.3,643.5,24,0,0,0.0,0,0,0,0
2025-05-02,WND-01,Wind,3052.5,3177.5,24,0,0,0.0,0,0,0,0
2025-05-02,WND-02,Wind,823.9,1099.8,24,0,0,0.0,0,0,0,0
2025-05-03,BAT-01,Battery Energy Storage,124.1,129.3,24,0,0,0.0,0,0,0,0
2025-05-03,BAT-02,Battery Energy Storage,85.0,86.2,24,0,0,0.0,0,0,0,0
2025-05-03,GAS-01,Natural Gas,8654.9,8556.7,24,0,0,0.0,0,0,0,0
2025-05-03,GAS-02,Natural Gas,568.3,567.7,24,0,0,0.0,0,0,0,0
2025-05-03,SOL-01,Solar,1351.5,1480.8,24,0,0,0.0,0,0,0,0
2025-05-03,SOL-02,Solar,658.1,646.0,24,0,0,0.0,0,0,0,0
2025-05-03,WND-01,Wind,3049.7,2906.7,24,0,0,0.0,0,0,0,0
2025-05-03,WND-02,Wind,649.3,841.0,24,0,0,0.0,0,0,0,0
2025-05-04,BAT-01,Battery Energy Storage,124.6,130.4,24,0,0,0.0,0,0,0,0
2025-05-04,BAT-02,Battery Energy Storage,61.8,65.2,18,6,0,3308.02,1,0,0,0
2025-05-04,GAS-01,Natural Gas,8013.5,8015.3,24,0,0,0.0,0,0,0,0
2025-05-04,GAS-02,Natural Gas,439.9,433.4,24,0,0,0.0,0,0,0,0
2025-05-04,SOL-01,Solar,1550.6,1486.5,24,0,0,0.0,0,0,0,0
2025-05-04,SOL-02,Solar,736.3,648.5,24,0,0,0.0,0,0,0,0
2025-05-04,WND-01,Wind,2953.7,2698.3,24,0,0,0.0,0,0,0,0
2025-05-04,WND-02,Wind,863.4,1056.2,24,0,0,0.0,0,0,0,0
2025-05-05,BAT-01,Battery Energy Storage,224.7,212.2,24,0,0,0.0,0,0,0,0
2025-05-05,BAT-02,Battery Energy Storage,133.7,141.5,24,0,0,0.0,0,0,0,0
2025-05-05,GAS-01,Natural Gas,9346.5,9438.9,24,0,0,0.0,0,0,0,0
2025-05-05,GAS-02,Natural Gas,325.1,327.9,24,0,0,0.0,0,0,0,0
2025-05-05,SOL-01,Solar,1463.3,1492.1,24,0,0,0.0,0,0,0,0
2025-05-05,SOL-02,Solar,698.4,650.9,24,0,0,0.0,0,0,0,0
2025-05-05,WND-01,Wind,2589.2,2464.6,24,0,0,0.0,0,0,0,0
2025-05-05,WND-02,Wind,2330.1,1685.9,24,0,0,0.0,0,0,0,0
2025-05-06,BAT-01,Battery Energy Storage,226.6,214.1,24,0,0,0.0,0,0,0,0
2025-05-06,BAT-02,Battery Energy Storage,136.9,142.7,24,0,0,0.0,0,0,0,0
2025-05-06,GAS-01,Natural Gas,8809.5,8781.0,24,0,0,0.0,0,0,0,0
2025-05-06,GAS-02,Natural Gas,289.5,287.5,24,0,0,0.0,0,0,0,0
2025-05-06,SOL-01,Solar,1383.8,1497.7,24,0,0,0.0,0,0,0,0
2025-05-06,SOL-02,Solar,626.2,653.4,24,0,0,0.0,0,0,0,0
2025-05-06,WND-01,Wind,4230.3,2982.9,24,0,0,0.0,0,0,0,0
2025-05-06,WND-02,Wind,2855.7,1832.7,24,0,0,0.0,0,0,0,0
2025-05-07,BAT-01,Battery Energy Storage,244.8,216.1,24,0,0,0.0,0,0,0,0
2025-05-07,BAT-02,Battery Energy Storage,163.3,144.1,24,0,0,0.0,0,0,0,0
2025-05-07,GAS-01,Natural Gas,7993.5,8015.9,24,0,0,0.0,0,0,0,0
2025-05-07,GAS-02,Natural Gas,503.8,505.1,24,0,0,0.0,0,0,0,0
2025-05-07,SOL-01,Solar,1561.9,1503.1,24,0,0,0.0,0,0,0,0
2025-05-07,SOL-02,Solar,347.3,655.7,14,0,10,13223.25,1,0,0,0
2025-05-07,WND-01,Wind,4627.7,2833.9,24,0,0,0.0,0,0,0,0
2025-05-07,WND-02,Wind,1987.9,1354.3,24,0,0,0.0,0,0,0,0
2025-05-08,BAT-01,Battery Energy Storage,208.1,218.1,24,0,0,0.0,0,0,0,0
2025-05-08,BAT-02,Battery Energy Storage,152.0,145.4,24,0,0,0.0,0,0,0,0
2025-05-08,GAS-01,Natural Gas,8369.3,8393.6,24,0,0,0.0,0,0,0,0
2025-05-08,GAS-02,Natural Gas,489.9,488.7,24,0,0,0.0,0,0,0,0
2025-05-08,SOL-01,Solar,1622.5,1508.5,24,0,0,0.0,0,0,0,0
2025-05-08,SOL-02,Solar,797.5,658.1,24,0,0,0.0,0,0,0,0
2025-05-08,WND-01,Wind,3402.3,2283.4,24,0,0,0.0,0,0,0,0
2025-05-08,WND-02,Wind,806.0,906.1,24,0,0,0.0,0,0,0,0
2025-05-09,BAT-01,Battery Energy Storage,241.3,220.2,24,0,0,0.0,0,0,0,0
2025-05-09,BAT-02,Battery Energy Storage,156.6,146.8,24,0,0,0.0,0,0,0,0
2025-05-09,GAS-01,Natural Gas,8182.7,8233.3,24,0,0,0.0,0,0,0,0
2025-05-09,GAS-02,Natural Gas,413.9,413.5,24,0,0,0.0,0,0,0,0
2025-05-09,SOL-01,Solar,1648.1,1513.7,24,0,0,0.0,0,0,0,0
2025-05-09,SOL-02,Solar,633.9,660.4,24,0,0,0.0,0,0,0,0
2025-05-09,WND-01,Wind,2882.5,2297.1,24,0,0,0.0,0,0,0,0
2025-05-09,WND-02,Wind,1925.2,1440.8,24,0,0,0.0,0,0,0,0
2025-05-10,BAT-01,Battery Energy Storage,151.0,137.9,24,0,0,0.0,0,0,0,0
2025-05-10,BAT-02,Battery Energy Storage,90.6,91.9,24,0,0,0.0,0,0,0,0
2025-05-10,GAS-01,Natural Gas,8850.2,8753.0,24,0,0,0.0,0,0,0,0
2025-05-10,GAS-02,Natural Gas,419.9,423.9,24,0,0,0.0,0,0,0,0
2025-05-10,SOL-01,Solar,1537.2,1518.9,24,0,0,0.0,0,0,0,0
2025-05-10,SOL-02,Solar,669.3,662.6,24,0,0,0.0,0,0,0,0
2025-05-10,WND-01,Wind,2559.4,2361.7,24,0,0,0.0,0,0,0,0
2025-05-10,WND-02,Wind,1565.0,1395.0,24,0,0,0.0,0,0,0,0
2025-05-11,BAT-01,Battery Energy Storage,137.3,139.2,24,0,0,0.0,0,0,0,0
2025-05-11,BAT-02,Battery Energy Storage,92.8,92.8,24,0,0,0.0,0,0,0,0
2025-05-11,GAS-01,Natural Gas,8933.6,8906.8,24,0,0,0.0,0,0,0,0
2025-05-11,GAS-02,Natural Gas,525.0,526.6,24,0,0,0.0,0,0,0,0
2025-05-11,SOL-01,Solar,1591.8,1523.9,24,0,0,0.0,0,0,0,0
2025-05-11,SOL-02,Solar,793.7,664.8,24,0,0,0.0,0,0,0,0
2025-05-11,WND-01,Wind,2565.7,1922.6,24,0,0,0.0,0,0,0,0
2025-05-11,WND-02,Wind,328.4,904.5,24,0,0,0.0,0,0,0,0
2025-05-12,BAT-01,Battery Energy Storage,233.3,226.9,24,0,0,0.0,0,0,0,0
2025-05-12,BAT-02,Battery Energy Storage,157.6,151.2,24,0,0,0.0,0,0,0,0
2025-05-12,GAS-01,Natural Gas,8691.2,8584.5,24,0,0,0.0,0,0,0,0
2025-05-12,GAS-02,Natural Gas,648.0,646.9,24,0,0,0.0,0,0,0,0
2025-05-12,SOL-01,Solar,1637.4,1528.9,24,0,0,0.0,0,0,0,0
2025-05-12,SOL-02,Solar,582.7,667.0,24,0,0,0.0,0,0,0,0
2025-05-12,WND-01,Wind,2024.6,2059.5,24,0,0,0.0,0,0,0,0
2025-05-12,WND-02,Wind,1102.4,1083.9,24,0,0,0.0,0,0,0,0
2025-05-13,BAT-01,Battery Energy Storage,246.2,229.2,24,0,0,0.0,0,0,0,0
2025-05-13,BAT-02,Battery Energy Storage,148.2,152.8,24,0,0,0.0,0,0,0,0
2025-05-13,GAS-01,Natural Gas,9312.2,9165.3,24,0,0,0.0,0,0,0,0
2025-05-13,GAS-02,Natural Gas,385.9,386.4,24,0,0,0.0,0,0,0,0
2025-05-13,SOL-01,Solar,1615.6,1533.7,24,0,0,0.0,0,0,0,0
2025-05-13,SOL-02,Solar,624.8,669.1,24,0,0,0.0,0,0,0,0
2025-05-13,WND-01,Wind,2360.0,2234.0,24,0,0,0.0,0,0,0,0
2025-05-13,WND-02,Wind,1879.3,1453.2,24,0,0,0.0,0,0,0,0
2025-05-14,BAT-01,Battery Energy Storage,230.7,231.6,24,0,0,0.0,0,0,0,0
2025-05-14,BAT-02,Battery Energy Storage,151.7,154.4,24,0,0,0.0,0,0,0,0
2025-05-14,GAS-01,Natural Gas,8897.3,8848.5,24,0,0,0.0,0,0,0,0
2025-05-14,GAS-02,Natural Gas,499.9,490.7,24,0,0,0.0,0,0,0,0
2025-05-14,SOL-01,Solar,1643.1,1538.5,24,0,0,0.0,0,0,0,0
2025-05-14,SOL-02,Solar,600.1,671.2,24,0,0,0.0,0,0,0,0
2025-05-14,WND-01,Wind,3301.0,2551.3,24,0,0,0.0,0,0,0,0
2025-05-14,WND-02,Wind,121.5,928.8,24,0,0,0.0,0,0,0,0
2025-05-15,BAT-01,Battery Energy Storage,232.1,234.0,24,0,0,0.0,0,0,0,0
2025-05-15,BAT-02,Battery Energy Storage,149.7,156.0,24,0,0,0.0,0,0,0,0
2025-05-15,GAS-01,Natural Gas,9238.2,9294.7,24,0,0,0.0,0,0,0,0
2025-05-15,GAS-02,Natural Gas,602.2,595.0,24,0,0,0.0,0,0,0,0
2025-05-15,SOL-01,Solar,1650.3,1543.1,24,0,0,0.0,0,0,0,0
2025-05-15,SOL-02,Solar,398.5,673.2,24,0,0,0.0,0,0,0,0
2025-05-15,WND-01,Wind,2119.5,2052.6,24,0,0,0.0,0,0,0,0
2025-05-15,WND-02,Wind,104.2,756.1,24,0,0,0.0,0,0,0,0
2025-05-16,BAT-01,Battery Energy Storage,227.6,236.5,24,0,0,0.0,0,0,0,0
2025-05-16,BAT-02,Battery Energy Storage,153.4,157.7,24,0,0,0.0,0,0,0,0
2025-05-16,GAS-01,Natural Gas,8758.8,8650.8,24,0,0,0.0,0,0,0,0
2025-05-16,GAS-02,Natural Gas,388.2,386.9,24,0,0,0.0,0,0,0,0
2025-05-16,SOL-01,Solar,1532.6,1547.6,24,0,0,0.0,0,0,0,0
2025-05-16,SOL-02,Solar,753.7,675.2,24,0,0,0.0,0,0,0,0
2025-05-16,WND-01,Wind,1464.2,1878.7,24,0,0,0.0,0,0,0,0
2025-05-16,WND-02,Wind,415.5,681.3,24,0,0,0.0,0,0,0,0
2025-05-17,BAT-01,Battery Energy Storage,127.2,148.2,24,0,0,0.0,0,0,0,0
2025-05-17,BAT-02,Battery Energy Storage,99.1,98.8,24,0,0,0.0,0,0,0,0
2025-05-17,GAS-01,Natural Gas,10251.1,10194.2,24,0,0,0.0,0,0,0,0
2025-05-17,GAS-02,Natural Gas,473.7,478.1,24,0,0,0.0,0,0,0,0
2025-05-17,SOL-01,Solar,1690.8,1552.1,24,0,0,0.0,0,0,0,0
2025-05-17,SOL-02,Solar,739.1,677.1,24,0,0,0.0,0,0,0,0
2025-05-17,WND-01,Wind,1382.7,2276.3,24,0,0,0.0,0,0,0,0
2025-05-17,WND-02,Wind,1175.7,1190.3,24,0,0,0.0,0,0,0,0
2025-05-18,BAT-01,Battery Energy Storage,150.4,149.8,24,0,0,0.0,0,0,0,0
2025-05-18,BAT-02,Battery Energy Storage,94.9,99.9,24,0,0,0.0,0,0,0,0
2025-05-18,GAS-01,Natural Gas,8824.1,8556.7,24,0,0,0.0,0,0,0,0
2025-05-18,GAS-02,Natural Gas,470.7,475.4,24,0,0,0.0,0,0,0,0
2025-05-18,SOL-01,Solar,1654.4,1556.4,24,0,0,0.0,0,0,0,0
2025-05-18,SOL-02,Solar,491.3,679.0,24,0,0,0.0,0,0,0,0
2025-05-18,WND-01,Wind,1348.7,2032.5,24,0,0,0.0,0,0,0,0
2025-05-18,WND-02,Wind,824.0,1308.0,24,0,0,0.0,0,0,0,0
2025-05-19,BAT-01,Battery Energy Storage,233.8,244.2,24,0,0,0.0,0,0,0,0
2025-05-19,BAT-02,Battery Energy Storage,165.6,162.8,24,0,0,0.0,0,0,0,0
2025-05-19,GAS-01,Natural Gas,8434.3,8403.0,24,0,0,0.0,0,0,0,0
2025-05-19,GAS-02,Natural Gas,330.3,322.6,24,0,0,0.0,0,0,0,0
2025-05-19,SOL-01,Solar,1618.2,1560.6,24,0,0,0.0,0,0,0,0
2025-05-19,SOL-02,Solar,759.0,680.8,24,0,0,0.0,0,0,0,0
2025-05-19,WND-01,Wind,2834.3,2296.0,24,0,0,0.0,0,0,0,0
2025-05-19,WND-02,Wind,228.1,365.3,12,12,0,19347.33,1,0,0,0
2025-05-20,BAT-01,Battery Energy Storage,230.9,246.9,24,0,0,0.0,0,1,0,0
2025-05-20,BAT-02,Battery Energy Storage,167.4,164.6,24,0,0,0.0,0,0,0,0
2025-05-20,GAS-01,Natural Gas,8417.2,8347.3,24,0,0,0.0,0,0,0,0
2025-05-20,GAS-02,Natural Gas,494.2,500.2,24,0,0,0.0,0,0,0,0
2025-05-20,SOL-01,Solar,1450.4,1564.7,24,0,0,0.0,0,0,0,0
2025-05-20,SOL-02,Solar,566.7,682.6,24,0,0,0.0,0,0,0,0
2025-05-20,WND-01,Wind,3332.7,2562.7,24,0,0,0.0,0,0,0,0
2025-05-20,WND-02,Wind,1195.8,1165.5,24,0,0,0.0,0,0,0,0
2025-05-21,BAT-01,Battery Energy Storage,255.9,249.6,24,0,0,0.0,0,0,0,0
2025-05-21,BAT-02,Battery Energy Storage,164.6,166.4,24,0,0,0.0,0,0,0,0
2025-05-21,GAS-01,Natural Gas,8747.5,8717.1,24,0,0,0.0,0,0,0,0
2025-05-21,GAS-02,Natural Gas,484.4,483.8,24,0,0,0.0,0,0,0,0
2025-05-21,SOL-01,Solar,1557.9,1568.6,24,0,0,0.0,0,0,0,0
2025-05-21,SOL-02,Solar,815.7,684.3,24,0,0,0.0,0,0,0,0
2025-05-21,WND-01,Wind,3660.1,2672.7,24,0,0,0.0,0,0,0,0
2025-05-21,WND-02,Wind,859.6,1009.5,24,0,0,0.0,0,0,0,0
2025-05-22,BAT-01,Battery Energy Storage,230.3,252.3,24,0,0,0.0,0,0,0,0
2025-05-22,BAT-02,Battery Energy Storage,159.9,168.2,24,0,0,0.0,0,0,0,0
2025-05-22,GAS-01,Natural Gas,8023.3,8032.8,24,0,0,0.0,0,0,0,0
2025-05-22,GAS-02,Natural Gas,549.0,546.6,24,0,0,0.0,0,0,0,0
2025-05-22,SOL-01,Solar,1686.0,1572.5,24,0,0,0.0,0,0,0,0
2025-05-22,SOL-02,Solar,502.7,686.0,24,0,0,0.0,0,0,0,0
2025-05-22,WND-01,Wind,3035.7,2302.4,24,0,0,0.0,0,0,0,0
2025-05-22,WND-02,Wind,1341.1,1218.9,24,0,0,0.0,0,0,0,0
2025-05-23,BAT-01,Battery Energy Storage,267.4,255.1,24,0,0,0.0,0,0,0,0
2025-05-23,BAT-02,Battery Energy Storage,171.1,170.1,24,0,0,0.0,0,0,0,0
2025-05-23,GAS-01,Natural Gas,8918.6,8946.4,24,0,0,0.0,0,0,0,0
2025-05-23,GAS-02,Natural Gas,336.3,337.6,24,0,0,0.0,0,0,0,0
2025-05-23,SOL-01,Solar,1653.7,1576.3,24,0,0,0.0,0,0,0,0
2025-05-23,SOL-02,Solar,775.8,687.6,24,0,0,0.0,0,0,0,0
2025-05-23,WND-01,Wind,2589.0,2150.1,24,0,0,0.0,0,0,0,0
2025-05-23,WND-02,Wind,542.7,937.0,24,0,0,0.0,0,0,0,0
2025-05-24,BAT-01,Battery Energy Storage,164.5,159.9,24,0,0,0.0,0,0,0,0
2025-05-24,BAT-02,Battery Energy Storage,103.4,106.6,24,0,0,0.0,0,0,0,0
2025-05-24,GAS-01,Natural Gas,7976.6,7948.6,24,0,0,0.0,0,0,0,0
2025-05-24,GAS-02,Natural Gas,475.4,481.2,24,0,0,0.0,0,0,0,0
2025-05-24,SOL-01,Solar,1588.9,1579.9,24,0,0,0.0,0,0,0,0
2025-05-24,SOL-02,Solar,551.8,689.2,24,0,0,0.0,0,0,0,0
2025-05-24,WND-01,Wind,1564.3,2159.8,24,0,0,0.0,0,0,0,0
2025-05-24,WND-02,Wind,25.6,836.9,7,0,17,43819.2,2,0,0,0
2025-05-25,BAT-01,Battery Energy Storage,157.8,161.7,24,0,0,0.0,0,0,0,0
2025-05-25,BAT-02,Battery Energy Storage,108.1,107.8,24,0,0,0.0,0,0,0,0
2025-05-25,GAS-01,Natural Gas,8941.7,8886.1,24,0,0,0.0,0,0,0,0
2025-05-25,GAS-02,Natural Gas,639.7,645.8,24,0,0,0.0,0,0,0,0
2025-05-25,SOL-01,Solar,1694.4,1583.4,24,0,0,0.0,0,0,0,0
2025-05-25,SOL-02,Solar,610.8,690.8,20,0,4,5289.3,1,0,0,0
2025-05-25,WND-01,Wind,2201.3,2083.0,24,0,0,0.0,0,0,0,0
2025-05-25,WND-02,Wind,894.3,1052.1,24,0,0,0.0,0,0,0,0
2025-05-26,BAT-01,Battery Energy Storage,262.6,263.6,24,0,0,0.0,0,0,0,0
2025-05-26,BAT-02,Battery Energy Storage,187.3,175.7,24,0,0,0.0,0,0,0,0
2025-05-26,GAS-01,Natural Gas,8313.5,8199.9,24,0,0,0.0,0,0,0,0
2025-05-26,GAS-02,Natural Gas,724.5,729.3,24,0,0,0.0,0,0,0,0
2025-05-26,SOL-01,Solar,1639.9,1586.8,24,0,0,0.0,0,0,0,0
2025-05-26,SOL-02,Solar,699.1,692.2,24,0,0,0.0,0,0,0,0
2025-05-26,WND-01,Wind,2498.0,2037.2,24,0,0,0.0,0,0,0,0
2025-05-26,WND-02,Wind,1154.0,1303.9,24,0,0,0.0,0,0,0,0
2025-05-27,BAT-01,Battery Energy Storage,247.5,266.5,24,0,0,0.0,0,0,0,0
2025-05-27,BAT-02,Battery Energy Storage,164.3,177.7,24,0,0,0.0,0,0,0,0
2025-05-27,GAS-01,Natural Gas,8671.9,8639.8,24,0,0,0.0,0,0,0,0
2025-05-27,GAS-02,Natural Gas,628.2,633.6,24,0,0,0.0,0,0,0,0
2025-05-27,SOL-01,Solar,1619.4,1590.1,24,0,0,0.0,0,0,0,0
2025-05-27,SOL-02,Solar,594.2,693.7,24,0,0,0.0,0,0,0,0
2025-05-27,WND-01,Wind,3261.6,2510.3,24,0,0,0.0,0,0,0,0
2025-05-27,WND-02,Wind,1805.6,1330.0,24,0,0,0.0,0,0,0,0
2025-05-28,BAT-01,Battery Energy Storage,281.6,269.4,24,0,0,0.0,0,0,0,0
2025-05-28,BAT-02,Battery Energy Storage,203.1,179.6,24,0,0,0.0,0,0,0,0
2025-05-28,GAS-01,Natural Gas,9036.5,9087.0,24,0,0,0.0,0,0,0,0
2025-05-28,GAS-02,Natural Gas,4240.8,4174.2,24,0,0,0.0,0,0,0,0
2025-05-28,SOL-01,Solar,1563.2,1593.2,24,0,0,0.0,0,0,0,0
2025-05-28,SOL-02,Solar,698.2,695.0,24,0,0,0.0,0,0,0,0
2025-05-28,WND-01,Wind,2785.2,2383.0,24,0,0,0.0,0,0,0,0
2025-05-28,WND-02,Wind,749.4,712.7,16,8,0,12888.12,1,0,0,0
2025-05-29,BAT-01,Battery Energy Storage,275.5,272.4,24,0,0,0.0,0,0,0,0
2025-05-29,BAT-02,Battery Energy Storage,180.8,181.6,24,0,0,0.0,0,0,0,0
2025-05-29,GAS-01,Natural Gas,9819.2,9857.9,24,0,0,0.0,0,0,0,0
2025-05-29,GAS-02,Natural Gas,534.1,534.1,24,0,0,0.0,0,0,0,0
2025-05-29,SOL-01,Solar,1521.4,1596.3,24,0,0,0.0,0,0,0,0
2025-05-29,SOL-02,Solar,802.4,696.4,24,0,0,0.0,0,0,0,0
2025-05-29,WND-01,Wind,2498.0,1842.6,24,0,0,0.0,0,0,0,0
2025-05-29,WND-02,Wind,611.9,841.5,24,0,0,0.0,0,0,0,0
2025-05-30,BAT-01,Battery Energy Storage,279.7,275.4,24,0,0,0.0,0,0,0,0
2025-05-30,BAT-02,Battery Energy Storage,188.1,183.6,24,0,0,0.0,0,0,0,0
2025-05-30,GAS-01,Natural Gas,8191.7,8323.8,24,0,0,0.0,0,0,0,0
2025-05-30,GAS-02,Natural Gas,419.4,422.0,24,0,0,0.0,0,0,0,0
2025-05-30,SOL-01,Solar,1627.7,1599.2,24,0,0,0.0,0,0,0,0
2025-05-30,SOL-02,Solar,710.4,697.6,24,0,0,0.0,0,0,0,0
2025-05-30,WND-01,Wind,2496.7,2242.1,24,0,0,0.0,0,0,0,0
2025-05-30,WND-02,Wind,1756.8,1077.4,24,0,0,0.0,0,0,0,0
2025-05-31,BAT-01,Battery Energy Storage,177.8,172.6,24,0,0,0.0,0,0,0,0
2025-05-31,BAT-02,Battery Energy Storage,109.9,115.1,24,0,0,0.0,0,0,0,0
2025-05-31,GAS-01,Natural Gas,8918.9,8744.6,24,0,0,0.0,0,0,0,0
2025-05-31,GAS-02,Natural Gas,2867.0,2863.3,24,0,0,0.0,0,0,0,0
2025-05-31,SOL-01,Solar,1604.8,1602.0,24,0,0,0.0,0,0,0,0
2025-05-31,SOL-02,Solar,782.7,698.9,24,0,0,0.0,0,0,0,0
2025-05-31,WND-01,Wind,2978.6,2599.7,24,0,0,0.0,0,0,0,0
2025-05-31,WND-02,Wind,323.3,602.9,16,8,0,10408.05,1,0,0,0
2025-06-01,BAT-01,Battery Energy Storage,167.7,174.4,24,0,0,0.0,0,0,0,0
2025-06-01,BAT-02,Battery Energy Storage,124.3,116.3,24,0,0,0.0,0,0,0,0
2025-06-01,GAS-01,Natural Gas,8429.4,8484.5,24,0,0,0.0,0,0,0,0
2025-06-01,GAS-02,Natural Gas,390.4,387.3,24,0,0,0.0,0,0,0,0
2025-06-01,SOL-01,Solar,1689.7,1604.6,24,0,0,0.0,0,0,0,0
2025-06-01,SOL-02,Solar,691.8,700.0,24,0,0,0.0,0,0,0,0
2025-06-01,WND-01,Wind,1785.1,2087.8,24,0,0,0.0,0,0,0,0
2025-06-01,WND-02,Wind,1572.9,1546.0,24,0,0,0.0,0,0,0,0
2025-06-02,BAT-01,Battery Energy Storage,258.4,284.4,24,0,0,0.0,0,0,0,0
2025-06-02,BAT-02,Battery Energy Storage,188.1,189.6,24,0,0,0.0,0,0,0,0
2025-06-02,GAS-01,Natural Gas,8516.0,8418.2,24,0,0,0.0,0,0,0,0
2025-06-02,GAS-02,Natural Gas,273.2,274.4,24,0,0,0.0,0,0,0,0
2025-06-02,SOL-01,Solar,1558.0,1607.2,24,0,0,0.0,0,0,0,0
2025-06-02,SOL-02,Solar,710.2,701.1,24,0,0,0.0,0,0,0,0
2025-06-02,WND-01,Wind,2329.0,2668.1,24,0,0,0.0,0,0,0,0
2025-06-02,WND-02,Wind,2384.0,1580.3,24,0,0,0.0,0,0,0,0
2025-06-03,BAT-01,Battery Energy Storage,303.9,287.4,24,0,0,0.0,0,0,0,0
2025-06-03,BAT-02,Battery Energy Storage,187.1,191.6,24,0,0,0.0,0,0,0,0
2025-06-03,GAS-01,Natural Gas,8516.7,8488.5,24,0,0,0.0,0,0,0,0
2025-06-03,GAS-02,Natural Gas,443.4,438.7,24,0,0,0.0,0,0,0,0
2025-06-03,SOL-01,Solar,1601.0,1609.6,24,0,0,0.0,0,0,0,0
2025-06-03,SOL-02,Solar,667.9,702.2,24,0,0,0.0,0,0,0,0
2025-06-03,WND-01,Wind,2245.1,2416.7,24,0,0,0.0,0,0,0,0
2025-06-03,WND-02,Wind,2497.2,1646.6,24,0,0,0.0,0,0,0,0
2025-06-04,BAT-01,Battery Energy Storage,302.4,290.4,24,0,0,0.0,0,0,0,0
2025-06-04,BAT-02,Battery Energy Storage,186.9,193.6,24,0,0,0.0,0,0,0,0
2025-06-04,GAS-01,Natural Gas,9220.1,9186.6,24,0,0,0.0,0,0,0,0
2025-06-04,GAS-02,Natural Gas,3164.1,3213.1,24,0,0,0.0,0,0,0,0
2025-06-04,SOL-01,Solar,1766.8,1611.9,24,0,0,0.0,0,0,0,0
2025-06-04,SOL-02,Solar,781.1,703.2,24,0,0,0.0,0,0,0,0
2025-06-04,WND-01,Wind,1552.8,2200.0,24,0,0,0.0,0,0,0,0
2025-06-04,WND-02,Wind,1352.8,1121.6,24,0,0,0.0,0,0,0,0
2025-06-05,BAT-01,Battery Energy Storage,284.0,293.5,24,0,0,0.0,0,0,0,0
2025-06-05,BAT-02,Battery Energy Storage,192.5,195.6,24,0,0,0.0,0,0,0,0
2025-06-05,GAS-01,Natural Gas,8579.3,8591.4,24,0,0,0.0,0,0,0,0
2025-06-05,GAS-02,Natural Gas,521.8,514.6,24,0,0,0.0,0,0,0,0
2025-06-05,SOL-01,Solar,1759.4,1614.0,24,0,0,0.0,0,0,0,0
2025-06-05,SOL-02,Solar,849.8,704.1,24,0,0,0.0,0,0,0,0
2025-06-05,WND-01,Wind,591.6,2075.1,24,0,0,0.0,0,0,0,0
2025-06-05,WND-02,Wind,702.7,913.1,24,0,0,0.0,0,0,0,0
2025-06-06,BAT-01,Battery Energy Storage,303.8,296.5,24,0,0,0.0,0,0,0,0
2025-06-06,BAT-02,Battery Energy Storage,202.6,197.7,24,0,0,0.0,0,0,0,0
2025-06-06,GAS-01,Natural Gas,9740.1,9833.1,24,0,0,0.0,0,0,0,0
2025-06-06,GAS-02,Natural Gas,3984.8,3985.3,24,0,0,0.0,0,0,0,0
2025-06-06,SOL-01,Solar,1290.9,1616.1,24,0,0,0.0,0,0,0,0
2025-06-06,SOL-02,Solar,596.5,705.0,24,0,0,0.0,0,0,0,0
2025-06-06,WND-01,Wind,885.9,1782.5,24,0,0,0.0,0,0,0,0
2025-06-06,WND-02,Wind,723.1,1076.7,24,0,0,0.0,0,0,0,0
2025-06-07,BAT-01,Battery Energy Storage,199.7,185.7,24,0,0,0.0,0,0,0,0
2025-06-07,BAT-02,Battery Energy Storage,125.1,123.8,24,0,0,0.0,0,0,0,0
2025-06-07,GAS-01,Natural Gas,8896.9,9001.5,24,0,0,0.0,0,0,0,0
2025-06-07,GAS-02,Natural Gas,505.7,506.0,24,0,0,0.0,0,0,0,0
2025-06-07,SOL-01,Solar,1112.8,1011.2,15,9,0,7775.17,1,0,0,0
2025-06-07,SOL-02,Solar,791.2,705.8,24,0,0,0.0,0,0,0,0
2025-06-07,WND-01,Wind,2031.5,2091.1,24,0,0,0.0,0,0,0,0
2025-06-07,WND-02,Wind,166.3,959.5,24,0,0,0.0,0,0,0,0
2025-06-08,BAT-01,Battery Energy Storage,200.4,187.6,24,0,0,0.0,0,0,0,0
2025-06-08,BAT-02,Battery Energy Storage,124.8,125.1,24,0,0,0.0,0,0,0,0
2025-06-08,GAS-01,Natural Gas,8527.9,8354.7,24,0,0,0.0,0,0,0,0
2025-06-08,GAS-02,Natural Gas,2967.6,2992.4,24,0,0,0.0,0,0,0,0
2025-06-08,SOL-01,Solar,1764.3,1619.8,24,0,0,0.0,0,0,0,0
2025-06-08,SOL-02,Solar,879.4,706.6,24,0,0,0.0,0,0,0,0
2025-06-08,WND-01,Wind,3142.7,2644.1,24,0,0,0.0,0,0,0,0
2025-06-08,WND-02,Wind,59.8,827.8,24,0,0,0.0,0,0,0,0
2025-06-09,BAT-01,Battery Energy Storage,295.2,305.6,24,0,0,0.0,0,0,0,0
2025-06-09,BAT-02,Battery Energy Storage,195.0,203.7,24,0,0,0.0,0,0,0,0
2025-06-09,GAS-01,Natural Gas,8658.3,8646.5,24,0,0,0.0,0,0,0,0
2025-06-09,GAS-02,Natural Gas,535.5,543.5,24,0,0,0.0,0,0,0,0
2025-06-09,SOL-01,Solar,1002.1,1013.4,15,9,0,6849.82,1,0,0,0
2025-06-09,SOL-02,Solar,253.7,707.3,24,0,0,0.0,0,0,0,0
2025-06-09,WND-01,Wind,3066.2,2278.3,24,0,0,0.0,0,0,0,0
2025-06-09,WND-02,Wind,773.4,1066.1,24,0,0,0.0,0,0,0,0
2025-06-10,BAT-01,Battery Energy Storage,281.0,308.6,24,0,0,0.0,0,0,0,0
2025-06-10,BAT-02,Battery Energy Storage,196.2,205.7,24,0,0,0.0,0,0,0,0
2025-06-10,GAS-01,Natural Gas,8563.2,8449.1,24,0,0,0.0,0,0,0,0
2025-06-10,GAS-02,Natural Gas,438.1,447.0,24,0,0,0.0,0,0,0,0
2025-06-10,SOL-01,Solar,1607.7,1622.9,24,0,0,0.0,0,0,0,0
2025-06-10,SOL-02,Solar,668.8,708.0,24,0,0,0.0,0,0,0,0
2025-06-10,WND-01,Wind,4165.9,2772.8,24,0,0,0.0,0,0,0,0
2025-06-10,WND-02,Wind,1330.3,1160.6,24,0,0,0.0,0,0,0,0
2025-06-11,BAT-01,Battery Energy Storage,287.0,311.6,24,0,0,0.0,0,0,0,0
2025-06-11,BAT-02,Battery Energy Storage,202.0,207.7,24,0,0,0.0,0,0,0,0
2025-06-11,GAS-01,Natural Gas,9328.2,9175.7,24,0,0,0.0,0,0,0,0
2025-06-11,GAS-02,Natural Gas,2665.7,2690.3,24,0,0,0.0,0,0,0,0
2025-06-11,SOL-01,Solar,1530.6,1624.3,24,0,0,0.0,0,0,0,0
2025-06-11,SOL-02,Solar,628.0,708.6,24,0,0,0.0,0,0,0,0
2025-06-11,WND-01,Wind,3499.6,2390.5,24,0,0,0.0,0,0,0,0
2025-06-11,WND-02,Wind,549.0,898.7,24,0,0,0.0,0,0,0,0
2025-06-12,BAT-01,Battery Energy Storage,308.7,314.6,24,0,0,0.0,0,0,0,0
2025-06-12,BAT-02,Battery Energy Storage,215.5,209.7,24,0,0,0.0,0,0,0,0
2025-06-12,GAS-01,Natural Gas,8029.7,8069.4,24,0,0,0.0,0,0,0,0
2025-06-12,GAS-02,Natural Gas,694.1,689.2,24,0,0,0.0,0,0,0,0
2025-06-12,SOL-01,Solar,1504.3,1625.6,24,0,0,0.0,0,0,0,0
2025-06-12,SOL-02,Solar,334.8,709.1,13,0,11,14545.58,1,0,0,0
2025-06-12,WND-01,Wind,3744.6,2696.7,24,0,0,0.0,0,0,0,0
2025-06-12,WND-02,Wind,1192.3,1006.5,24,0,0,0.0,0,0,0,0
2025-06-13,BAT-01,Battery Energy Storage,345.4,317.6,24,0,0,0.0,0,0,0,0
2025-06-13,BAT-02,Battery Energy Storage,220.1,211.7,24,0,0,0.0,0,0,0,0
2025-06-13,GAS-01,Natural Gas,8246.2,8204.5,24,0,0,0.0,0,0,0,0
2025-06-13,GAS-02,Natural Gas,491.3,497.0,24,0,0,0.0,0,0,0,0
2025-06-13,SOL-01,Solar,1409.1,1626.7,24,0,0,0.0,0,0,0,0
2025-06-13,SOL-02,Solar,882.9,709.6,24,0,0,0.0,0,0,0,0
2025-06-13,WND-01,Wind,2923.4,2197.5,24,0,0,0.0,0,0,0,0
2025-06-13,WND-02,Wind,1452.7,999.9,24,0,0,0.0,0,0,0,0
2025-06-14,BAT-01,Battery Energy Storage,190.0,198.7,24,0,0,0.0,0,0,0,0
2025-06-14,BAT-02,Battery Energy Storage,138.8,132.5,24,0,0,0.0,0,0,0,0
2025-06-14,GAS-01,Natural Gas,8549.1,8544.5,24,0,0,0.0,0,0,0,0
2025-06-14,GAS-02,Natural Gas,476.1,485.1,24,0,0,0.0,0,0,0,0
2025-06-14,SOL-01,Solar,1736.9,1627.7,24,0,0,0.0,0,0,0,0
2025-06-14,SOL-02,Solar,561.6,710.1,24,0,0,0.0,0,0,0,0
2025-06-14,WND-01,Wind,2324.1,1988.8,24,0,0,0.0,0,0,0,0
2025-06-14,WND-02,Wind,2442.5,1345.5,24,0,0,0.0,0,0,0,0
2025-06-15,BAT-01,Battery Energy Storage,193.3,200.5,24,0,0,0.0,0,0,0,0
2025-06-15,BAT-02,Battery Energy Storage,133.7,133.7,24,0,0,0.0,0,0,0,0
2025-06-15,GAS-01,Natural Gas,8995.9,9122.6,24,0,0,0.0,0,0,0,0
2025-06-15,GAS-02,Natural Gas,487.0,492.3,24,0,0,0.0,0,0,0,0
2025-06-15,SOL-01,Solar,1650.9,1628.5,24,0,0,0.0,0,0,0,0
2025-06-15,SOL-02,Solar,771.3,710.4,24,0,0,0.0,0,0,0,0
2025-06-15,WND-01,Wind,1815.3,2038.1,24,0,0,0.0,0,0,0,0
2025-06-15,WND-02,Wind,2271.4,1456.6,24,0,0,0.0,0,0,0,0
2025-06-16,BAT-01,Battery Energy Storage,314.2,326.3,24,0,0,0.0,0,0,0,0
2025-06-16,BAT-02,Battery Energy Storage,222.6,217.5,24,0,0,0.0,0,0,0,0
2025-06-16,GAS-01,Natural Gas,9351.3,9372.1,24,0,0,0.0,0,0,0,0
2025-06-16,GAS-02,Natural Gas,451.8,453.9,24,0,0,0.0,0,0,0,0
2025-06-16,SOL-01,Solar,1728.6,1629.3,24,0,0,0.0,0,0,0,0
2025-06-16,SOL-02,Solar,574.9,710.8,24,0,0,0.0,0,0,0,0
2025-06-16,WND-01,Wind,739.4,1510.1,24,0,0,0.0,0,0,0,0
2025-06-16,WND-02,Wind,2576.2,1499.8,24,0,0,0.0,0,0,0,0
2025-06-17,BAT-01,Battery Energy Storage,318.7,329.2,24,0,0,0.0,0,0,0,0
2025-06-17,BAT-02,Battery Energy Storage,217.2,219.5,24,0,0,0.0,0,0,0,0
2025-06-17,GAS-01,Natural Gas,9505.6,9439.0,24,0,0,0.0,0,0,0,0
2025-06-17,GAS-02,Natural Gas,426.0,427.8,24,0,0,0.0,0,0,0,0
2025-06-17,SOL-01,Solar,1716.5,1629.9,24,0,0,0.0,0,0,0,0
2025-06-17,SOL-02,Solar,689.7,711.0,24,0,0,0.0,0,0,0,0
2025-06-17,WND-01,Wind,1787.6,1548.9,24,0,0,0.0,0,0,0,0
2025-06-17,WND-02,Wind,2269.1,1240.7,24,0,0,0.0,0,0,0,0
2025-06-18,BAT-01,Battery Energy Storage,331.8,332.0,24,0,0,0.0,0,0,0,0
2025-06-18,BAT-02,Battery Energy Storage,198.2,221.3,24,0,0,0.0,0,0,0,0
2025-06-18,GAS-01,Natural Gas,8998.9,9053.1,24,0,0,0.0,0,0,0,0
2025-06-18,GAS-02,Natural Gas,504.3,505.0,24,0,0,0.0,0,0,0,0
2025-06-18,SOL-01,Solar,1766.1,1630.3,24,0,0,0.0,0,0,0,0
2025-06-18,SOL-02,Solar,656.9,711.2,24,0,0,0.0,0,0,0,0
2025-06-18,WND-01,Wind,1468.4,1527.7,24,0,0,0.0,0,0,0,0
2025-06-18,WND-02,Wind,2506.0,1511.0,24,0,0,0.0,0,0,0,0
2025-06-19,BAT-01,Battery Energy Storage,309.1,334.8,24,0,0,0.0,0,0,0,0
2025-06-19,BAT-02,Battery Energy Storage,220.3,223.2,24,0,0,0.0,0,0,0,0
2025-06-19,GAS-01,Natural Gas,2185.2,8775.2,6,0,18,144698.4,2,0,0,0
2025-06-19,GAS-02,Natural Gas,424.5,419.3,24,0,0,0.0,0,0,0,0
2025-06-19,SOL-01,Solar,1253.9,1630.7,24,0,0,0.0,0,0,0,0
2025-06-19,SOL-02,Solar,818.1,711.4,24,0,0,0.0,0,0,0,0
2025-06-19,WND-01,Wind,1161.2,1473.2,24,0,0,0.0,0,0,0,0
2025-06-19,WND-02,Wind,929.8,959.8,24,0,0,0.0,0,0,0,0
2025-06-20,BAT-01,Battery Energy Storage,359.5,337.6,24,0,0,0.0,0,0,0,0
2025-06-20,BAT-02,Battery Energy Storage,220.0,225.0,24,0,0,0.0,0,0,0,0
2025-06-20,GAS-01,Natural Gas,9154.2,9173.2,24,0,0,0.0,0,0,0,0
2025-06-20,GAS-02,Natural Gas,4451.2,4385.4,24,0,0,0.0,0,0,0,0
2025-06-20,SOL-01,Solar,1615.1,1630.9,24,0,0,0.0,0,0,0,0
2025-06-20,SOL-02,Solar,730.6,711.5,24,0,0,0.0,0,0,0,0
2025-06-20,WND-01,Wind,763.1,1366.5,24,0,0,0.0,0,0,0,0
2025-06-20,WND-02,Wind,894.1,838.7,24,0,0,0.0,0,0,0,0
2025-06-21,BAT-01,Battery Energy Storage,209.1,211.0,24,0,0,0.0,0,0,0,0
2025-06-21,BAT-02,Battery Energy Storage,131.9,140.6,24,0,0,0.0,0,0,0,0
2025-06-21,GAS-01,Natural Gas,8503.8,8293.7,24,0,0,0.0,0,0,0,0
2025-06-21,GAS-02,Natural Gas,394.4,385.1,24,0,0,0.0,0,0,0,0
2025-06-21,SOL-01,Solar,1729.7,1630.9,24,0,0,0.0,0,0,0,0
2025-06-21,SOL-02,Solar,774.0,711.5,24,0,0,0.0,0,0,0,0
2025-06-21,WND-01,Wind,968.8,1699.3,24,0,0,0.0,0,0,0,0
2025-06-21,WND-02,Wind,925.7,948.6,24,0,0,0.0,0,0,0,0
2025-06-22,BAT-01,Battery Energy Storage,244.3,212.6,24,0,0,0.0,0,0,0,0
2025-06-22,BAT-02,Battery Energy Storage,136.9,141.7,24,0,0,0.0,0,0,0,0
2025-06-22,GAS-01,Natural Gas,7800.5,7976.1,24,0,0,0.0,0,0,0,0
2025-06-22,GAS-02,Natural Gas,3369.6,3436.6,24,0,0,0.0,0,0,0,0
2025-06-22,SOL-01,Solar,1766.9,1630.9,24,0,0,0.0,0,0,0,0
2025-06-22,SOL-02,Solar,750.7,711.5,24,0,0,0.0,0,0,0,0
2025-06-22,WND-01,Wind,2285.0,2141.5,24,0,0,0.0,0,0,0,0
2025-06-22,WND-02,Wind,812.7,913.1,24,0,0,0.0,0,0,0,0
2025-06-23,BAT-01,Battery Energy Storage,321.2,345.6,24,0,0,0.0,0,0,0,0
2025-06-23,BAT-02,Battery Energy Storage,232.2,230.4,24,0,0,0.0,0,0,0,0
2025-06-23,GAS-01,Natural Gas,9065.1,9010.9,24,0,0,0.0,0,0,0,0
2025-06-23,GAS-02,Natural Gas,294.9,550.1,13,0,11,55440.0,1,0,0,0
2025-06-23,SOL-01,Solar,1738.0,1630.7,24,0,0,0.0,0,0,0,0
2025-06-23,SOL-02,Solar,836.8,711.4,24,0,0,0.0,0,0,0,0
2025-06-23,WND-01,Wind,3623.0,2771.8,24,0,0,0.0,0,0,0,0
2025-06-23,WND-02,Wind,1197.1,1007.2,24,0,0,0.0,0,0,0,0
2025-06-24,BAT-01,Battery Energy Storage,381.3,348.1,24,0,0,0.0,0,0,0,0
2025-06-24,BAT-02,Battery Energy Storage,216.3,232.1,24,0,0,0.0,0,0,0,0
2025-06-24,GAS-01,Natural Gas,8331.2,8356.6,24,0,0,0.0,0,0,0,0
2025-06-24,GAS-02,Natural Gas,4379.2,4342.8,24,0,0,0.0,0,0,0,0
2025-06-24,SOL-01,Solar,1467.0,1630.3,24,0,0,0.0,0,0,0,0
2025-06-24,SOL-02,Solar,871.6,711.2,24,0,0,0.0,0,0,0,0
2025-06-24,WND-01,Wind,2039.8,2163.8,24,0,0,0.0,0,0,0,0
2025-06-24,WND-02,Wind,1575.4,1339.5,24,0,0,0.0,0,0,0,0
2025-06-25,BAT-01,Battery Energy Storage,379.9,350.6,24,0,0,0.0,0,0,0,0
2025-06-25,BAT-02,Battery Energy Storage,223.8,233.8,24,0,0,0.0,0,0,0,0
2025-06-25,GAS-01,Natural Gas,8715.7,8783.2,24,0,0,0.0,0,0,0,0
2025-06-25,GAS-02,Natural Gas,2691.3,2706.0,24,0,0,0.0,0,0,0,0
2025-06-25,SOL-01,Solar,1685.3,1629.9,24,0,0,0.0,0,0,0,0
2025-06-25,SOL-02,Solar,822.5,711.0,24,0,0,0.0,0,0,0,0
2025-06-25,WND-01,Wind,1804.2,2144.1,24,0,0,0.0,0,0,0,0
2025-06-25,WND-02,Wind,1622.0,975.0,24,0,0,0.0,0,0,0,0
2025-06-26,BAT-01,Battery Energy Storage,344.4,353.1,24,0,0,0.0,0,0,0,0
2025-06-26,BAT-02,Battery Energy Storage,257.3,235.4,24,0,0,0.0,0,0,0,0
2025-06-26,GAS-01,Natural Gas,8837.5,8867.1,24,0,0,0.0,0,0,0,0
2025-06-26,GAS-02,Natural Gas,556.5,550.8,24,0,0,0.0,0,0,0,0
2025-06-26,SOL-01,Solar,1791.6,1629.3,24,0,0,0.0,0,0,0,0
2025-06-26,SOL-02,Solar,661.0,710.8,24,0,0,0.0,0,0,0,0
2025-06-26,WND-01,Wind,1251.8,1837.9,24,0,0,0.0,0,0,0,0
2025-06-26,WND-02,Wind,1235.8,843.0,24,0,0,0.0,0,0,0,0
2025-06-27,BAT-01,Battery Energy Storage,347.1,355.5,24,0,0,0.0,0,0,0,0
2025-06-27,BAT-02,Battery Energy Storage,214.2,237.0,24,0,0,0.0,0,0,0,0
2025-06-27,GAS-01,Natural Gas,8996.8,8925.3,24,0,0,0.0,0,0,0,0
2025-06-27,GAS-02,Natural Gas,495.7,494.4,24,0,0,0.0,0,0,0,0
2025-06-27,SOL-01,Solar,1287.9,1628.5,24,0,0,0.0,0,0,0,0
2025-06-27,SOL-02,Solar,795.2,710.4,24,0,0,0.0,0,0,0,0
2025-06-27,WND-01,Wind,2032.7,2039.5,24,0,0,0.0,0,0,0,0
2025-06-27,WND-02,Wind,671.8,895.2,24,0,0,0.0,0,0,0,0
2025-06-28,BAT-01,Battery Energy Storage,209.6,221.9,24,0,0,0.0,0,0,0,0
2025-06-28,BAT-02,Battery Energy Storage,146.3,147.9,24,0,0,0.0,0,0,0,0
2025-06-28,GAS-01,Natural Gas,9318.5,9238.2,24,0,0,0.0,0,0,0,0
2025-06-28,GAS-02,Natural Gas,4309.2,4229.0,24,0,0,0.0,0,0,0,0
2025-06-28,SOL-01,Solar,1726.0,1627.7,24,0,0,0.0,0,0,0,0
2025-06-28,SOL-02,Solar,828.3,710.1,24,0,0,0.0,0,0,0,0
2025-06-28,WND-01,Wind,2193.2,2282.7,24,0,0,0.0,0,0,0,0
2025-06-28,WND-02,Wind,1564.9,1216.5,24,0,0,0.0,0,0,0,0
2025-06-29,BAT-01,Battery Energy Storage,211.1,223.3,24,0,0,0.0,0,0,0,0
2025-06-29,BAT-02,Battery Energy Storage,138.4,148.9,24,0,0,0.0,0,0,0,0
2025-06-29,GAS-01,Natural Gas,9210.7,9190.2,24,0,0,0.0,0,0,0,0
2025-06-29,GAS-02,Natural Gas,580.0,572.8,24,0,0,0.0,0,0,0,0
2025-06-29,SOL-01,Solar,1704.6,1626.7,24,0,0,0.0,0,0,0,0
2025-06-29,SOL-02,Solar,767.3,709.6,24,0,0,0.0,0,0,0,0
2025-06-29,WND-01,Wind,1737.0,2078.1,24,0,0,0.0,0,0,0,0
2025-06-29,WND-02,Wind,1580.7,1262.4,24,0,0,0.0,0,0,0,0
2025-06-30,BAT-01,Battery Energy Storage,362.3,362.3,24,0,0,0.0,0,0,0,0
2025-06-30,BAT-02,Battery Energy Storage,230.7,241.6,24,0,0,0.0,0,0,0,0
2025-06-30,GAS-01,Natural Gas,9018.0,8901.3,24,0,0,0.0,0,0,0,0
2025-06-30,GAS-02,Natural Gas,316.2,312.2,24,0,0,0.0,0,0,0,0
2025-06-30,SOL-01,Solar,1703.5,1625.6,24,0,0,0.0,0,0,0,0
2025-06-30,SOL-02,Solar,628.6,709.1,24,0,0,0.0,0,0,0,0
2025-06-30,WND-01,Wind,1842.1,2000.4,24,0,0,0.0,0,0,0,0
2025-06-30,WND-02,Wind,666.7,822.7,24,0,0,0.0,0,0,0,0
2025-07-01,BAT-01,Battery Energy Storage,364.9,364.5,24,0,0,0.0,0,0,0,0
2025-07-01,BAT-02,Battery Energy Storage,240.1,243.0,24,0,0,0.0,0,0,0,0
2025-07-01,GAS-01,Natural Gas,8743.4,8612.3,24,0,0,0.0,0,0,0,0
2025-07-01,GAS-02,Natural Gas,602.5,605.4,24,0,0,0.0,0,0,0,0
2025-07-01,SOL-01,Solar,1558.7,1624.3,24,0,0,0.0,0,0,0,0
2025-07-01,SOL-02,Solar,840.5,708.6,24,0,0,0.0,0,0,0,0
2025-07-01,WND-01,Wind,1588.9,2093.1,24,0,0,0.0,0,0,0,0
2025-07-01,WND-02,Wind,688.7,783.6,24,0,0,0.0,0,0,0,0
2025-07-02,BAT-01,Battery Energy Storage,331.3,366.5,24,0,0,0.0,0,0,0,0
2025-07-02,BAT-02,Battery Energy Storage,229.9,244.4,24,0,0,0.0,0,0,0,0
2025-07-02,GAS-01,Natural Gas,8948.5,8861.7,24,0,0,0.0,0,0,0,0
2025-07-02,GAS-02,Natural Gas,472.6,473.1,24,0,0,0.0,0,0,0,0
2025-07-02,SOL-01,Solar,1478.2,1622.9,24,0,0,0.0,0,0,0,0
2025-07-02,SOL-02,Solar,715.8,708.0,24,0,0,0.0,0,0,0,0
2025-07-02,WND-01,Wind,2710.5,1729.4,24,0,0,0.0,0,0,0,0
2025-07-02,WND-02,Wind,2.4,569.9,24,0,0,0.0,0,0,0,0
2025-07-03,BAT-01,Battery Energy Storage,419.2,368.5,24,0,0,0.0,0,0,0,0
2025-07-03,BAT-02,Battery Energy Storage,254.1,245.7,24,0,0,0.0,0,0,0,0
2025-07-03,GAS-01,Natural Gas,8486.4,8542.4,24,0,0,0.0,0,0,0,0
2025-07-03,GAS-02,Natural Gas,3210.2,3222.0,24,0,0,0.0,0,0,0,0
2025-07-03,SOL-01,Solar,1659.5,1621.4,24,0,0,0.0,0,0,0,0
2025-07-03,SOL-02,Solar,825.6,707.3,24,0,0,0.0,0,0,0,0
2025-07-03,WND-01,Wind,2856.4,2199.9,24,0,0,0.0,0,0,0,0
2025-07-03,WND-02,Wind,336.9,702.1,24,0,0,0.0,0,0,0,0
2025-07-04,BAT-01,Battery Energy Storage,364.7,370.4,24,0,0,0.0,0,0,0,0
2025-07-04,BAT-02,Battery Energy Storage,267.0,247.0,24,0,0,0.0,0,0,0,0
2025-07-04,GAS-01,Natural Gas,8775.5,8723.7,24,0,0,0.0,0,0,0,0
2025-07-04,GAS-02,Natural Gas,3472.6,3536.5,24,0,0,0.0,0,0,0,0
2025-07-04,SOL-01,Solar,1711.3,1619.8,24,0,0,0.0,0,0,0,0
2025-07-04,SOL-02,Solar,613.5,706.6,24,0,0,0.0,0,0,0,0
2025-07-04,WND-01,Wind,3046.5,2256.7,24,0,0,0.0,0,0,0,0
2025-07-04,WND-02,Wind,484.4,1009.8,24,0,0,0.0,0,0,0,0
2025-07-05,BAT-01,Battery Energy Storage,231.7,230.8,24,0,0,0.0,0,0,0,0
2025-07-05,BAT-02,Battery Energy Storage,161.6,153.9,24,0,0,0.0,0,0,0,0
2025-07-05,GAS-01,Natural Gas,10060.3,10000.4,24,0,0,0.0,0,0,0,0
2025-07-05,GAS-02,Natural Gas,438.9,431.3,24,0,0,0.0,0,0,0,0
2025-07-05,SOL-01,Solar,1373.2,1618.0,24,0,0,0.0,0,0,0,0
2025-07-05,SOL-02,Solar,750.6,705.8,24,0,0,0.0,0,0,0,0
2025-07-05,WND-01,Wind,1109.0,1875.7,24,0,0,0.0,0,0,0,0
2025-07-05,WND-02,Wind,371.6,728.9,24,0,0,0.0,0,0,0,0
2025-07-06,BAT-01,Battery Energy Storage,223.2,231.9,24,0,0,0.0,0,0,0,0
2025-07-06,BAT-02,Battery Energy Storage,164.1,154.6,24,0,0,0.0,0,0,0,0
2025-07-06,GAS-01,Natural Gas,8808.4,8895.4,24,0,0,0.0,0,0,0,0
2025-07-06,GAS-02,Natural Gas,4586.1,4545.4,24,0,0,0.0,0,0,0,0
2025-07-06,SOL-01,Solar,1655.1,1616.1,24,0,0,0.0,0,0,0,0
2025-07-06,SOL-02,Solar,825.1,705.0,24,0,0,0.0,0,0,0,0
2025-07-06,WND-01,Wind,1293.4,2034.1,24,0,0,0.0,0,0,0,0
2025-07-06,WND-02,Wind,1689.3,1228.1,24,0,0,0.0,0,0,0,0
2025-07-07,BAT-01,Battery Energy Storage,369.0,375.0,24,0,0,0.0,0,0,0,0
2025-07-07,BAT-02,Battery Energy Storage,229.3,250.0,24,0,0,0.0,0,0,0,0
2025-07-07,GAS-01,Natural Gas,5160.9,9017.0,14,0,10,80388.0,1,0,0,0
2025-07-07,GAS-02,Natural Gas,389.9,391.5,24,0,0,0.0,0,0,0,0
2025-07-07,SOL-01,Solar,1706.8,1614.0,24,0,0,0.0,0,0,0,0
2025-07-07,SOL-02,Solar,864.2,704.1,24,0,0,0.0,0,0,0,0
2025-07-07,WND-01,Wind,2771.0,1922.8,24,0,0,0.0,0,0,0,0
2025-07-07,WND-02,Wind,631.7,1190.8,24,0,0,0.0,0,0,0,0
2025-07-08,BAT-01,Battery Energy Storage,366.9,375.0,24,0,0,0.0,0,0,0,0
2025-07-08,BAT-02,Battery Energy Storage,246.4,250.0,24,0,0,0.0,0,0,0,0
2025-07-08,GAS-01,Natural Gas,8286.6,8492.8,24,0,0,0.0,0,0,0,0
2025-07-08,GAS-02,Natural Gas,472.0,464.7,24,0,0,0.0,0,0,0,0
2025-07-08,SOL-01,Solar,1361.3,1611.9,24,0,0,0.0,0,0,0,0
2025-07-08,SOL-02,Solar,759.4,703.2,24,0,0,0.0,0,0,0,0
2025-07-08,WND-01,Wind,3441.0,2758.6,24,0,0,0.0,0,0,0,0
2025-07-08,WND-02,Wind,1248.8,1063.0,24,0,0,0.0,0,0,0,0
2025-07-09,BAT-01,Battery Energy Storage,374.9,375.0,24,0,0,0.0,0,0,0,0
2025-07-09,BAT-02,Battery Energy Storage,257.0,250.0,24,0,0,0.0,0,0,0,0
2025-07-09,GAS-01,Natural Gas,9283.3,9275.5,24,0,0,0.0,0,0,0,0
2025-07-09,GAS-02,Natural Gas,418.6,421.8,24,0,0,0.0,0,0,0,0
2025-07-09,SOL-01,Solar,1715.2,1609.6,24,0,0,0.0,0,0,0,0
2025-07-09,SOL-02,Solar,846.3,702.2,24,0,0,0.0,0,0,0,0
2025-07-09,WND-01,Wind,1803.4,1658.2,24,0,0,0.0,0,0,0,0
2025-07-09,WND-02,Wind,2851.3,1675.1,24,0,0,0.0,0,0,0,0
2025-07-10,BAT-01,Battery Energy Storage,374.7,375.0,24,0,0,0.0,0,0,0,0
2025-07-10,BAT-02,Battery Energy Storage,263.1,250.0,24,0,0,0.0,0,0,0,0
2025-07-10,GAS-01,Natural Gas,9190.4,9157.7,24,0,0,0.0,0,0,0,0
2025-07-10,GAS-02,Natural Gas,2824.2,2887.9,24,0,0,0.0,0,0,0,0
2025-07-10,SOL-01,Solar,1381.6,1607.2,24,0,0,0.0,0,0,0,0
2025-07-10,SOL-02,Solar,826.4,701.1,24,0,0,0.0,0,0,0,0
2025-07-10,WND-01,Wind,1653.5,1611.3,24,0,0,0.0,0,0,0,0
2025-07-10,WND-02,Wind,2912.0,1706.2,24,0,0,0.0,0,0,0,0
2025-07-11,BAT-01,Battery Energy Storage,393.1,375.0,24,0,0,0.0,0,0,0,0
2025-07-11,BAT-02,Battery Energy Storage,276.3,250.0,24,0,0,0.0,0,0,0,0
2025-07-11,GAS-01,Natural Gas,9031.0,9160.9,24,0,0,0.0,0,0,0,0
2025-07-11,GAS-02,Natural Gas,640.3,632.6,24,0,0,0.0,0,0,0,0
2025-07-11,SOL-01,Solar,1227.5,1604.6,24,0,0,0.0,0,0,0,0
2025-07-11,SOL-02,Solar,854.3,700.0,24,0,0,0.0,0,0,0,0
2025-07-11,WND-01,Wind,1056.2,1569.8,24,0,0,0.0,0,0,0,0
2025-07-11,WND-02,Wind,2022.5,1440.4,24,0,0,0.0,0,0,0,0
2025-07-12,BAT-01,Battery Energy Storage,240.6,237.3,24,0,0,0.0,0,0,0,0
2025-07-12,BAT-02,Battery Energy Storage,168.4,158.2,24,0,0,0.0,0,0,0,0
2025-07-12,GAS-01,Natural Gas,9022.1,8910.3,24,0,0,0.0,0,0,0,0
2025-07-12,GAS-02,Natural Gas,443.8,450.7,24,0,0,0.0,0,0,0,0
2025-07-12,SOL-01,Solar,1502.1,1602.0,24,0,0,0.0,0,0,0,0
2025-07-12,SOL-02,Solar,734.4,698.9,24,0,0,0.0,0,0,0,0
2025-07-12,WND-01,Wind,2315.1,2002.4,24,0,0,0.0,0,0,0,0
2025-07-12,WND-02,Wind,794.1,963.9,24,0,0,0.0,0,0,0,0
2025-07-13,BAT-01,Battery Energy Storage,248.1,238.0,24,0,0,0.0,0,0,0,0
2025-07-13,BAT-02,Battery Energy Storage,167.2,158.7,24,0,0,0.0,0,0,0,0
2025-07-13,GAS-01,Natural Gas,9298.9,9281.9,24,0,0,0.0,0,0,0,0
2025-07-13,GAS-02,Natural Gas,3311.0,3318.8,24,0,0,0.0,0,0,0,0
2025-07-13,SOL-01,Solar,1380.3,1599.2,24,0,0,0.0,0,0,0,0
2025-07-13,SOL-02,Solar,678.1,697.6,24,0,0,0.0,0,0,0,0
2025-07-13,WND-01,Wind,2363.4,1763.4,24,0,0,0.0,0,0,0,0
2025-07-13,WND-02,Wind,148.2,682.7,24,0,0,0.0,0,0,0,0
2025-07-14,BAT-01,Battery Energy Storage,374.8,375.0,24,0,0,0.0,0,0,0,0
2025-07-14,BAT-02,Battery Energy Storage,289.5,250.0,24,0,0,0.0,0,0,0,0
2025-07-14,GAS-01,Natural Gas,9541.7,9389.6,24,0,0,0.0,0,0,0,0
2025-07-14,GAS-02,Natural Gas,3098.1,3090.4,24,0,0,0.0,0,0,0,0
2025-07-14,SOL-01,Solar,1480.5,1596.3,24,0,0,0.0,0,0,0,0
2025-07-14,SOL-02,Solar,587.1,696.4,24,0,0,0.0,0,0,0,0
2025-07-14,WND-01,Wind,1765.6,2010.8,24,0,0,0.0,0,0,0,0
2025-07-14,WND-02,Wind,251.3,721.5,24,0,0,0.0,0,0,0,0
2025-07-15,BAT-01,Battery Energy Storage,380.2,375.0,24,0,0,0.0,0,0,0,0
2025-07-15,BAT-02,Battery Energy Storage,251.4,250.0,24,0,0,0.0,0,0,0,0
2025-07-15,GAS-01,Natural Gas,8981.0,8941.2,24,0,0,0.0,0,0,0,0
2025-07-15,GAS-02,Natural Gas,4501.9,4481.2,24,0,0,0.0,0,0,0,0
2025-07-15,SOL-01,Solar,1737.7,1593.2,24,0,0,0.0,0,0,0,0
2025-07-15,SOL-02,Solar,421.7,434.4,15,9,0,6660.81,1,0,0,0
2025-07-15,WND-01,Wind,1832.8,2040.6,24,0,0,0.0,0,0,0,0
2025-07-15,WND-02,Wind,190.0,614.1,24,0,0,0.0,0,0,0,0
2025-07-16,BAT-01,Battery Energy Storage,369.6,375.0,24,0,0,0.0,0,0,0,0
2025-07-16,BAT-02,Battery Energy Storage,245.7,250.0,24,0,0,0.0,0,0,0,0
2025-07-16,GAS-01,Natural Gas,8648.7,8760.8,24,0,0,0.0,0,0,0,0
2025-07-16,GAS-02,Natural Gas,3565.6,3529.7,24,0,0,0.0,0,0,0,0
2025-07-16,SOL-01,Solar,1745.9,1590.1,24,0,0,0.0,0,0,0,0
2025-07-16,SOL-02,Solar,700.7,693.7,24,0,0,0.0,0,0,0,0
2025-07-16,WND-01,Wind,484.5,1575.6,24,0,0,0.0,0,0,0,0
2025-07-16,WND-02,Wind,143.4,694.6,24,0,0,0.0,0,0,0,0
2025-07-17,BAT-01,Battery Energy Storage,397.6,375.0,24,0,0,0.0,0,0,0,0
2025-07-17,BAT-02,Battery Energy Storage,252.7,250.0,24,0,0,0.0,0,0,0,0
2025-07-17,GAS-01,Natural Gas,9269.3,9218.6,24,0,0,0.0,0,0,0,0
2025-07-17,GAS-02,Natural Gas,499.5,496.1,24,0,0,0.0,0,0,0,0
2025-07-17,SOL-01,Solar,1718.5,1586.8,24,0,0,0.0,0,0,0,0
2025-07-17,SOL-02,Solar,799.6,692.2,24,0,0,0.0,0,0,0,0
2025-07-17,WND-01,Wind,351.8,1229.3,24,0,0,0.0,0,0,0,0
2025-07-17,WND-02,Wind,287.7,975.5,24,0,0,0.0,0,0,0,0
2025-07-18,BAT-01,Battery Energy Storage,382.3,375.0,24,0,0,0.0,0,0,0,0
2025-07-18,BAT-02,Battery Energy Storage,236.3,250.0,24,0,0,0.0,0,0,0,0
2025-07-18,GAS-01,Natural Gas,8470.3,8402.7,24,0,0,0.0,0,0,0,0
2025-07-18,GAS-02,Natural Gas,412.7,410.0,24,0,0,0.0,0,0,0,0
2025-07-18,SOL-01,Solar,1352.6,1583.4,24,0,0,0.0,0,0,0,0
2025-07-18,SOL-02,Solar,810.7,690.8,24,0,0,0.0,0,0,0,0
2025-07-18,WND-01,Wind,742.6,1477.1,24,0,0,0.0,0,0,0,0
2025-07-18,WND-02,Wind,501.4,965.6,24,0,0,0.0,0,0,0,0
2025-07-19,BAT-01,Battery Energy Storage,238.7,241.0,24,0,0,0.0,0,0,0,0
2025-07-19,BAT-02,Battery Energy Storage,161.3,160.7,24,0,0,0.0,0,0,0,0
2025-07-19,GAS-01,Natural Gas,8431.4,8487.1,24,0,0,0.0,0,0,0,0
2025-07-19,GAS-02,Natural Gas,2963.9,2992.3,24,0,0,0.0,0,0,0,0
2025-07-19,SOL-01,Solar,1648.2,1579.9,24,0,0,0.0,0,0,0,0
2025-07-19,SOL-02,Solar,736.3,689.2,24,0,0,0.0,0,0,0,0
2025-07-19,WND-01,Wind,1511.2,1776.4,24,0,0,0.0,0,0,0,0
2025-07-19,WND-02,Wind,1039.7,1039.7,24,0,0,0.0,0,0,1,0
2025-07-20,BAT-01,Battery Energy Storage,238.6,241.3,24,0,0,0.0,0,0,0,0
2025-07-20,BAT-02,Battery Energy Storage,144.2,160.9,24,0,0,0.0,0,0,0,0
2025-07-20,GAS-01,Natural Gas,8636.5,8788.6,24,0,0,0.0,0,0,0,0
2025-07-20,GAS-02,Natural Gas,348.8,347.6,24,0,0,0.0,0,0,0,0
2025-07-20,SOL-01,Solar,1665.9,1576.3,24,0,0,0.0,0,0,0,0
2025-07-20,SOL-02,Solar,828.4,687.6,24,0,0,0.0,0,0,0,0
2025-07-20,WND-01,Wind,605.5,1756.8,24,0,0,0.0,0,0,0,0
2025-07-20,WND-02,Wind,286.9,827.6,24,0,0,0.0,0,0,0,0
2025-07-21,BAT-01,Battery Energy Storage,372.5,375.0,24,0,0,0.0,0,0,0,0
2025-07-21,BAT-02,Battery Energy Storage,242.1,250.0,24,0,0,0.0,0,0,0,0
2025-07-21,GAS-01,Natural Gas,8032.6,8022.9,24,0,0,0.0,0,0,0,0
2025-07-21,GAS-02,Natural Gas,3101.1,3158.2,24,0,0,0.0,0,0,0,0
2025-07-21,SOL-01,Solar,1701.8,1572.5,24,0,0,0.0,0,0,0,0
2025-07-21,SOL-02,Solar,522.0,686.0,24,0,0,0.0,0,0,0,0
2025-07-21,WND-01,Wind,748.1,967.8,24,0,0,0.0,0,0,0,0
2025-07-21,WND-02,Wind,210.9,589.7,24,0,0,0.0,0,0,0,0
2025-07-22,BAT-01,Battery Energy Storage,375.7,375.0,24,0,0,0.0,0,0,0,0
2025-07-22,BAT-02,Battery Energy Storage,248.3,250.0,24,0,0,0.0,0,0,0,0
2025-07-22,GAS-01,Natural Gas,9077.8,9188.2,24,0,0,0.0,0,0,0,0
2025-07-22,GAS-02,Natural Gas,3051.2,2995.1,24,0,0,0.0,0,0,0,0
2025-07-22,SOL-01,Solar,1519.9,1568.6,24,0,0,0.0,0,0,0,0
2025-07-22,SOL-02,Solar,755.7,684.3,24,0,0,0.0,0,0,0,0
2025-07-22,WND-01,Wind,1611.4,1626.9,24,0,0,0.0,0,0,0,0
2025-07-22,WND-02,Wind,418.2,749.0,24,0,0,0.0,0,0,0,0
2025-07-23,BAT-01,Battery Energy Storage,373.7,375.0,24,0,0,0.0,0,0,0,0
2025-07-23,BAT-02,Battery Energy Storage,264.2,250.0,24,0,0,0.0,0,0,0,0
2025-07-23,GAS-01,Natural Gas,8488.7,8376.0,24,0,0,0.0,0,0,0,0
2025-07-23,GAS-02,Natural Gas,2774.3,2821.8,24,0,0,0.0,0,0,0,0
2025-07-23,SOL-01,Solar,1549.8,1564.7,24,0,0,0.0,0,0,0,0
2025-07-23,SOL-02,Solar,820.8,682.6,24,0,0,0.0,0,0,0,0
2025-07-23,WND-01,Wind,900.3,1550.1,24,0,0,0.0,0,0,0,0
2025-07-23,WND-02,Wind,533.3,944.9,24,0,0,0.0,0,0,0,0
2025-07-24,BAT-01,Battery Energy Storage,362.4,375.0,24,0,0,0.0,0,0,0,0
2025-07-24,BAT-02,Battery Energy Storage,266.7,250.0,24,0,0,0.0,0,0,0,0
2025-07-24,GAS-01,Natural Gas,8556.9,8598.9,24,0,0,0.0,0,0,0,0
2025-07-24,GAS-02,Natural Gas,384.1,385.7,24,0,0,0.0,0,0,0,0
2025-07-24,SOL-01,Solar,1598.9,1560.6,24,0,0,0.0,0,0,0,0
2025-07-24,SOL-02,Solar,366.0,680.8,24,0,0,0.0,0,0,0,0
2025-07-24,WND-01,Wind,1294.0,1488.9,24,0,0,0.0,0,0,0,0
2025-07-24,WND-02,Wind,2015.8,1543.2,24,0,0,0.0,0,0,0,0
2025-07-25,BAT-01,Battery Energy Storage,392.2,375.0,24,0,0,0.0,0,0,0,0
2025-07-25,BAT-02,Battery Energy Storage,235.5,250.0,24,0,0,0.0,0,0,0,0
2025-07-25,GAS-01,Natural Gas,8896.4,8716.1,24,0,0,0.0,0,0,0,0
2025-07-25,GAS-02,Natural Gas,461.7,469.1,24,0,0,0.0,0,0,0,0
2025-07-25,SOL-01,Solar,1516.3,1556.4,24,0,0,0.0,0,0,0,0
2025-07-25,SOL-02,Solar,567.1,679.0,24,0,0,0.0,0,0,0,0
2025-07-25,WND-01,Wind,752.2,864.1,12,12,0,18197.19,1,0,0,0
2025-07-25,WND-02,Wind,1740.8,1141.6,24,0,0,0.0,0,0,0,0
2025-07-26,BAT-01,Battery Energy Storage,253.7,241.7,24,0,0,0.0,0,0,0,0
2025-07-26,BAT-02,Battery Energy Storage,181.2,161.1,24,0,0,0.0,0,0,0,0
2025-07-26,GAS-01,Natural Gas,8605.5,8830.6,24,0,0,0.0,0,0,0,0
2025-07-26,GAS-02,Natural Gas,581.5,586.6,24,0,0,0.0,0,0,0,0
2025-07-26,SOL-01,Solar,1418.6,1552.1,24,0,0,0.0,0,0,0,0
2025-07-26,SOL-02,Solar,683.1,677.1,24,0,0,0.0,0,0,0,0
2025-07-26,WND-01,Wind,2701.9,2168.4,24,0,0,0.0,0,0,0,0
2025-07-26,WND-02,Wind,398.1,714.8,24,0,0,0.0,0,0,0,0
2025-07-27,BAT-01,Battery Energy Storage,267.4,241.5,24,0,0,0.0,0,0,0,0
2025-07-27,BAT-02,Battery Energy Storage,162.5,161.0,24,0,0,0.0,0,0,0,0
2025-07-27,GAS-01,Natural Gas,8670.9,8656.9,24,0,0,0.0,0,0,0,0
2025-07-27,GAS-02,Natural Gas,280.5,280.5,24,0,0,0.0,0,0,0,0
2025-07-27,SOL-01,Solar,1513.8,1547.6,24,0,0,0.0,0,0,0,0
2025-07-27,SOL-02,Solar,799.1,675.2,24,0,0,0.0,0,0,0,0
2025-07-27,WND-01,Wind,2331.6,1934.5,24,0,0,0.0,0,0,0,0
2025-07-27,WND-02,Wind,889.9,1248.2,24,0,0,0.0,0,0,0,0
2025-07-28,BAT-01,Battery Energy Storage,361.4,375.0,24,0,0,0.0,0,0,0,0
2025-07-28,BAT-02,Battery Energy Storage,253.6,250.0,24,0,0,0.0,0,0,0,0
2025-07-28,GAS-01,Natural Gas,8932.9,8782.2,24,0,0,0.0,0,0,0,0
2025-07-28,GAS-02,Natural Gas,2972.6,2991.6,24,0,0,0.0,0,0,0,0
2025-07-28,SOL-01,Solar,1439.2,1543.1,24,0,0,0.0,0,0,0,0
2025-07-28,SOL-02,Solar,471.3,673.2,24,0,0,0.0,0,0,0,0
2025-07-28,WND-01,Wind,2111.0,2010.0,24,0,0,0.0,0,0,0,0
2025-07-28,WND-02,Wind,1305.8,1116.6,24,0,0,0.0,0,0,0,0
2025-07-29,BAT-01,Battery Energy Storage,390.0,375.0,24,0,0,0.0,0,0,0,0
2025-07-29,BAT-02,Battery Energy Storage,225.7,250.0,24,0,0,0.0,0,0,0,0
2025-07-29,GAS-01,Natural Gas,8691.9,8785.8,24,0,0,0.0,0,0,0,0
2025-07-29,GAS-02,Natural Gas,370.9,365.9,24,0,0,0.0,0,0,0,0
2025-07-29,SOL-01,Solar,1370.7,1538.5,24,0,0,0.0,0,0,0,0
2025-07-29,SOL-02,Solar,784.0,671.2,24,0,0,0.0,0,0,0,0
2025-07-29,WND-01,Wind,2613.4,2302.2,24,0,0,0.0,0,0,0,0
2025-07-29,WND-02,Wind,1089.6,1274.4,24,0,0,0.0,0,0,0,0
2025-07-30,BAT-01,Battery Energy Storage,332.0,375.0,24,0,0,0.0,0,0,0,0
2025-07-30,BAT-02,Battery Energy Storage,240.7,250.0,24,0,0,0.0,0,0,0,0
2025-07-30,GAS-01,Natural Gas,8593.6,8610.0,24,0,0,0.0,0,0,0,0
2025-07-30,GAS-02,Natural Gas,3369.0,3359.8,24,0,0,0.0,0,0,0,0
2025-07-30,SOL-01,Solar,1437.9,1533.7,24,0,0,0.0,0,0,0,0
2025-07-30,SOL-02,Solar,332.2,473.9,17,7,0,4616.49,1,0,0,0
2025-07-30,WND-01,Wind,1599.4,1769.6,24,0,0,0.0,0,0,0,0
2025-07-30,WND-02,Wind,335.6,772.1,24,0,0,0.0,0,0,0,0
2025-07-31,BAT-01,Battery Energy Storage,393.7,375.0,24,0,0,0.0,0,0,0,0
2025-07-31,BAT-02,Battery Energy Storage,265.7,250.0,24,0,0,0.0,0,0,0,0
2025-07-31,GAS-01,Natural Gas,8421.2,8462.1,24,0,0,0.0,0,0,0,0
2025-07-31,GAS-02,Natural Gas,3580.3,3600.3,24,0,0,0.0,0,0,0,0
2025-07-31,SOL-01,Solar,1648.9,1528.9,24,0,0,0.0,0,0,0,0
2025-07-31,SOL-02,Solar,730.4,667.0,24,0,0,0.0,0,0,0,0
2025-07-31,WND-01,Wind,1564.0,1714.2,24,0,0,0.0,0,0,0,0
2025-07-31,WND-02,Wind,1788.1,1296.6,24,0,0,0.0,0,0,0,0
2025-08-01,BAT-01,Battery Energy Storage,342.2,375.0,24,0,0,0.0,0,0,0,0
2025-08-01,BAT-02,Battery Energy Storage,252.5,250.0,24,0,0,0.0,0,0,0,0
2025-08-01,GAS-01,Natural Gas,9227.0,9303.4,24,0,0,0.0,0,0,0,0
2025-08-01,GAS-02,Natural Gas,413.9,414.6,24,0,0,0.0,0,0,0,0
2025-08-01,SOL-01,Solar,1273.3,1523.9,24,0,0,0.0,0,0,0,0
2025-08-01,SOL-02,Solar,501.9,664.8,24,0,0,0.0,0,0,0,0
2025-08-01,WND-01,Wind,1404.8,1714.7,24,0,0,0.0,0,0,0,0
2025-08-01,WND-02,Wind,727.5,865.0,24,0,0,0.0,0,0,0,0
2025-08-02,BAT-01,Battery Energy Storage,225.2,239.3,24,0,0,0.0,0,0,0,0
2025-08-02,BAT-02,Battery Energy Storage,160.6,159.5,24,0,0,0.0,0,0,0,0
2025-08-02,GAS-01,Natural Gas,7881.3,7858.2,24,0,0,0.0,0,0,0,0
2025-08-02,GAS-02,Natural Gas,4304.9,4242.8,24,0,0,0.0,0,0,0,0
2025-08-02,SOL-01,Solar,1311.0,1518.9,24,0,0,0.0,0,0,0,0
2025-08-02,SOL-02,Solar,753.4,662.6,24,0,0,0.0,0,0,0,0
2025-08-02,WND-01,Wind,1471.7,1772.1,24,0,0,0.0,0,0,0,0
2025-08-02,WND-02,Wind,1282.3,1224.6,24,0,0,0.0,0,0,0,0
2025-08-03,BAT-01,Battery Energy Storage,243.5,238.7,24,0,0,0.0,0,0,0,0
2025-08-03,BAT-02,Battery Energy Storage,161.3,159.1,24,0,0,0.0,0,0,0,0
2025-08-03,GAS-01,Natural Gas,8583.9,8719.5,24,0,0,0.0,0,0,0,0
2025-08-03,GAS-02,Natural Gas,2688.1,2659.1,24,0,0,0.0,0,0,0,0
2025-08-03,SOL-01,Solar,1647.0,1513.7,24,0,0,0.0,0,0,0,0
2025-08-03,SOL-02,Solar,699.7,660.4,24,0,0,0.0,0,0,0,0
2025-08-03,WND-01,Wind,2116.6,1650.0,24,0,0,0.0,0,0,0,0
2025-08-03,WND-02,Wind,1302.9,1289.2,24,0,0,0.0,0,0,0,0
2025-08-04,BAT-01,Battery Energy Storage,361.0,375.0,24,0,0,0.0,0,0,0,0
2025-08-04,BAT-02,Battery Energy Storage,228.4,250.0,24,0,0,0.0,0,0,0,0
2025-08-04,GAS-01,Natural Gas,8588.7,8600.1,24,0,0,0.0,0,0,0,0
2025-08-04,GAS-02,Natural Gas,3379.0,3425.8,24,0,0,0.0,0,0,0,0
2025-08-04,SOL-01,Solar,1574.6,1508.5,24,0,0,0.0,0,0,0,0
2025-08-04,SOL-02,Solar,399.7,658.1,24,0,0,0.0,0,0,0,0
2025-08-04,WND-01,Wind,2423.3,2207.7,24,0,0,0.0,0,0,0,0
2025-08-04,WND-02,Wind,1607.0,1069.1,24,0,0,0.0,0,0,0,0
2025-08-05,BAT-01,Battery Energy Storage,357.9,375.0,24,0,0,0.0,0,0,0,0
2025-08-05,BAT-02,Battery Energy Storage,248.6,250.0,24,0,0,0.0,0,0,0,0
2025-08-05,GAS-01,Natural Gas,9058.5,9002.8,24,0,0,0.0,0,0,0,0
2025-08-05,GAS-02,Natural Gas,4195.1,4229.6,24,0,0,0.0,0,0,0,0
2025-08-05,SOL-01,Solar,1480.5,1503.1,24,0,0,0.0,0,0,0,0
2025-08-05,SOL-02,Solar,630.8,655.7,24,0,0,0.0,0,0,0,0
2025-08-05,WND-01,Wind,1822.2,1811.4,24,0,0,0.0,0,0,0,0
2025-08-05,WND-02,Wind,2688.6,1495.3,24,0,0,0.0,0,0,0,0
2025-08-06,BAT-01,Battery Energy Storage,364.1,375.0,24,0,0,0.0,0,0,0,0
2025-08-06,BAT-02,Battery Energy Storage,271.1,250.0,24,0,0,0.0,0,0,0,0
2025-08-06,GAS-01,Natural Gas,8132.1,8153.1,24,0,0,0.0,0,0,0,0
2025-08-06,GAS-02,Natural Gas,304.8,303.1,24,0,0,0.0,0,0,0,0
2025-08-06,SOL-01,Solar,1237.4,1497.7,24,0,0,0.0,0,0,0,0
2025-08-06,SOL-02,Solar,710.1,653.4,24,0,0,0.0,0,0,0,0
2025-08-06,WND-01,Wind,1942.8,2212.6,24,0,0,0.0,0,0,0,0
2025-08-06,WND-02,Wind,2384.9,1585.4,24,0,0,0.0,0,0,0,0
2025-08-07,BAT-01,Battery Energy Storage,391.4,375.0,24,0,0,0.0,0,0,0,0
2025-08-07,BAT-02,Battery Energy Storage,266.3,250.0,24,0,0,0.0,0,0,0,0
2025-08-07,GAS-01,Natural Gas,4948.4,8586.1,14,0,10,80388.0,1,0,0,0
2025-08-07,GAS-02,Natural Gas,3680.1,3664.6,24,0,0,0.0,0,0,0,0
2025-08-07,SOL-01,Solar,1610.1,1492.1,24,0,0,0.0,0,0,0,0
2025-08-07,SOL-02,Solar,239.0,650.9,24,0,0,0.0,0,0,0,0
2025-08-07,WND-01,Wind,2915.8,2406.1,24,0,0,0.0,0,0,0,0
2025-08-07,WND-02,Wind,1357.7,1110.1,24,0,0,0.0,0,0,0,0
2025-08-08,BAT-01,Battery Energy Storage,354.0,375.0,24,0,0,0.0,0,0,0,0
2025-08-08,BAT-02,Battery Energy Storage,248.1,250.0,24,0,0,0.0,0,0,0,0
2025-08-08,GAS-01,Natural Gas,8874.7,8766.4,24,0,0,0.0,0,0,0,0
2025-08-08,GAS-02,Natural Gas,440.2,445.8,24,0,0,0.0,0,0,0,0
2025-08-08,SOL-01,Solar,1538.0,1486.5,24,0,0,0.0,0,0,0,0
2025-08-08,SOL-02,Solar,308.6,648.5,24,0,0,0.0,0,0,0,0
2025-08-08,WND-01,Wind,2101.0,2253.0,24,0,0,0.0,0,0,0,0
2025-08-08,WND-02,Wind,2032.9,1278.2,24,0,0,0.0,0,0,0,0
2025-08-09,BAT-01,Battery Energy Storage,233.2,234.0,24,0,0,0.0,0,0,0,0
2025-08-09,BAT-02,Battery Energy Storage,120.9,110.5,17,7,0,3474.71,1,0,0,0
2025-08-09,GAS-01,Natural Gas,9379.7,9298.2,24,0,0,0.0,0,0,0,0
2025-08-09,GAS-02,Natural Gas,666.0,660.1,24,0,0,0.0,0,0,0,0
2025-08-09,SOL-01,Solar,1304.6,1480.8,24,0,0,0.0,0,0,0,0
2025-08-09,SOL-02,Solar,689.9,646.0,24,0,0,0.0,0,0,0,0
2025-08-09,WND-01,Wind,2153.4,1816.8,24,0,0,0.0,0,0,0,0
2025-08-09,WND-02,Wind,1132.5,1186.9,24,0,0,0.0,0,0,0,0
2025-08-10,BAT-01,Battery Energy Storage,227.7,233.0,24,0,0,0.0,0,0,0,0
2025-08-10,BAT-02,Battery Energy Storage,143.6,155.3,24,0,0,0.0,0,0,0,0
2025-08-10,GAS-01,Natural Gas,8851.5,8963.5,24,0,0,0.0,0,0,0,0
2025-08-10,GAS-02,Natural Gas,548.0,554.0,24,0,0,0.0,0,0,0,0
2025-08-10,SOL-01,Solar,1329.4,1475.0,24,0,0,0.0,0,0,0,0
2025-08-10,SOL-02,Solar,685.8,643.5,24,0,0,0.0,0,0,0,0
2025-08-10,WND-01,Wind,1980.4,1890.3,24,0,0,0.0,0,0,0,0
2025-08-10,WND-02,Wind,1194.0,1222.3,24,0,0,0.0,0,0,0,0
2025-08-11,BAT-01,Battery Energy Storage,392.6,374.2,24,0,0,0.0,0,0,0,0
2025-08-11,BAT-02,Battery Energy Storage,234.9,249.5,24,0,0,0.0,0,0,0,0
2025-08-11,GAS-01,Natural Gas,8147.4,8276.0,24,0,0,0.0,0,0,0,0
2025-08-11,GAS-02,Natural Gas,524.0,515.9,24,0,0,0.0,0,0,0,0
2025-08-11,SOL-01,Solar,1583.5,1469.1,24,0,0,0.0,0,0,0,0
2025-08-11,SOL-02,Solar,750.8,640.9,24,0,0,0.0,0,0,0,0
2025-08-11,WND-01,Wind,1938.6,1701.4,24,0,0,0.0,0,0,0,0
2025-08-11,WND-02,Wind,344.9,706.2,24,0,0,0.0,0,0,0,0
2025-08-12,BAT-01,Battery Energy Storage,391.4,372.4,24,0,0,0.0,0,0,0,0
2025-08-12,BAT-02,Battery Energy Storage,276.0,248.3,24,0,0,0.0,0,0,0,0
2025-08-12,GAS-01,Natural Gas,8493.5,8591.7,24,0,0,0.0,0,0,0,0
2025-08-12,GAS-02,Natural Gas,359.6,357.4,24,0,0,0.0,0,0,0,0
2025-08-12,SOL-01,Solar,1432.6,1463.1,24,0,0,0.0,0,0,0,0
2025-08-12,SOL-02,Solar,766.1,638.3,24,0,0,0.0,0,0,0,0
2025-08-12,WND-01,Wind,1018.8,1478.8,24,0,0,0.0,0,0,0,0
2025-08-12,WND-02,Wind,101.9,668.6,24,0,0,0.0,0,0,0,0
2025-08-13,BAT-01,Battery Energy Storage,329.8,370.6,24,0,0,0.0,0,0,0,0
2025-08-13,BAT-02,Battery Energy Storage,255.6,247.1,24,0,0,0.0,0,0,0,0
2025-08-13,GAS-01,Natural Gas,9275.0,9214.7,24,0,0,0.0,0,0,0,0
2025-08-13,GAS-02,Natural Gas,3620.2,3670.0,24,0,0,0.0,0,0,0,0
2025-08-13,SOL-01,Solar,1084.3,1457.1,24,0,0,0.0,0,0,0,0
2025-08-13,SOL-02,Solar,619.5,635.6,24,0,0,0.0,0,0,0,0
2025-08-13,WND-01,Wind,2103.2,2280.9,24,0,0,0.0,0,0,0,0
2025-08-13,WND-02,Wind,455.0,663.9,24,0,0,0.0,0,0,0,0
2025-08-14,BAT-01,Battery Energy Storage,293.9,276.5,18,6,0,3232.22,1,0,0,0
2025-08-14,BAT-02,Battery Energy Storage,241.5,245.8,24,0,0,0.0,0,0,0,0
2025-08-14,GAS-01,Natural Gas,8295.5,8268.1,24,0,0,0.0,0,0,0,0
2025-08-14,GAS-02,Natural Gas,4347.4,4375.2,24,0,0,0.0,0,0,0,0
2025-08-14,SOL-01,Solar,1309.3,1450.9,24,0,0,0.0,0,0,0,0
2025-08-14,SOL-02,Solar,675.2,633.0,24,0,0,0.0,0,0,0,0
2025-08-14,WND-01,Wind,1600.0,2148.7,24,0,0,0.0,0,0,0,0
2025-08-14,WND-02,Wind,907.0,866.5,24,0,0,0.0,0,0,0,0
2025-08-15,BAT-01,Battery Energy Storage,353.3,366.7,24,0,0,0.0,0,0,0,0
2025-08-15,BAT-02,Battery Energy Storage,243.7,244.5,24,0,0,0.0,0,0,0,0
2025-08-15,GAS-01,Natural Gas,8860.3,8777.1,24,0,0,0.0,0,0,0,0
2025-08-15,GAS-02,Natural Gas,632.5,636.6,24,0,0,0.0,0,0,0,0
2025-08-15,SOL-01,Solar,1287.9,1444.7,24,0,0,0.0,0,0,0,0
2025-08-15,SOL-02,Solar,740.9,630.3,24,0,0,0.0,0,0,0,0
2025-08-15,WND-01,Wind,2341.8,1863.1,24,0,0,0.0,0,0,0,0
2025-08-15,WND-02,Wind,66.9,640.7,24,0,0,0.0,0,0,0,0
2025-08-16,BAT-01,Battery Energy Storage,229.3,226.1,24,0,0,0.0,0,0,0,0
2025-08-16,BAT-02,Battery Energy Storage,143.4,150.7,24,0,0,0.0,0,0,0,0
2025-08-16,GAS-01,Natural Gas,8774.2,8808.7,24,0,0,0.0,0,0,0,0
2025-08-16,GAS-02,Natural Gas,531.7,530.7,24,0,0,0.0,0,0,0,0
2025-08-16,SOL-01,Solar,1377.3,1438.4,24,0,0,0.0,0,0,0,0
2025-08-16,SOL-02,Solar,375.7,627.5,24,0,0,0.0,0,0,0,0
2025-08-16,WND-01,Wind,1854.1,1840.8,24,0,0,0.0,0,0,0,0
2025-08-16,WND-02,Wind,677.2,901.7,24,0,0,0.0,0,0,0,0
2025-08-17,BAT-01,Battery Energy Storage,212.1,224.8,24,0,0,0.0,0,0,0,0
2025-08-17,BAT-02,Battery Energy Storage,152.3,149.9,24,0,0,0.0,0,0,0,0
2025-08-17,GAS-01,Natural Gas,8542.0,8637.8,24,0,0,0.0,0,0,0,0
2025-08-17,GAS-02,Natural Gas,380.1,381.0,24,0,0,0.0,0,0,0,0
2025-08-17,SOL-01,Solar,1456.1,1432.0,24,0,0,0.0,0,0,0,0
2025-08-17,SOL-02,Solar,702.3,624.7,24,0,0,0.0,0,0,0,0
2025-08-17,WND-01,Wind,1520.8,1801.7,24,0,0,0.0,0,0,0,0
2025-08-17,WND-02,Wind,353.3,655.8,24,0,0,0.0,0,0,0,0
2025-08-18,BAT-01,Battery Energy Storage,368.4,360.4,24,0,0,0.0,0,0,0,0
2025-08-18,BAT-02,Battery Energy Storage,243.1,240.2,24,0,0,0.0,0,0,0,0
2025-08-18,GAS-01,Natural Gas,10146.2,10035.6,24,0,0,0.0,0,0,0,0
2025-08-18,GAS-02,Natural Gas,3342.0,3388.5,24,0,0,0.0,0,0,0,0
2025-08-18,SOL-01,Solar,1414.5,1425.6,24,0,0,0.0,0,0,0,0
2025-08-18,SOL-02,Solar,662.5,621.9,24,0,0,0.0,0,0,0,0
2025-08-18,WND-01,Wind,2402.8,2254.3,24,0,0,0.0,0,0,0,0
2025-08-18,WND-02,Wind,1459.1,1078.6,24,0,0,0.0,0,0,0,0
2025-08-19,BAT-01,Battery Energy Storage,412.9,358.1,24,0,0,0.0,0,0,0,0
2025-08-19,BAT-02,Battery Energy Storage,239.0,238.7,24,0,0,0.0,0,0,0,0
2025-08-19,GAS-01,Natural Gas,8568.3,8625.6,24,0,0,0.0,0,0,0,0
2025-08-19,GAS-02,Natural Gas,736.5,749.0,24,0,0,0.0,0,0,0,0
2025-08-19,SOL-01,Solar,1359.0,1419.1,24,0,0,0.0,0,0,0,0
2025-08-19,SOL-02,Solar,685.8,619.1,24,0,0,0.0,0,0,0,0
2025-08-19,WND-01,Wind,2947.4,1941.6,24,0,0,0.0,0,0,0,0
2025-08-19,WND-02,Wind,1034.3,895.1,24,0,0,0.0,0,0,0,0
2025-08-20,BAT-01,Battery Energy Storage,358.5,355.8,24,0,0,0.0,0,0,0,0
2025-08-20,BAT-02,Battery Energy Storage,220.7,237.2,24,0,0,0.0,0,0,0,0
2025-08-20,GAS-01,Natural Gas,9037.0,9016.8,24,0,0,0.0,0,0,0,0
2025-08-20,GAS-02,Natural Gas,456.9,453.9,24,0,0,0.0,0,0,0,0
2025-08-20,SOL-01,Solar,1536.5,1412.5,24,0,0,0.0,0,0,0,0
2025-08-20,SOL-02,Solar,462.5,616.2,24,0,0,0.0,0,0,0,0
2025-08-20,WND-01,Wind,2814.2,1934.5,24,0,0,0.0,0,0,0,0
2025-08-20,WND-02,Wind,367.4,835.3,24,0,0,0.0,0,0,0,0
2025-08-21,BAT-01,Battery Energy Storage,343.7,353.4,24,0,0,0.0,0,0,0,0
2025-08-21,BAT-02,Battery Energy Storage,239.3,235.6,24,0,0,0.0,0,0,0,0
2025-08-21,GAS-01,Natural Gas,8307.8,8465.2,24,0,0,0.0,0,0,0,0
2025-08-21,GAS-02,Natural Gas,547.9,546.0,24,0,0,0.0,0,0,0,0
2025-08-21,SOL-01,Solar,1166.2,1405.8,24,0,0,0.0,0,0,0,0
2025-08-21,SOL-02,Solar,200.2,613.3,24,0,0,0.0,0,0,0,0
2025-08-21,WND-01,Wind,3097.7,2475.7,24,0,0,0.0,0,0,0,0
2025-08-21,WND-02,Wind,671.8,664.8,24,0,0,0.0,0,0,0,0
2025-08-22,BAT-01,Battery Energy Storage,346.1,351.0,24,0,0,0.0,0,0,0,0
2025-08-22,BAT-02,Battery Energy Storage,226.6,234.0,24,0,0,0.0,0,0,0,0
2025-08-22,GAS-01,Natural Gas,8990.3,9052.2,24,0,0,0.0,0,0,0,0
2025-08-22,GAS-02,Natural Gas,3759.2,3754.4,24,0,0,0.0,0,0,0,0
2025-08-22,SOL-01,Solar,1349.1,1399.1,24,0,0,0.0,0,0,0,0
2025-08-22,SOL-02,Solar,508.3,610.4,24,0,0,0.0,0,0,0,0
2025-08-22,WND-01,Wind,2589.2,1797.6,24,0,0,0.0,0,0,0,0
2025-08-22,WND-02,Wind,306.5,637.6,24,0,0,0.0,0,0,0,0
2025-08-23,BAT-01,Battery Energy Storage,197.0,216.1,24,0,0,0.0,0,0,0,0
2025-08-23,BAT-02,Battery Energy Storage,135.5,144.0,24,0,0,0.0,0,0,0,0
2025-08-23,GAS-01,Natural Gas,9319.3,9207.8,24,0,0,0.0,0,0,0,0
2025-08-23,GAS-02,Natural Gas,491.8,490.2,24,0,0,0.0,0,0,0,0
2025-08-23,SOL-01,Solar,1075.7,1392.3,24,0,0,0.0,0,0,0,0
2025-08-23,SOL-02,Solar,573.8,607.4,24,0,0,0.0,0,0,0,0
2025-08-23,WND-01,Wind,2420.1,2054.9,24,0,0,0.0,0,0,0,0
2025-08-23,WND-02,Wind,1417.1,924.9,24,0,0,0.0,0,0,0,0
2025-08-24,BAT-01,Battery Energy Storage,233.1,214.5,24,0,0,0.0,0,0,0,0
2025-08-24,BAT-02,Battery Energy Storage,153.9,143.0,24,0,0,0.0,0,0,0,0
2025-08-24,GAS-01,Natural Gas,8472.6,8546.1,24,0,0,0.0,0,0,0,0
2025-08-24,GAS-02,Natural Gas,296.9,299.1,24,0,0,0.0,0,0,0,0
2025-08-24,SOL-01,Solar,1394.0,1385.5,24,0,0,0.0,0,0,0,0
2025-08-24,SOL-02,Solar,614.1,604.4,24,0,0,0.0,0,0,0,0
2025-08-24,WND-01,Wind,1892.3,2003.1,24,0,0,0.0,0,0,0,0
2025-08-24,WND-02,Wind,1257.5,1171.6,24,0,0,0.0,0,0,0,0
2025-08-25,BAT-01,Battery Energy Storage,349.8,343.4,24,0,0,0.0,0,0,0,0
2025-08-25,BAT-02,Battery Energy Storage,258.7,228.9,24,0,0,0.0,0,0,0,0
2025-08-25,GAS-01,Natural Gas,8873.9,8788.0,24,0,0,0.0,0,0,0,0
2025-08-25,GAS-02,Natural Gas,481.0,479.9,24,0,0,0.0,0,0,0,0
2025-08-25,SOL-01,Solar,870.4,804.2,14,10,0,8972.97,1,0,0,0
2025-08-25,SOL-02,Solar,511.8,601.4,24,0,0,0.0,0,0,0,0
2025-08-25,WND-01,Wind,2504.5,2272.8,24,0,0,0.0,0,0,0,0
2025-08-25,WND-02,Wind,1065.1,823.0,24,0,0,0.0,0,0,0,0
2025-08-26,BAT-01,Battery Energy Storage,319.3,340.7,24,0,0,0.0,0,0,0,0
2025-08-26,BAT-02,Battery Energy Storage,253.6,227.1,24,0,0,0.0,0,0,0,0
2025-08-26,GAS-01,Natural Gas,8171.5,8406.7,24,0,0,0.0,0,0,0,0
2025-08-26,GAS-02,Natural Gas,4041.4,3921.9,24,0,0,0.0,0,0,0,0
2025-08-26,SOL-01,Solar,1402.7,1371.6,24,0,0,0.0,0,0,0,0
2025-08-26,SOL-02,Solar,388.2,598.4,24,0,0,0.0,0,0,0,0
2025-08-26,WND-01,Wind,1932.6,1960.3,24,0,0,0.0,0,0,0,0
2025-08-26,WND-02,Wind,1473.2,1195.8,24,0,0,0.0,0,0,0,0
2025-08-27,BAT-01,Battery Energy Storage,317.4,338.0,24,0,0,0.0,0,0,0,0
2025-08-27,BAT-02,Battery Energy Storage,234.2,225.4,24,0,0,0.0,0,0,0,0
2025-08-27,GAS-01,Natural Gas,8238.0,8293.7,24,0,0,0.0,0,0,0,0
2025-08-27,GAS-02,Natural Gas,3952.6,3897.7,24,0,0,0.0,0,0,0,0
2025-08-27,SOL-01,Solar,1457.0,1364.6,24,0,0,0.0,0,0,0,0
2025-08-27,SOL-02,Solar,524.2,595.3,24,0,0,0.0,0,0,0,0
2025-08-27,WND-01,Wind,2928.9,2252.9,24,0,0,0.0,0,0,0,0
2025-08-27,WND-02,Wind,639.5,1111.3,24,0,0,0.0,0,0,0,0
2025-08-28,BAT-01,Battery Energy Storage,335.6,335.3,24,0,0,0.0,0,0,0,0
2025-08-28,BAT-02,Battery Energy Storage,220.0,223.6,24,0,0,0.0,0,0,0,0
2025-08-28,GAS-01,Natural Gas,9264.0,9283.1,24,0,0,0.0,0,0,0,0
2025-08-28,GAS-02,Natural Gas,263.7,264.6,24,0,0,0.0,0,0,0,0
2025-08-28,SOL-01,Solar,1453.5,1357.5,24,0,0,0.0,0,0,0,0
2025-08-28,SOL-02,Solar,423.7,592.2,24,0,0,0.0,0,0,0,0
2025-08-28,WND-01,Wind,2464.1,2361.5,24,0,0,0.0,0,0,0,0
2025-08-28,WND-02,Wind,132.5,884.2,24,0,0,0.0,0,0,0,0
2025-08-29,BAT-01,Battery Energy Storage,351.2,332.6,24,0,0,0.0,0,0,0,0
2025-08-29,BAT-02,Battery Energy Storage,220.8,221.7,24,0,0,0.0,0,0,0,0
2025-08-29,GAS-01,Natural Gas,8740.5,8561.5,24,0,0,0.0,0,0,0,0
2025-08-29,GAS-02,Natural Gas,443.5,446.3,24,0,0,0.0,0,0,0,0
2025-08-29,SOL-01,Solar,1314.4,1350.4,24,0,0,0.0,0,0,0,0
2025-08-29,SOL-02,Solar,385.6,589.1,24,0,0,0.0,0,0,0,0
2025-08-29,WND-01,Wind,2359.1,2208.2,24,0,0,0.0,0,0,0,0
2025-08-29,WND-02,Wind,699.6,705.8,24,0,0,0.0,0,0,0,0
2025-08-30,BAT-01,Battery Energy Storage,190.3,204.5,24,0,0,0.0,0,0,0,0
2025-08-30,BAT-02,Battery Energy Storage,139.6,136.3,24,0,0,0.0,0,0,0,0
2025-08-30,GAS-01,Natural Gas,7609.7,7718.0,24,0,0,0.0,0,0,0,0
2025-08-30,GAS-02,Natural Gas,612.8,634.6,24,0,0,0.0,0,0,0,0
2025-08-30,SOL-01,Solar,1383.8,1343.2,24,0,0,0.0,0,0,0,0
2025-08-30,SOL-02,Solar,625.7,586.0,24,0,0,0.0,0,0,0,0
2025-08-30,WND-01,Wind,2771.4,2151.6,24,0,0,0.0,0,0,0,0
2025-08-30,WND-02,Wind,129.7,419.5,13,11,0,17710.41,1,0,0,0
2025-08-31,BAT-01,Battery Energy Storage,216.3,202.7,24,0,0,0.0,0,0,0,0
2025-08-31,BAT-02,Battery Energy Storage,131.7,135.1,24,0,0,0.0,0,0,0,0
2025-08-31,GAS-01,Natural Gas,9691.0,9613.6,24,0,0,0.0,0,0,0,0
2025-08-31,GAS-02,Natural Gas,456.8,451.0,24,0,0,0.0,0,0,0,0
2025-08-31,SOL-01,Solar,1306.0,1336.0,24,0,0,0.0,0,0,0,0
2025-08-31,SOL-02,Solar,437.5,582.8,15,0,9,11900.92,1,0,0,0
2025-08-31,WND-01,Wind,2582.6,2238.4,24,0,0,0.0,0,0,0,0
2025-08-31,WND-02,Wind,46.9,525.6,24,0,0,0.0,0,0,0,0
2025-09-01,BAT-01,Battery Energy Storage,322.3,324.1,24,0,0,0.0,0,0,0,0
2025-09-01,BAT-02,Battery Energy Storage,233.2,216.1,24,0,0,0.0,0,0,0,0
2025-09-01,GAS-01,Natural Gas,8556.1,8449.0,24,0,0,0.0,0,0,0,0
2025-09-01,GAS-02,Natural Gas,463.8,459.4,24,0,0,0.0,0,0,0,0
2025-09-01,SOL-01,Solar,1239.5,1328.7,24,0,0,0.0,0,0,0,0
2025-09-01,SOL-02,Solar,504.7,579.6,24,0,0,0.0,0,0,0,0
2025-09-01,WND-01,Wind,2242.9,2199.6,24,0,0,0.0,0,0,0,0
2025-09-01,WND-02,Wind,880.6,848.2,24,0,0,0.0,0,0,0,0
2025-09-02,BAT-01,Battery Energy Storage,303.3,321.3,24,0,0,0.0,0,0,0,0
2025-09-02,BAT-02,Battery Energy Storage,188.0,214.2,24,0,0,0.0,0,0,0,0
2025-09-02,GAS-01,Natural Gas,8625.7,8701.0,24,0,0,0.0,0,0,0,0
2025-09-02,GAS-02,Natural Gas,2965.5,2985.0,24,0,0,0.0,0,0,0,0
2025-09-02,SOL-01,Solar,1389.1,1321.4,24,0,0,0.0,0,0,0,0
2025-09-02,SOL-02,Solar,663.2,576.5,24,0,0,0.0,0,0,0,0
2025-09-02,WND-01,Wind,2175.6,2468.8,24,0,0,0.0,0,0,0,0
2025-09-02,WND-02,Wind,603.7,1137.9,11,0,13,33508.8,2,0,0,0
2025-09-03,BAT-01,Battery Energy Storage,309.4,318.4,24,0,0,0.0,0,0,0,0
2025-09-03,BAT-02,Battery Energy Storage,208.5,212.2,24,0,0,0.0,0,0,0,0
2025-09-03,GAS-01,Natural Gas,9514.3,9557.1,24,0,0,0.0,0,0,0,0
2025-09-03,GAS-02,Natural Gas,226.1,230.1,15,9,0,23652.06,1,0,0,0
2025-09-03,SOL-01,Solar,1375.9,1314.0,24,0,0,0.0,0,0,0,0
2025-09-03,SOL-02,Solar,525.1,573.2,24,0,0,0.0,0,0,0,0
2025-09-03,WND-01,Wind,2730.4,2462.4,24,0,0,0.0,0,0,0,0
2025-09-03,WND-02,Wind,437.0,987.0,24,0,0,0.0,0,0,0,0
2025-09-04,BAT-01,Battery Energy Storage,348.6,315.5,24,0,0,0.0,0,0,0,0
2025-09-04,BAT-02,Battery Energy Storage,220.4,210.3,24,0,0,0.0,0,0,0,0
2025-09-04,GAS-01,Natural Gas,8763.4,8748.5,24,0,0,0.0,0,0,0,0
2025-09-04,GAS-02,Natural Gas,257.3,260.9,24,0,0,0.0,0,0,0,0
2025-09-04,SOL-01,Solar,1318.2,1306.6,24,0,0,0.0,0,0,0,0
2025-09-04,SOL-02,Solar,704.9,570.0,24,0,0,0.0,0,0,0,0
2025-09-04,WND-01,Wind,2118.0,2345.8,24,0,0,0.0,0,0,0,0
2025-09-04,WND-02,Wind,346.1,869.7,24,0,0,0.0,0,0,0,0
2025-09-05,BAT-01,Battery Energy Storage,286.5,312.5,24,0,0,0.0,0,0,0,0
2025-09-05,BAT-02,Battery Energy Storage,197.8,208.4,24,0,0,0.0,0,0,0,0
2025-09-05,GAS-01,Natural Gas,8583.4,8738.7,24,0,0,0.0,0,0,0,0
2025-09-05,GAS-02,Natural Gas,406.7,404.5,24,0,0,0.0,0,0,0,0
2025-09-05,SOL-01,Solar,1375.4,1299.2,24,0,0,0.0,0,0,0,0
2025-09-05,SOL-02,Solar,363.3,330.6,14,10,0,7155.84,1,0,0,0
2025-09-05,WND-01,Wind,2031.3,1932.6,24,0,0,0.0,0,0,0,0
2025-09-05,WND-02,Wind,168.8,632.3,24,0,0,0.0,0,0,0,0
2025-09-06,BAT-01,Battery Energy Storage,183.5,192.0,24,0,0,0.0,0,0,0,0
2025-09-06,BAT-02,Battery Energy Storage,126.1,128.0,24,0,0,0.0,0,0,0,0
2025-09-06,GAS-01,Natural Gas,8210.6,8255.7,24,0,0,0.0,0,0,0,0
2025-09-06,GAS-02,Natural Gas,360.9,361.3,24,0,0,0.0,0,0,0,0
2025-09-06,SOL-01,Solar,1281.0,1291.7,24,0,0,0.0,0,0,0,0
2025-09-06,SOL-02,Solar,629.4,563.5,24,0,0,0.0,0,0,0,0
2025-09-06,WND-01,Wind,2056.0,1962.8,24,0,0,0.0,0,0,0,0
2025-09-06,WND-02,Wind,1681.4,1380.6,24,0,0,0.0,0,0,0,0
2025-09-07,BAT-01,Battery Energy Storage,201.0,190.1,24,0,0,0.0,0,0,0,0
2025-09-07,BAT-02,Battery Energy Storage,131.3,126.8,24,0,0,0.0,0,0,0,0
2025-09-07,GAS-01,Natural Gas,8194.8,8071.2,24,0,0,0.0,0,0,0,0
2025-09-07,GAS-02,Natural Gas,498.3,494.2,24,0,0,0.0,0,0,0,0
2025-09-07,SOL-01,Solar,1324.7,1284.2,24,0,0,0.0,0,0,0,0
2025-09-07,SOL-02,Solar,389.9,560.2,24,0,0,0.0,0,0,0,0
2025-09-07,WND-01,Wind,2626.8,2221.8,24,0,0,0.0,0,0,0,0
2025-09-07,WND-02,Wind,2115.9,1117.2,24,0,0,0.0,0,0,0,0
2025-09-08,BAT-01,Battery Energy Storage,307.7,303.7,24,0,0,0.0,0,0,0,0
2025-09-08,BAT-02,Battery Energy Storage,220.9,202.5,24,0,0,0.0,0,0,0,0
2025-09-08,GAS-01,Natural Gas,8792.1,8737.3,24,0,0,0.0,0,0,0,0
2025-09-08,GAS-02,Natural Gas,385.9,385.5,24,0,0,0.0,0,0,0,0
2025-09-08,SOL-01,Solar,1227.1,1276.7,24,0,0,0.0,0,0,0,0
2025-09-08,SOL-02,Solar,442.6,557.0,24,0,0,0.0,0,0,0,0
2025-09-08,WND-01,Wind,2413.9,2173.6,24,0,0,0.0,0,0,0,0
2025-09-08,WND-02,Wind,1356.2,1079.5,24,0,0,0.0,0,0,0,0
2025-09-09,BAT-01,Battery Energy Storage,286.5,300.8,24,0,0,0.0,0,0,0,0
2025-09-09,BAT-02,Battery Energy Storage,184.9,200.5,24,0,0,0.0,0,0,0,0
2025-09-09,GAS-01,Natural Gas,8960.5,8977.4,24,0,0,0.0,0,0,0,0
2025-09-09,GAS-02,Natural Gas,427.3,422.4,24,0,0,0.0,0,0,0,0
2025-09-09,SOL-01,Solar,1304.6,1269.1,24,0,0,0.0,0,0,0,0
2025-09-09,SOL-02,Solar,517.4,553.7,24,0,0,0.0,0,0,0,0
2025-09-09,WND-01,Wind,3564.8,2367.7,24,0,0,0.0,0,0,0,0
2025-09-09,WND-02,Wind,1663.4,1172.1,24,0,0,0.0,0,0,0,0
2025-09-10,BAT-01,Battery Energy Storage,315.1,297.8,24,0,0,0.0,0,0,0,0
2025-09-10,BAT-02,Battery Energy Storage,182.3,198.6,24,0,0,0.0,0,0,0,0
2025-09-10,GAS-01,Natural Gas,8963.5,8951.4,24,0,0,0.0,0,0,0,0
2025-09-10,GAS-02,Natural Gas,2864.6,2852.0,24,0,0,0.0,0,0,0,0
2025-09-10,SOL-01,Solar,1173.1,1261.6,24,0,0,0.0,0,0,0,0
2025-09-10,SOL-02,Solar,389.8,550.4,24,0,0,0.0,0,0,0,0
2025-09-10,WND-01,Wind,3033.5,2701.8,24,0,0,0.0,0,0,0,0
2025-09-10,WND-02,Wind,539.8,898.9,24,0,0,0.0,0,0,0,0
2025-09-11,BAT-01,Battery Energy Storage,312.8,294.9,24,0,0,0.0,0,0,0,0
2025-09-11,BAT-02,Battery Energy Storage,185.4,196.6,24,0,0,0.0,0,0,0,0
2025-09-11,GAS-01,Natural Gas,8654.4,8594.5,24,0,0,0.0,0,0,0,0
2025-09-11,GAS-02,Natural Gas,3963.9,3924.8,24,0,0,0.0,0,0,0,0
2025-09-11,SOL-01,Solar,1258.1,1254.0,24,0,0,0.0,0,0,0,0
2025-09-11,SOL-02,Solar,629.7,547.0,24,0,0,0.0,0,0,0,0
2025-09-11,WND-01,Wind,2613.3,2477.2,24,0,0,0.0,0,0,0,0
2025-09-11,WND-02,Wind,382.1,801.6,24,0,0,0.0,0,0,0,0
2025-09-12,BAT-01,Battery Energy Storage,297.8,292.0,24,0,0,0.0,0,0,0,0
2025-09-12,BAT-02,Battery Energy Storage,176.7,194.6,24,0,0,0.0,0,0,0,0
2025-09-12,GAS-01,Natural Gas,8903.8,8822.0,24,0,0,0.0,0,0,0,0
2025-09-12,GAS-02,Natural Gas,406.1,416.6,24,0,0,0.0,0,0,0,0
2025-09-12,SOL-01,Solar,1294.2,1246.3,24,0,0,0.0,0,0,0,0
2025-09-12,SOL-02,Solar,539.9,543.7,24,0,0,0.0,0,0,0,0
2025-09-12,WND-01,Wind,2366.0,2140.0,24,0,0,0.0,0,0,0,0
2025-09-12,WND-02,Wind,725.6,947.6,24,0,0,0.0,0,0,0,0
2025-09-13,BAT-01,Battery Energy Storage,172.6,179.2,24,0,0,0.0,0,0,0,0
2025-09-13,BAT-02,Battery Energy Storage,109.0,119.5,24,0,0,0.0,0,0,0,0
2025-09-13,GAS-01,Natural Gas,7926.2,7979.4,24,0,0,0.0,0,0,0,0
2025-09-13,GAS-02,Natural Gas,347.4,352.6,24,0,0,0.0,0,0,0,0
2025-09-13,SOL-01,Solar,1356.3,1238.7,24,0,0,0.0,0,0,0,0
2025-09-13,SOL-02,Solar,620.7,540.4,24,0,0,0.0,0,0,0,0
2025-09-13,WND-01,Wind,1500.4,2033.9,24,0,0,0.0,0,0,0,0
2025-09-13,WND-02,Wind,1182.7,1109.3,24,0,0,0.0,0,0,0,0
2025-09-14,BAT-01,Battery Energy Storage,172.5,177.4,24,0,0,0.0,0,0,0,0
2025-09-14,BAT-02,Battery Energy Storage,111.4,118.3,24,0,0,0.0,0,0,0,0
2025-09-14,GAS-01,Natural Gas,9187.7,9021.5,24,0,0,0.0,0,0,0,0
2025-09-14,GAS-02,Natural Gas,488.1,490.3,24,0,0,0.0,0,0,0,0
2025-09-14,SOL-01,Solar,1247.3,1231.0,24,0,0,0.0,0,0,0,0
2025-09-14,SOL-02,Solar,584.3,537.0,24,0,0,0.0,0,0,0,0
2025-09-14,WND-01,Wind,1094.0,1794.5,24,0,0,0.0,0,0,0,0
2025-09-14,WND-02,Wind,1087.8,1104.8,24,0,0,0.0,0,0,0,0
2025-09-15,BAT-01,Battery Energy Storage,288.1,283.2,24,0,0,0.0,0,0,0,0
2025-09-15,BAT-02,Battery Energy Storage,202.8,188.8,24,0,0,0.0,0,0,0,0
2025-09-15,GAS-01,Natural Gas,9026.4,8886.0,24,0,0,0.0,0,0,0,0
2025-09-15,GAS-02,Natural Gas,616.0,608.1,24,0,0,0.0,0,0,0,0
2025-09-15,SOL-01,Solar,1065.7,1223.3,24,0,0,0.0,0,0,0,0
2025-09-15,SOL-02,Solar,634.0,533.7,24,0,0,0.0,0,0,0,0
2025-09-15,WND-01,Wind,1083.4,1896.0,24,0,0,0.0,0,0,0,0
2025-09-15,WND-02,Wind,1271.8,1241.2,24,0,0,0.0,0,0,0,0
2025-09-16,BAT-01,Battery Energy Storage,258.3,280.3,24,0,0,0.0,0,0,0,0
2025-09-16,BAT-02,Battery Energy Storage,183.4,186.9,24,0,0,0.0,0,0,0,0
2025-09-16,GAS-01,Natural Gas,9787.0,9708.1,24,0,0,0.0,0,0,0,0
2025-09-16,GAS-02,Natural Gas,506.6,495.4,24,0,0,0.0,0,0,0,0
2025-09-16,SOL-01,Solar,1257.5,1215.7,24,0,0,0.0,0,0,0,0
2025-09-16,SOL-02,Solar,318.8,331.5,15,9,0,6987.26,1,0,0,0
2025-09-16,WND-01,Wind,2039.8,1830.7,24,0,0,0.0,0,0,0,0
2025-09-16,WND-02,Wind,1263.2,1187.9,24,0,0,0.0,0,0,0,0
2025-09-17,BAT-01,Battery Energy Storage,299.6,277.5,24,0,0,0.0,0,0,0,0
2025-09-17,BAT-02,Battery Energy Storage,185.3,185.0,24,0,0,0.0,0,0,0,0
2025-09-17,GAS-01,Natural Gas,8727.0,8816.2,24,0,0,0.0,0,0,0,0
2025-09-17,GAS-02,Natural Gas,406.0,406.8,24,0,0,0.0,0,0,0,0
2025-09-17,SOL-01,Solar,1318.7,1208.0,24,0,0,0.0,0,0,0,0
2025-09-17,SOL-02,Solar,527.1,527.0,24,0,0,0.0,0,0,0,0
2025-09-17,WND-01,Wind,2056.1,2089.0,24,0,0,0.0,0,0,0,0
2025-09-17,WND-02,Wind,1093.6,1074.1,24,0,0,0.0,0,0,0,0
2025-09-18,BAT-01,Battery Energy Storage,302.7,274.7,24,0,0,0.0,0,0,0,0
2025-09-18,BAT-02,Battery Energy Storage,172.6,183.1,24,0,0,0.0,0,0,0,0
2025-09-18,GAS-01,Natural Gas,8282.5,8385.2,24,0,0,0.0,0,0,0,0
2025-09-18,GAS-02,Natural Gas,461.8,465.2,24,0,0,0.0,0,0,0,0
2025-09-18,SOL-01,Solar,1271.9,1200.3,24,0,0,0.0,0,0,0,0
2025-09-18,SOL-02,Solar,553.4,523.6,24,0,0,0.0,0,0,0,0
2025-09-18,WND-01,Wind,1792.9,2018.3,24,0,0,0.0,0,0,0,0
2025-09-18,WND-02,Wind,913.4,1102.7,24,0,0,0.0,0,0,0,0
2025-09-19,BAT-01,Battery Energy Storage,268.0,271.9,24,0,0,0.0,0,0,0,0
2025-09-19,BAT-02,Battery Energy Storage,188.1,181.2,24,0,0,0.0,0,0,0,0
2025-09-19,GAS-01,Natural Gas,8755.3,8789.8,24,0,0,0.0,0,0,0,0
2025-09-19,GAS-02,Natural Gas,152.3,155.9,16,8,0,25749.16,1,0,0,0
2025-09-19,SOL-01,Solar,1240.1,1192.5,24,0,0,0.0,0,0,0,0
2025-09-19,SOL-02,Solar,477.3,520.2,24,0,0,0.0,0,0,0,0
2025-09-19,WND-01,Wind,2687.2,2483.3,24,0,0,0.0,0,0,0,0
2025-09-19,WND-02,Wind,734.2,1093.7,24,0,0,0.0,0,0,0,0
2025-09-20,BAT-01,Battery Energy Storage,170.4,166.8,24,0,0,0.0,0,0,0,0
2025-09-20,BAT-02,Battery Energy Storage,123.7,111.2,24,0,0,0.0,0,0,0,0
2025-09-20,GAS-01,Natural Gas,8670.4,8664.1,24,0,0,0.0,0,0,0,0
2025-09-20,GAS-02,Natural Gas,468.1,463.3,24,0,0,0.0,0,0,0,0
2025-09-20,SOL-01,Solar,1196.9,1184.8,24,0,0,0.0,0,0,0,0
2025-09-20,SOL-02,Solar,562.7,516.9,24,0,0,0.0,0,0,0,0
2025-09-20,WND-01,Wind,3619.8,2519.8,24,0,0,0.0,0,0,0,0
2025-09-20,WND-02,Wind,1050.7,1031.6,24,0,0,0.0,0,0,0,0
2025-09-21,BAT-01,Battery Energy Storage,176.9,165.1,24,0,0,0.0,0,0,0,0
2025-09-21,BAT-02,Battery Energy Storage,104.2,110.1,24,0,0,0.0,0,0,0,0
2025-09-21,GAS-01,Natural Gas,8818.8,9010.0,24,0,0,0.0,0,0,0,0
2025-09-21,GAS-02,Natural Gas,429.1,432.0,24,0,0,0.0,0,0,0,0
2025-09-21,SOL-01,Solar,1022.8,1177.1,24,0,0,0.0,0,0,0,0
2025-09-21,SOL-02,Solar,556.3,513.5,24,0,0,0.0,0,0,0,0
2025-09-21,WND-01,Wind,4113.6,2269.2,24,0,0,0.0,0,0,0,0
2025-09-21,WND-02,Wind,1375.4,1211.6,24,0,0,0.0,0,0,0,0
2025-09-22,BAT-01,Battery Energy Storage,294.6,263.6,24,0,0,0.0,0,0,0,0
2025-09-22,BAT-02,Battery Energy Storage,193.9,175.8,24,0,0,0.0,0,0,0,0
2025-09-22,GAS-01,Natural Gas,8877.4,8825.0,24,0,0,0.0,0,0,0,0
2025-09-22,GAS-02,Natural Gas,381.0,368.0,24,0,0,0.0,0,0,0,0
2025-09-22,SOL-01,Solar,959.5,1169.4,24,0,0,0.0,0,0,0,0
2025-09-22,SOL-02,Solar,524.4,510.2,24,0,0,0.0,0,0,0,0
2025-09-22,WND-01,Wind,1721.9,1292.9,14,10,0,15495.11,1,0,0,0
2025-09-22,WND-02,Wind,1420.0,1398.3,24,0,0,0.0,0,0,0,0
2025-09-23,BAT-01,Battery Energy Storage,285.4,261.0,24,0,0,0.0,0,0,0,0
2025-09-23,BAT-02,Battery Energy Storage,177.8,174.0,24,0,0,0.0,0,0,0,0
2025-09-23,GAS-01,Natural Gas,8368.6,8241.3,24,0,0,0.0,0,0,0,0
2025-09-23,GAS-02,Natural Gas,386.3,389.7,24,0,0,0.0,0,0,0,0
2025-09-23,SOL-01,Solar,1214.9,1161.7,24,0,0,0.0,0,0,0,0
2025-09-23,SOL-02,Solar,477.8,506.8,24,0,0,0.0,0,0,0,0
2025-09-23,WND-01,Wind,2413.7,2260.3,24,0,0,0.0,0,0,0,0
2025-09-23,WND-02,Wind,550.4,788.8,24,0,0,0.0,0,0,0,0
2025-09-24,BAT-01,Battery Energy Storage,231.5,258.4,24,0,0,0.0,0,0,0,0
2025-09-24,BAT-02,Battery Energy Storage,172.4,172.2,24,0,0,0.0,0,0,0,0
2025-09-24,GAS-01,Natural Gas,8126.7,8070.8,24,0,0,0.0,0,0,0,0
2025-09-24,GAS-02,Natural Gas,441.7,430.8,24,0,0,0.0,0,0,0,0
2025-09-24,SOL-01,Solar,1160.3,1154.0,24,0,0,0.0,0,0,0,0
2025-09-24,SOL-02,Solar,532.8,503.4,24,0,0,0.0,0,0,0,0
2025-09-24,WND-01,Wind,3603.7,2689.6,24,0,0,0.0,0,0,0,0
2025-09-24,WND-02,Wind,244.6,1022.7,24,0,0,0.0,0,0,0,0
2025-09-25,BAT-01,Battery Energy Storage,250.9,255.8,24,0,0,0.0,0,0,0,0
2025-09-25,BAT-02,Battery Energy Storage,174.6,170.5,24,0,0,0.0,0,0,0,0
2025-09-25,GAS-01,Natural Gas,8859.6,8932.1,24,0,0,0.0,0,0,0,0
2025-09-25,GAS-02,Natural Gas,604.5,599.1,24,0,0,0.0,0,0,0,0
2025-09-25,SOL-01,Solar,1261.4,1146.3,24,0,0,0.0,0,0,0,0
2025-09-25,SOL-02,Solar,632.7,500.1,24,0,0,0.0,0,0,0,0
2025-09-25,WND-01,Wind,3373.4,2987.9,24,0,0,0.0,0,0,0,0
2025-09-25,WND-02,Wind,826.6,866.6,24,0,0,0.0,0,0,0,0
2025-09-26,BAT-01,Battery Energy Storage,260.8,253.2,24,0,0,0.0,0,0,0,0
2025-09-26,BAT-02,Battery Energy Storage,172.8,168.8,24,0,0,0.0,0,0,0,0
2025-09-26,GAS-01,Natural Gas,9350.2,9440.2,24,0,0,0.0,0,0,0,0
2025-09-26,GAS-02,Natural Gas,603.5,611.0,24,0,0,0.0,0,0,0,0
2025-09-26,SOL-01,Solar,1132.4,1138.6,24,0,0,0.0,0,0,0,0
2025-09-26,SOL-02,Solar,558.6,496.7,24,0,0,0.0,0,0,0,0
2025-09-26,WND-01,Wind,2861.6,2569.8,24,0,0,0.0,0,0,0,0
2025-09-26,WND-02,Wind,2036.1,1402.9,24,0,0,0.0,0,0,0,0
2025-09-27,BAT-01,Battery Energy Storage,150.9,155.5,24,0,0,0.0,0,0,0,0
2025-09-27,BAT-02,Battery Energy Storage,115.2,103.6,24,0,0,0.0,0,0,0,0
2025-09-27,GAS-01,Natural Gas,8880.6,8848.8,24,0,0,0.0,0,0,0,0
2025-09-27,GAS-02,Natural Gas,369.7,368.6,24,0,0,0.0,0,0,0,0
2025-09-27,SOL-01,Solar,1085.4,1130.9,24,0,0,0.0,0,0,0,0
2025-09-27,SOL-02,Solar,419.3,493.4,24,0,0,0.0,0,0,0,0
2025-09-27,WND-01,Wind,3177.8,2570.0,24,0,0,0.0,0,0,0,0
2025-09-27,WND-02,Wind,1773.1,1238.4,24,0,0,0.0,0,0,0,0
2025-09-28,BAT-01,Battery Energy Storage,170.4,154.0,24,0,0,0.0,0,0,0,0
2025-09-28,BAT-02,Battery Energy Storage,105.8,102.6,24,0,0,0.0,0,0,0,0
2025-09-28,GAS-01,Natural Gas,9164.8,9181.7,24,0,0,0.0,0,0,0,0
2025-09-28,GAS-02,Natural Gas,421.7,417.8,24,0,0,0.0,0,0,0,0
2025-09-28,SOL-01,Solar,1096.2,1123.3,24,0,0,0.0,0,0,0,0
2025-09-28,SOL-02,Solar,491.2,490.0,24,0,0,0.0,0,0,0,0
2025-09-28,WND-01,Wind,3620.3,2694.9,24,0,0,0.0,0,0,0,0
2025-09-28,WND-02,Wind,1219.7,1490.1,24,0,0,0.0,0,0,0,0
2025-09-29,BAT-01,Battery Energy Storage,270.0,245.9,24,0,0,0.0,0,0,0,0
2025-09-29,BAT-02,Battery Energy Storage,169.3,164.0,24,0,0,0.0,0,0,0,0
2025-09-29,GAS-01,Natural Gas,9321.5,9272.2,24,0,0,0.0,0,0,0,0
2025-09-29,GAS-02,Natural Gas,419.8,420.9,24,0,0,0.0,0,0,0,0
2025-09-29,SOL-01,Solar,1113.4,1115.6,24,0,0,0.0,0,0,0,0
2025-09-29,SOL-02,Solar,354.5,486.7,24,0,0,0.0,0,0,0,0
2025-09-29,WND-01,Wind,2831.2,2692.2,24,0,0,0.0,0,0,0,0
2025-09-29,WND-02,Wind,1360.4,1169.7,24,0,0,0.0,0,0,0,0
2025-09-30,BAT-01,Battery Energy Storage,231.7,243.6,24,0,0,0.0,0,0,0,0
2025-09-30,BAT-02,Battery Energy Storage,158.3,162.4,24,0,0,0.0,0,0,0,0
2025-09-30,GAS-01,Natural Gas,8998.3,8933.8,24,0,0,0.0,0,0,0,0
2025-09-30,GAS-02,Natural Gas,582.9,577.1,24,0,0,0.0,0,0,0,0
2025-09-30,SOL-01,Solar,1074.8,1108.0,24,0,0,0.0,0,0,0,0
2025-09-30,SOL-02,Solar,445.4,483.4,24,0,0,0.0,0,0,0,0
2025-09-30,WND-01,Wind,2819.9,2319.9,24,0,0,0.0,0,0,0,0
2025-09-30,WND-02,Wind,557.8,884.3,24,0,0,0.0,0,0,0,0
2025-10-01,BAT-01,Battery Energy Storage,239.0,241.4,24,0,0,0.0,0,0,0,0
2025-10-01,BAT-02,Battery Energy Storage,169.0,160.9,24,0,0,0.0,0,0,0,0
2025-10-01,GAS-01,Natural Gas,8554.0,8443.3,24,0,0,0.0,0,0,0,0
2025-10-01,GAS-02,Natural Gas,502.3,497.5,24,0,0,0.0,0,0,0,0
2025-10-01,SOL-01,Solar,1068.7,1100.4,24,0,0,0.0,0,0,0,0
2025-10-01,SOL-02,Solar,608.7,480.1,24,0,0,0.0,0,0,0,0
2025-10-01,WND-01,Wind,3303.0,2583.7,24,0,0,0.0,0,0,0,0
2025-10-01,WND-02,Wind,1718.3,1312.3,24,0,0,0.0,0,0,0,0
2025-10-02,BAT-01,Battery Energy Storage,228.4,239.1,24,0,0,0.0,0,0,0,0
2025-10-02,BAT-02,Battery Energy Storage,150.3,159.4,24,0,0,0.0,0,0,0,0
2025-10-02,GAS-01,Natural Gas,8780.5,8901.4,24,0,0,0.0,0,0,0,0
2025-10-02,GAS-02,Natural Gas,494.6,491.1,24,0,0,0.0,0,0,0,0
2025-10-02,SOL-01,Solar,1190.1,1092.9,24,0,0,0.0,0,0,0,0
2025-10-02,SOL-02,Solar,521.7,476.8,24,0,0,0.0,0,0,0,0
2025-10-02,WND-01,Wind,2240.2,2029.1,24,0,0,0.0,0,0,0,0
2025-10-02,WND-02,Wind,1629.8,1350.9,24,0,0,0.0,0,0,0,0
2025-10-03,BAT-01,Battery Energy Storage,234.2,237.0,24,0,0,0.0,0,0,0,0
2025-10-03,BAT-02,Battery Energy Storage,159.0,158.0,24,0,0,0.0,0,0,0,0
2025-10-03,GAS-01,Natural Gas,9385.2,9360.3,24,0,0,0.0,0,0,0,0
2025-10-03,GAS-02,Natural Gas,544.2,544.4,24,0,0,0.0,0,0,0,0
2025-10-03,SOL-01,Solar,1114.9,1085.3,24,0,0,0.0,0,0,0,0
2025-10-03,SOL-02,Solar,530.1,473.5,24,0,0,0.0,0,0,0,0
2025-10-03,WND-01,Wind,2264.9,2584.7,24,0,0,0.0,0,0,0,0
2025-10-03,WND-02,Wind,980.9,1073.2,24,0,0,0.0,0,0,0,0
2025-10-04,BAT-01,Battery Energy Storage,143.7,145.7,24,0,0,0.0,0,0,0,0
2025-10-04,BAT-02,Battery Energy Storage,113.9,97.1,24,0,0,0.0,0,0,0,0
2025-10-04,GAS-01,Natural Gas,9013.7,9053.2,24,0,0,0.0,0,0,0,0
2025-10-04,GAS-02,Natural Gas,402.7,408.4,24,0,0,0.0,0,0,0,0
2025-10-04,SOL-01,Solar,1032.5,1077.8,24,0,0,0.0,0,0,0,0
2025-10-04,SOL-02,Solar,587.3,470.2,24,0,0,0.0,0,0,0,0
2025-10-04,WND-01,Wind,1594.1,2120.0,24,0,0,0.0,0,0,0,0
2025-10-04,WND-02,Wind,962.0,1095.1,24,0,0,0.0,0,0,0,0
2025-10-05,BAT-01,Battery Energy Storage,152.7,144.4,24,0,0,0.0,0,0,0,0
2025-10-05,BAT-02,Battery Energy Storage,81.8,96.3,24,0,0,0.0,0,0,0,0
2025-10-05,GAS-01,Natural Gas,9141.4,9152.2,24,0,0,0.0,0,0,0,0
2025-10-05,GAS-02,Natural Gas,643.1,643.7,24,0,0,0.0,0,0,0,0
2025-10-05,SOL-01,Solar,1049.2,1070.3,24,0,0,0.0,0,0,0,0
2025-10-05,SOL-02,Solar,275.9,466.9,24,0,0,0.0,0,0,0,0
2025-10-05,WND-01,Wind,1224.5,1757.5,24,0,0,0.0,0,0,0,0
2025-10-05,WND-02,Wind,726.1,598.4,24,0,0,0.0,0,0,0,0
2025-10-06,BAT-01,Battery Energy Storage,218.6,231.0,24,0,0,0.0,0,0,0,0
2025-10-06,BAT-02,Battery Energy Storage,156.1,154.0,24,0,0,0.0,0,0,0,0
2025-10-06,GAS-01,Natural Gas,8692.2,8603.0,24,0,0,0.0,0,0,0,0
2025-10-06,GAS-02,Natural Gas,0.0,0.0,0,24,0,30568.77,2,0,0,0
2025-10-06,SOL-01,Solar,873.1,1062.8,24,0,0,0.0,0,0,0,0
2025-10-06,SOL-02,Solar,440.9,463.7,24,0,0,0.0,0,1,0,0
2025-10-06,WND-01,Wind,1199.2,1873.3,24,0,0,0.0,0,0,0,0
2025-10-06,WND-02,Wind,1858.9,1433.9,24,0,0,0.0,0,0,0,0
2025-10-07,BAT-01,Battery Energy Storage,193.1,229.1,24,0,0,0.0,0,0,0,0
2025-10-07,BAT-02,Battery Energy Storage,155.2,152.7,24,0,0,0.0,0,0,0,0
2025-10-07,GAS-01,Natural Gas,8822.9,8721.0,24,0,0,0.0,0,0,0,0
2025-10-07,GAS-02,Natural Gas,0.0,0.0,0,24,0,35521.48,3,0,0,0
2025-10-07,SOL-01,Solar,599.1,659.6,15,9,0,8261.48,1,0,0,0
2025-10-07,SOL-02,Solar,570.2,460.4,24,0,0,0.0,0,0,0,0
2025-10-07,WND-01,Wind,1777.5,2229.7,24,0,0,0.0,0,0,0,0
2025-10-07,WND-02,Wind,1432.4,1289.3,24,0,0,0.0,0,0,0,0
2025-10-08,BAT-01,Battery Energy Storage,205.4,227.3,24,0,0,0.0,0,0,0,0
2025-10-08,BAT-02,Battery Energy Storage,149.4,151.5,24,0,0,0.0,0,0,0,0
2025-10-08,GAS-01,Natural Gas,8905.9,8758.9,24,0,0,0.0,0,0,0,0
2025-10-08,GAS-02,Natural Gas,0.0,0.0,0,24,0,29126.75,3,0,0,0
2025-10-08,SOL-01,Solar,1049.7,1048.0,24,0,0,0.0,0,0,0,0
2025-10-08,SOL-02,Solar,549.3,457.2,24,0,0,0.0,0,0,0,0
2025-10-08,WND-01,Wind,1736.8,2059.0,24,0,0,0.0,0,0,0,0
2025-10-08,WND-02,Wind,1454.6,1442.8,24,0,0,0.0,0,0,0,0
2025-10-09,BAT-01,Battery Energy Storage,211.6,225.5,24,0,0,0.0,0,0,0,0
2025-10-09,BAT-02,Battery Energy Storage,148.5,150.4,24,0,0,0.0,0,0,0,0
2025-10-09,GAS-01,Natural Gas,8834.4,8789.5,24,0,0,0.0,0,0,0,0
2025-10-09,GAS-02,Natural Gas,0.0,0.0,0,24,0,37099.68,4,0,0,0
2025-10-09,SOL-01,Solar,1046.0,1040.7,24,0,0,0.0,0,0,0,0
2025-10-09,SOL-02,Solar,404.8,454.0,24,0,0,0.0,0,0,0,0
2025-10-09,WND-01,Wind,1518.7,1924.9,24,0,0,0.0,0,0,0,0
2025-10-09,WND-02,Wind,1782.6,1598.0,24,0,0,0.0,0,0,0,0
2025-10-10,BAT-01,Battery Energy Storage,215.1,223.9,24,0,0,0.0,0,0,0,0
2025-10-10,BAT-02,Battery Energy Storage,150.1,149.3,24,0,0,0.0,0,0,0,0
2025-10-10,GAS-01,Natural Gas,6997.7,7006.9,18,6,0,23273.04,1,0,0,0
2025-10-10,GAS-02,Natural Gas,0.0,0.0,0,24,0,32348.13,4,0,0,0
2025-10-10,SOL-01,Solar,954.7,1033.4,24,0,0,0.0,0,0,0,0
2025-10-10,SOL-02,Solar,423.3,450.8,24,0,0,0.0,0,0,0,0
2025-10-10,WND-01,Wind,1775.6,1999.5,24,0,0,0.0,0,0,0,0
2025-10-10,WND-02,Wind,1024.4,1128.5,24,0,0,0.0,0,0,0,0
2025-10-11,BAT-01,Battery Energy Storage,139.4,137.8,24,0,0,0.0,0,0,0,0
2025-10-11,BAT-02,Battery Energy Storage,90.5,91.9,24,0,0,0.0,0,0,0,0
2025-10-11,GAS-01,Natural Gas,7724.6,7748.1,24,0,0,0.0,0,0,0,0
2025-10-11,GAS-02,Natural Gas,0.0,0.0,0,24,0,27109.37,3,0,0,0
2025-10-11,SOL-01,Solar,1116.1,1026.2,24,0,0,0.0,0,0,0,0
2025-10-11,SOL-02,Solar,441.4,447.7,24,0,0,0.0,0,0,0,0
2025-10-11,WND-01,Wind,1268.3,2020.9,24,0,0,0.0,0,0,0,0
2025-10-11,WND-02,Wind,1245.5,1347.5,24,0,0,0.0,0,0,0,0
2025-10-12,BAT-01,Battery Energy Storage,128.0,136.9,24,0,0,0.0,0,0,0,0
2025-10-12,BAT-02,Battery Energy Storage,92.5,91.3,24,0,0,0.0,0,0,0,0
2025-10-12,GAS-01,Natural Gas,8642.9,8826.7,24,0,0,0.0,0,0,0,0
2025-10-12,GAS-02,Natural Gas,0.0,0.0,0,24,0,28900.05,3,0,0,0
2025-10-12,SOL-01,Solar,1069.2,1018.9,24,0,0,0.0,0,0,0,0
2025-10-12,SOL-02,Solar,443.1,444.5,24,0,0,0.0,0,0,0,0
2025-10-12,WND-01,Wind,1814.6,2086.5,24,0,0,0.0,0,0,0,0
2025-10-12,WND-02,Wind,1439.0,1155.4,24,0,0,0.0,0,0,0,0
2025-10-13,BAT-01,Battery Energy Storage,203.4,219.4,24,0,0,0.0,0,0,0,0
2025-10-13,BAT-02,Battery Energy Storage,142.0,146.3,24,0,0,0.0,0,0,0,0
2025-10-13,GAS-01,Natural Gas,8917.8,8776.7,24,0,0,0.0,0,0,0,0
2025-10-13,GAS-02,Natural Gas,0.0,0.0,0,24,0,36875.59,2,0,0,0
2025-10-13,SOL-01,Solar,1027.5,1011.8,24,0,0,0.0,0,0,0,0
2025-10-13,SOL-02,Solar,454.4,441.4,24,0,0,0.0,0,0,0,0
2025-10-13,WND-01,Wind,2699.1,2380.9,24,0,0,0.0,0,0,0,0
2025-10-13,WND-02,Wind,386.4,1011.2,24,0,0,0.0,0,0,0,0
2025-10-14,BAT-01,Battery Energy Storage,205.9,218.0,24,0,0,0.0,0,0,0,0
2025-10-14,BAT-02,Battery Energy Storage,163.0,145.4,24,0,0,0.0,0,0,0,0
2025-10-14,GAS-01,Natural Gas,8159.0,8190.7,24,0,0,0.0,0,0,0,0
2025-10-14,GAS-02,Natural Gas,560.6,559.2,24,0,0,0.0,0,0,0,0
2025-10-14,SOL-01,Solar,1021.4,1004.7,24,0,0,0.0,0,0,0,0
2025-10-14,SOL-02,Solar,339.1,438.3,24,0,0,0.0,0,0,0,0
2025-10-14,WND-01,Wind,2560.8,2150.3,24,0,0,0.0,0,0,0,0
2025-10-14,WND-02,Wind,875.3,1036.2,24,0,0,0.0,0,0,0,0
2025-10-15,BAT-01,Battery Energy Storage,202.3,216.8,24,0,0,0.0,0,0,0,0
2025-10-15,BAT-02,Battery Energy Storage,142.3,144.5,24,0,0,0.0,0,0,0,0
2025-10-15,GAS-01,Natural Gas,9172.9,9117.5,24,0,0,0.0,0,0,0,0
2025-10-15,GAS-02,Natural Gas,379.8,375.1,24,0,0,0.0,0,0,0,0
2025-10-15,SOL-01,Solar,966.7,997.6,24,0,0,0.0,0,0,0,0
2025-10-15,SOL-02,Solar,373.3,435.2,24,0,0,0.0,0,0,0,0
2025-10-15,WND-01,Wind,2384.5,2399.8,24,0,0,0.0,0,0,0,0
2025-10-15,WND-02,Wind,1000.5,1004.8,24,0,0,0.0,0,0,0,0
2025-10-16,BAT-01,Battery Energy Storage,208.4,215.6,24,0,0,0.0,0,0,0,0
2025-10-16,BAT-02,Battery Energy Storage,148.6,143.7,24,0,0,0.0,0,0,0,0
2025-10-16,GAS-01,Natural Gas,8553.3,8484.2,24,0,0,0.0,0,0,0,0
2025-10-16,GAS-02,Natural Gas,577.9,578.7,24,0,0,0.0,0,0,0,0
2025-10-16,SOL-01,Solar,1036.0,990.6,24,0,0,0.0,0,0,0,0
2025-10-16,SOL-02,Solar,477.3,432.2,24,0,0,0.0,0,0,0,0
2025-10-16,WND-01,Wind,2638.0,2436.8,24,0,0,0.0,0,0,0,0
2025-10-16,WND-02,Wind,1197.0,1208.9,24,0,0,0.0,0,0,0,0
2025-10-17,BAT-01,Battery Energy Storage,206.8,214.5,24,0,0,0.0,0,0,0,0
2025-10-17,BAT-02,Battery Energy Storage,137.3,143.0,24,0,0,0.0,0,0,0,0
2025-10-17,GAS-01,Natural Gas,8521.6,8650.8,24,0,0,0.0,0,0,0,0
2025-10-17,GAS-02,Natural Gas,510.5,522.2,24,0,0,0.0,0,0,0,0
2025-10-17,SOL-01,Solar,1088.9,983.7,24,0,0,0.0,0,0,0,0
2025-10-17,SOL-02,Solar,464.8,429.1,24,0,0,0.0,0,0,0,0
2025-10-17,WND-01,Wind,1335.2,1942.4,24,0,0,0.0,0,0,0,0
2025-10-17,WND-02,Wind,1250.7,1451.3,24,0,0,0.0,0,0,0,0
2025-10-18,BAT-01,Battery Energy Storage,137.8,132.4,24,0,0,0.0,0,0,0,0
2025-10-18,BAT-02,Battery Energy Storage,93.2,88.2,24,0,0,0.0,0,0,0,0
2025-10-18,GAS-01,Natural Gas,9544.5,9651.4,24,0,0,0.0,0,0,0,0
2025-10-18,GAS-02,Natural Gas,3861.1,3830.2,24,0,0,0.0,0,0,0,0
2025-10-18,SOL-01,Solar,1012.0,976.8,24,0,0,0.0,0,0,0,0
2025-10-18,SOL-02,Solar,396.9,426.1,24,0,0,0.0,0,0,0,0
2025-10-18,WND-01,Wind,1947.5,2287.0,24,0,0,0.0,0,0,0,0
2025-10-18,WND-02,Wind,1444.0,1351.5,24,0,0,0.0,0,0,0,0
2025-10-19,BAT-01,Battery Energy Storage,124.0,131.8,24,0,0,0.0,0,0,0,0
2025-10-19,BAT-02,Battery Energy Storage,91.7,87.9,24,0,0,0.0,0,0,0,0
2025-10-19,GAS-01,Natural Gas,9443.0,9270.9,24,0,0,0.0,0,0,0,0
2025-10-19,GAS-02,Natural Gas,467.7,471.4,24,0,0,0.0,0,0,0,0
2025-10-19,SOL-01,Solar,1073.6,970.0,24,0,0,0.0,0,0,0,0
2025-10-19,SOL-02,Solar,378.9,423.1,24,0,0,0.0,0,0,0,0
2025-10-19,WND-01,Wind,4230.5,3196.5,24,0,0,0.0,0,0,0,0
2025-10-19,WND-02,Wind,2409.1,1869.5,24,0,0,0.0,0,0,0,0
2025-10-20,BAT-01,Battery Energy Storage,207.2,211.7,24,0,0,0.0,0,0,0,0
2025-10-20,BAT-02,Battery Energy Storage,144.7,141.2,24,0,0,0.0,0,0,0,0
2025-10-20,GAS-01,Natural Gas,9105.0,9073.4,24,0,0,0.0,0,0,0,0
2025-10-20,GAS-02,Natural Gas,412.5,414.1,24,0,0,0.0,0,0,0,0
2025-10-20,SOL-01,Solar,968.2,963.2,24,0,0,0.0,0,0,0,0
2025-10-20,SOL-02,Solar,508.2,420.2,24,0,0,0.0,0,0,0,0
2025-10-20,WND-01,Wind,3618.1,2990.2,24,0,0,0.0,0,0,0,0
2025-10-20,WND-02,Wind,1055.2,1096.3,24,0,0,0.0,0,0,0,0
2025-10-21,BAT-01,Battery Energy Storage,204.1,211.0,24,0,0,0.0,0,0,0,0
2025-10-21,BAT-02,Battery Energy Storage,132.0,140.7,24,0,0,0.0,0,0,0,0
2025-10-21,GAS-01,Natural Gas,8922.9,8985.5,24,0,0,0.0,0,0,0,0
2025-10-21,GAS-02,Natural Gas,515.3,521.9,24,0,0,0.0,0,0,0,0
2025-10-21,SOL-01,Solar,1036.1,956.5,24,0,0,0.0,0,0,0,0
2025-10-21,SOL-02,Solar,429.9,417.3,24,0,0,0.0,0,0,0,0
2025-10-21,WND-01,Wind,3198.1,2821.1,24,0,0,0.0,0,0,0,0
2025-10-21,WND-02,Wind,923.0,1293.2,24,0,0,0.0,0,0,0,0
2025-10-22,BAT-01,Battery Energy Storage,220.5,210.3,24,0,0,0.0,0,0,0,0
2025-10-22,BAT-02,Battery Energy Storage,133.9,140.2,24,0,0,0.0,0,0,0,0
2025-10-22,GAS-01,Natural Gas,8724.9,8738.1,24,0,0,0.0,0,0,0,0
2025-10-22,GAS-02,Natural Gas,707.2,706.5,24,0,0,0.0,0,0,0,0
2025-10-22,SOL-01,Solar,710.4,949.9,24,0,0,0.0,0,0,0,0
2025-10-22,SOL-02,Solar,379.0,414.4,24,0,0,0.0,0,0,0,0
2025-10-22,WND-01,Wind,3510.6,2751.3,24,0,0,0.0,0,0,0,0
2025-10-22,WND-02,Wind,1544.3,1283.3,24,0,0,0.0,0,0,0,0
2025-10-23,BAT-01,Battery Energy Storage,207.8,209.7,24,0,0,0.0,0,0,0,0
2025-10-23,BAT-02,Battery Energy Storage,154.0,139.8,24,0,0,0.0,0,0,0,0
2025-10-23,GAS-01,Natural Gas,9846.4,9719.7,24,0,0,0.0,0,0,0,0
2025-10-23,GAS-02,Natural Gas,441.1,435.5,24,0,0,0.0,0,0,0,0
2025-10-23,SOL-01,Solar,992.9,943.3,24,0,0,0.0,0,0,0,0
2025-10-23,SOL-02,Solar,444.7,411.5,24,0,0,0.0,0,0,0,0
2025-10-23,WND-01,Wind,4414.3,2973.7,24,0,0,0.0,0,0,0,0
2025-10-23,WND-02,Wind,1797.8,1494.2,24,0,0,0.0,0,0,0,0
2025-10-24,BAT-01,Battery Energy Storage,222.5,209.3,24,0,0,0.0,0,0,0,0
2025-10-24,BAT-02,Battery Energy Storage,133.1,139.5,24,0,0,0.0,0,0,0,0
2025-10-24,GAS-01,Natural Gas,9279.5,9176.7,24,0,0,0.0,0,0,0,0
2025-10-24,GAS-02,Natural Gas,550.1,544.1,24,0,0,0.0,0,0,0,0
2025-10-24,SOL-01,Solar,955.8,936.8,24,0,0,0.0,0,0,0,0
2025-10-24,SOL-02,Solar,255.0,408.7,24,0,0,0.0,0,0,0,0
2025-10-24,WND-01,Wind,3052.0,1947.5,16,8,0,14674.14,1,0,0,0
2025-10-24,WND-02,Wind,1934.8,1541.8,24,0,0,0.0,0,0,0,0
2025-10-25,BAT-01,Battery Energy Storage,120.5,129.5,24,0,0,0.0,0,0,0,0
2025-10-25,BAT-02,Battery Energy Storage,74.7,71.9,20,4,0,2135.44,1,0,0,0
2025-10-25,GAS-01,Natural Gas,8323.7,8472.8,24,0,0,0.0,0,0,0,0
2025-10-25,GAS-02,Natural Gas,492.1,482.9,24,0,0,0.0,0,0,0,0
2025-10-25,SOL-01,Solar,814.5,930.4,24,0,0,0.0,0,0,0,0
2025-10-25,SOL-02,Solar,394.2,405.9,24,0,0,0.0,0,0,0,0
2025-10-25,WND-01,Wind,2457.7,2336.6,24,0,0,0.0,0,0,0,0
2025-10-25,WND-02,Wind,3360.0,2266.4,24,0,0,0.0,0,0,0,0
2025-10-26,BAT-01,Battery Energy Storage,128.9,129.3,24,0,0,0.0,0,0,0,0
2025-10-26,BAT-02,Battery Energy Storage,81.3,86.2,24,0,0,0.0,0,0,0,0
2025-10-26,GAS-01,Natural Gas,8338.1,8177.7,24,0,0,0.0,0,0,0,0
2025-10-26,GAS-02,Natural Gas,492.9,482.9,24,0,0,0.0,0,0,0,0
2025-10-26,SOL-01,Solar,928.2,924.0,24,0,0,0.0,0,0,0,0
2025-10-26,SOL-02,Solar,457.3,403.1,24,0,0,0.0,0,0,0,0
2025-10-26,WND-01,Wind,2845.7,2610.6,24,0,0,0.0,0,0,0,0
2025-10-26,WND-02,Wind,3332.6,1996.5,24,0,0,0.0,0,0,0,0
2025-10-27,BAT-01,Battery Energy Storage,201.2,208.4,24,0,0,0.0,0,0,0,0
2025-10-27,BAT-02,Battery Energy Storage,147.3,138.9,24,0,0,0.0,0,0,0,0
2025-10-27,GAS-01,Natural Gas,9175.1,9069.9,24,0,0,0.0,0,0,0,0
2025-10-27,GAS-02,Natural Gas,448.9,460.2,24,0,0,0.0,0,0,0,0
2025-10-27,SOL-01,Solar,1003.8,917.8,24,0,0,0.0,0,0,0,0
2025-10-27,SOL-02,Solar,450.6,400.4,24,0,0,0.0,0,0,0,0
2025-10-27,WND-01,Wind,4610.0,3008.8,24,0,0,0.0,0,0,0,0
2025-10-27,WND-02,Wind,3360.0,1872.9,24,0,0,0.0,0,0,0,0
2025-10-28,BAT-01,Battery Energy Storage,192.9,208.2,24,0,0,0.0,0,0,0,0
2025-10-28,BAT-02,Battery Energy Storage,133.1,138.8,24,0,0,0.0,0,0,0,0
2025-10-28,GAS-01,Natural Gas,8771.4,8787.5,24,0,0,0.0,0,0,0,0
2025-10-28,GAS-02,Natural Gas,371.7,377.1,24,0,0,0.0,0,0,0,0
2025-10-28,SOL-01,Solar,884.2,911.6,24,0,0,0.0,0,0,0,0
2025-10-28,SOL-02,Solar,439.6,397.7,24,0,0,0.0,0,0,0,0
2025-10-28,WND-01,Wind,4460.8,3173.3,24,0,0,0.0,0,0,0,0
2025-10-28,WND-02,Wind,2220.7,1747.0,24,0,0,0.0,0,0,0,0
2025-10-29,BAT-01,Battery Energy Storage,207.4,208.2,24,0,0,0.0,0,0,0,0
2025-10-29,BAT-02,Battery Energy Storage,130.8,138.8,24,0,0,0.0,0,0,0,0
2025-10-29,GAS-01,Natural Gas,8047.9,8164.6,24,0,0,0.0,0,0,0,0
2025-10-29,GAS-02,Natural Gas,508.9,520.2,24,0,0,0.0,0,0,0,0
2025-10-29,SOL-01,Solar,965.8,905.5,24,0,0,0.0,0,0,0,0
2025-10-29,SOL-02,Solar,404.6,395.0,24,0,0,0.0,0,0,0,0
2025-10-29,WND-01,Wind,3067.3,2484.3,24,0,0,0.0,0,0,0,0
2025-10-29,WND-02,Wind,1109.1,1486.2,24,0,0,0.0,0,0,0,0
2025-10-30,BAT-01,Battery Energy Storage,229.9,208.3,24,0,0,0.0,0,0,0,0
2025-10-30,BAT-02,Battery Energy Storage,132.9,138.9,24,0,0,0.0,0,0,0,0
2025-10-30,GAS-01,Natural Gas,6840.8,9007.2,18,0,6,48232.8,1,0,0,0
2025-10-30,GAS-02,Natural Gas,448.7,445.4,24,0,0,0.0,0,0,0,0
2025-10-30,SOL-01,Solar,851.6,899.5,24,0,0,0.0,0,0,0,0
2025-10-30,SOL-02,Solar,355.1,392.4,24,0,0,0.0,0,0,0,0
2025-10-30,WND-01,Wind,3110.6,2352.0,24,0,0,0.0,0,0,0,0
2025-10-30,WND-02,Wind,988.8,1125.6,24,0,0,0.0,0,0,0,0
2025-10-31,BAT-01,Battery Energy Storage,197.8,208.4,24,0,0,0.0,0,0,0,0
2025-10-31,BAT-02,Battery Energy Storage,134.3,139.0,24,0,0,0.0,0,0,0,0
2025-10-31,GAS-01,Natural Gas,8740.5,8690.8,24,0,0,0.0,0,0,0,0
2025-10-31,GAS-02,Natural Gas,368.3,371.4,24,0,0,0.0,0,0,0,0
2025-10-31,SOL-01,Solar,938.9,893.5,24,0,0,0.0,0,0,0,0
2025-10-31,SOL-02,Solar,386.3,389.8,24,0,0,0.0,0,0,0,0
2025-10-31,WND-01,Wind,2108.2,2556.3,24,0,0,0.0,0,0,0,0
2025-10-31,WND-02,Wind,1641.5,1183.0,24,0,0,0.0,0,0,0,0
2025-11-01,BAT-01,Battery Energy Storage,128.4,129.4,24,0,0,0.0,0,0,0,0
2025-11-01,BAT-02,Battery Energy Storage,88.3,86.3,24,0,0,0.0,0,0,0,0
2025-11-01,GAS-01,Natural Gas,8895.1,9053.5,24,0,0,0.0,0,0,0,0
2025-11-01,GAS-02,Natural Gas,598.2,601.7,24,0,0,0.0,0,0,0,0
2025-11-01,SOL-01,Solar,948.7,887.7,24,0,0,0.0,0,0,0,0
2025-11-01,SOL-02,Solar,451.0,387.2,24,0,0,0.0,0,0,0,0
2025-11-01,WND-01,Wind,3050.6,2604.8,24,0,0,0.0,0,0,0,0
2025-11-01,WND-02,Wind,1819.5,1571.3,24,0,0,0.0,0,0,0,0
2025-11-02,BAT-01,Battery Energy Storage,129.6,129.6,24,0,0,0.0,0,0,1,0
2025-11-02,BAT-02,Battery Energy Storage,86.8,86.4,24,0,0,0.0,0,0,0,0
2025-11-02,GAS-01,Natural Gas,8988.1,9013.2,24,0,0,0.0,0,0,0,0
2025-11-02,GAS-02,Natural Gas,490.6,491.9,24,0,0,0.0,0,0,0,0
2025-11-02,SOL-01,Solar,830.4,881.9,24,0,0,0.0,0,0,0,0
2025-11-02,SOL-02,Solar,446.5,384.7,24,0,0,0.0,0,0,0,0
2025-11-02,WND-01,Wind,2279.4,2267.1,24,0,0,0.0,0,0,0,0
2025-11-02,WND-02,Wind,1924.4,1490.0,24,0,0,0.0,0,0,0,0
2025-11-03,BAT-01,Battery Energy Storage,191.1,209.4,24,0,0,0.0,0,0,0,0
2025-11-03,BAT-02,Battery Energy Storage,130.5,139.6,24,0,0,0.0,0,0,0,0
2025-11-03,GAS-01,Natural Gas,8857.1,8536.9,24,0,0,0.0,0,0,0,0
2025-11-03,GAS-02,Natural Gas,454.7,452.6,24,0,0,0.0,0,0,0,0
2025-11-03,SOL-01,Solar,939.2,876.2,24,0,0,0.0,0,0,0,0
2025-11-03,SOL-02,Solar,455.9,382.2,24,0,0,0.0,0,0,0,0
2025-11-03,WND-01,Wind,2408.7,2262.3,24,0,0,0.0,0,0,0,0
2025-11-03,WND-02,Wind,1011.6,1385.5,16,0,8,20620.8,1,0,0,0
2025-11-04,BAT-01,Battery Energy Storage,200.0,210.0,24,0,0,0.0,0,0,0,0
2025-11-04,BAT-02,Battery Energy Storage,139.7,140.0,24,0,0,0.0,0,0,0,0
2025-11-04,GAS-01,Natural Gas,9101.7,9099.9,24,0,0,0.0,0,0,0,0
2025-11-04,GAS-02,Natural Gas,629.4,640.8,24,0,0,0.0,0,0,0,0
2025-11-04,SOL-01,Solar,749.8,870.6,24,0,0,0.0,0,0,0,0
2025-11-04,SOL-02,Solar,335.9,379.8,24,0,0,0.0,0,0,0,0
2025-11-04,WND-01,Wind,1913.7,2419.8,24,0,0,0.0,0,0,0,0
2025-11-04,WND-02,Wind,1184.2,1367.7,24,0,0,0.0,0,0,0,0
2025-11-05,BAT-01,Battery Energy Storage,204.9,210.6,24,0,0,0.0,0,0,0,0
2025-11-05,BAT-02,Battery Energy Storage,130.7,140.4,24,0,0,0.0,0,0,0,0
2025-11-05,GAS-01,Natural Gas,8510.5,8587.0,24,0,0,0.0,0,0,0,0
2025-11-05,GAS-02,Natural Gas,255.7,259.7,24,0,0,0.0,0,0,0,0
2025-11-05,SOL-01,Solar,872.6,865.1,24,0,0,0.0,0,0,0,0
2025-11-05,SOL-02,Solar,375.4,377.4,24,0,0,0.0,0,0,0,0
2025-11-05,WND-01,Wind,1762.6,2578.1,24,0,0,0.0,0,0,0,0
2025-11-05,WND-02,Wind,1133.2,1213.1,24,0,0,0.0,0,0,0,0
2025-11-06,BAT-01,Battery Energy Storage,206.1,211.3,24,0,0,0.0,0,0,0,0
2025-11-06,BAT-02,Battery Energy Storage,146.3,140.8,24,0,0,0.0,0,0,0,0
2025-11-06,GAS-01,Natural Gas,8512.2,8616.4,24,0,0,0.0,0,0,0,0
2025-11-06,GAS-02,Natural Gas,632.7,632.7,24,0,0,0.0,0,0,0,0
2025-11-06,SOL-01,Solar,892.7,859.7,24,0,0,0.0,0,0,0,0
2025-11-06,SOL-02,Solar,461.3,375.0,24,0,0,0.0,0,0,0,0
2025-11-06,WND-01,Wind,2958.6,2618.3,24,0,0,0.0,0,0,0,0
2025-11-06,WND-02,Wind,1758.8,1457.2,24,0,0,0.0,0,0,0,0
2025-11-07,BAT-01,Battery Energy Storage,209.2,212.0,24,0,0,0.0,0,0,0,0
2025-11-07,BAT-02,Battery Energy Storage,148.4,141.4,24,0,0,0.0,0,0,0,0
2025-11-07,GAS-01,Natural Gas,8753.6,8571.4,24,0,0,0.0,0,0,0,0
2025-11-07,GAS-02,Natural Gas,379.8,374.4,24,0,0,0.0,0,0,0,0
2025-11-07,SOL-01,Solar,738.0,854.4,24,0,0,0.0,0,0,0,0
2025-11-07,SOL-02,Solar,413.4,372.7,24,0,0,0.0,0,0,0,0
2025-11-07,WND-01,Wind,2929.6,2656.0,24,0,0,0.0,0,0,0,0
2025-11-07,WND-02,Wind,2248.3,1645.3,24,0,0,0.0,0,0,0,0
2025-11-08,BAT-01,Battery Energy Storage,118.9,132.0,24,0,0,0.0,0,0,0,0
2025-11-08,BAT-02,Battery Energy Storage,87.9,88.0,24,0,0,0.0,0,0,0,0
2025-11-08,GAS-01,Natural Gas,9420.7,9325.8,24,0,0,0.0,0,0,0,0
2025-11-08,GAS-02,Natural Gas,505.2,505.4,24,0,0,0.0,0,0,0,0
2025-11-08,SOL-01,Solar,725.6,849.2,24,0,0,0.0,0,0,0,0
2025-11-08,SOL-02,Solar,277.0,370.5,24,0,0,0.0,0,0,0,0
2025-11-08,WND-01,Wind,2468.3,2790.1,24,0,0,0.0,0,0,0,0
2025-11-08,WND-02,Wind,1133.1,1490.7,24,0,0,0.0,0,0,0,0
2025-11-09,BAT-01,Battery Energy Storage,127.6,132.6,24,0,0,0.0,0,0,0,0
2025-11-09,BAT-02,Battery Energy Storage,89.8,88.4,24,0,0,0.0,0,0,0,0
2025-11-09,GAS-01,Natural Gas,8832.2,8685.5,24,0,0,0.0,0,0,0,0
2025-11-09,GAS-02,Natural Gas,405.5,409.4,24,0,0,0.0,0,0,0,0
2025-11-09,SOL-01,Solar,875.6,844.1,24,0,0,0.0,0,0,0,0
2025-11-09,SOL-02,Solar,459.6,368.2,24,0,0,0.0,0,0,0,0
2025-11-09,WND-01,Wind,1790.2,1926.8,24,0,0,0.0,0,0,0,0
2025-11-09,WND-02,Wind,1794.2,1521.5,24,0,0,0.0,0,0,0,0
2025-11-10,BAT-01,Battery Energy Storage,221.4,214.9,24,0,0,0.0,0,0,0,0
2025-11-10,BAT-02,Battery Energy Storage,105.5,95.5,16,8,0,4093.53,1,0,0,0
2025-11-10,GAS-01,Natural Gas,9463.4,9435.3,24,0,0,0.0,0,0,0,0
2025-11-10,GAS-02,Natural Gas,359.7,369.2,24,0,0,0.0,0,0,0,0
2025-11-10,SOL-01,Solar,535.3,524.4,15,9,0,7866.78,1,0,0,0
2025-11-10,SOL-02,Solar,383.4,366.0,24,0,0,0.0,0,0,0,0
2025-11-10,WND-01,Wind,952.4,2402.8,24,0,0,0.0,0,0,0,0
2025-11-10,WND-02,Wind,1152.4,1130.4,24,0,0,0.0,0,0,0,0
2025-11-11,BAT-01,Battery Energy Storage,198.4,216.0,24,0,0,0.0,0,0,0,0
2025-11-11,BAT-02,Battery Energy Storage,142.6,144.0,24,0,0,0.0,0,0,0,0
2025-11-11,GAS-01,Natural Gas,9766.6,9621.8,24,0,0,0.0,0,0,0,0
2025-11-11,GAS-02,Natural Gas,645.0,637.7,24,0,0,0.0,0,0,0,0
2025-11-11,SOL-01,Solar,808.3,834.1,24,0,0,0.0,0,0,0,0
2025-11-11,SOL-02,Solar,440.0,363.9,24,0,0,0.0,0,0,0,0
2025-11-11,WND-01,Wind,727.2,2408.8,24,0,0,0.0,0,0,0,0
2025-11-11,WND-02,Wind,1589.0,1286.9,24,0,0,0.0,0,0,0,0
2025-11-12,BAT-01,Battery Energy Storage,177.2,181.0,20,4,0,1924.99,1,0,0,0
2025-11-12,BAT-02,Battery Energy Storage,136.6,144.8,24,0,0,0.0,0,0,0,0
2025-11-12,GAS-01,Natural Gas,4895.0,4945.3,14,10,0,41804.08,1,0,0,0
2025-11-12,GAS-02,Natural Gas,696.5,702.7,24,0,0,0.0,0,0,0,0
2025-11-12,SOL-01,Solar,835.7,829.3,24,0,0,0.0,0,0,0,0
2025-11-12,SOL-02,Solar,283.1,361.8,24,0,0,0.0,0,0,0,0
2025-11-12,WND-01,Wind,1261.6,1569.8,24,0,0,0.0,0,0,0,0
2025-11-12,WND-02,Wind,1367.2,1399.9,24,0,0,0.0,0,0,0,0
2025-11-13,BAT-01,Battery Energy Storage,222.3,218.5,24,0,0,0.0,0,0,0,0
2025-11-13,BAT-02,Battery Energy Storage,150.7,145.7,24,0,0,0.0,0,0,0,0
2025-11-13,GAS-01,Natural Gas,7502.4,7487.8,24,0,0,0.0,0,0,0,0
2025-11-13,GAS-02,Natural Gas,447.2,453.5,24,0,0,0.0,0,0,0,0
2025-11-13,SOL-01,Solar,911.0,824.6,24,0,0,0.0,0,0,0,0
2025-11-13,SOL-02,Solar,446.0,359.7,24,0,0,0.0,0,0,0,0
2025-11-13,WND-01,Wind,2225.3,2468.9,24,0,0,0.0,0,0,0,0
2025-11-13,WND-02,Wind,2609.3,1628.3,24,0,0,0.0,0,0,0,0
2025-11-14,BAT-01,Battery Energy Storage,209.5,219.9,24,0,0,0.0,0,0,0,0
2025-11-14,BAT-02,Battery Energy Storage,136.6,146.6,24,0,0,0.0,0,0,0,0
2025-11-14,GAS-01,Natural Gas,9318.6,9286.6,24,0,0,0.0,0,0,0,0
2025-11-14,GAS-02,Natural Gas,509.5,520.3,24,0,0,0.0,0,0,0,0
2025-11-14,SOL-01,Solar,858.7,820.0,24,0,0,0.0,0,0,0,0
2025-11-14,SOL-02,Solar,363.6,357.7,24,0,0,0.0,0,0,0,0
2025-11-14,WND-01,Wind,1992.3,2255.1,24,0,0,0.0,0,0,0,0
2025-11-14,WND-02,Wind,1753.3,1299.3,24,0,0,0.0,0,0,0,0
2025-11-15,BAT-01,Battery Energy Storage,140.0,137.2,24,0,0,0.0,0,0,0,0
2025-11-15,BAT-02,Battery Energy Storage,90.3,91.5,24,0,0,0.0,0,0,0,0
2025-11-15,GAS-01,Natural Gas,8801.3,8657.7,24,0,0,0.0,0,0,0,0
2025-11-15,GAS-02,Natural Gas,478.4,486.8,24,0,0,0.0,0,0,0,0
2025-11-15,SOL-01,Solar,856.2,815.5,24,0,0,0.0,0,0,0,0
2025-11-15,SOL-02,Solar,372.7,355.8,24,0,0,0.0,0,0,0,0
2025-11-15,WND-01,Wind,2420.5,2092.7,18,6,0,9399.65,1,0,0,0
2025-11-15,WND-02,Wind,1740.5,1609.9,24,0,0,0.0,0,0,0,0
2025-11-16,BAT-01,Battery Energy Storage,125.5,138.1,24,0,0,0.0,0,0,0,0
2025-11-16,BAT-02,Battery Energy Storage,88.8,92.1,24,0,0,0.0,0,0,0,0
2025-11-16,GAS-01,Natural Gas,8452.1,8419.9,24,0,0,0.0,0,0,0,0
2025-11-16,GAS-02,Natural Gas,679.7,687.7,24,0,0,0.0,0,0,0,0
2025-11-16,SOL-01,Solar,801.0,811.2,24,0,0,0.0,0,0,0,0
2025-11-16,SOL-02,Solar,328.8,353.9,24,0,0,0.0,0,0,0,0
2025-11-16,WND-01,Wind,2586.1,2541.6,24,0,0,0.0,0,0,0,0
2025-11-16,WND-02,Wind,2068.5,1731.3,24,0,0,0.0,0,0,0,0
2025-11-17,BAT-01,Battery Energy Storage,236.3,224.4,24,0,0,0.0,0,0,0,0
2025-11-17,BAT-02,Battery Energy Storage,143.3,149.6,24,0,0,0.0,0,0,0,0
2025-11-17,GAS-01,Natural Gas,8481.6,8545.8,24,0,0,0.0,0,0,0,0
2025-11-17,GAS-02,Natural Gas,225.8,226.4,24,0,0,0.0,0,0,0,0
2025-11-17,SOL-01,Solar,842.5,806.9,24,0,0,0.0,0,0,0,0
2025-11-17,SOL-02,Solar,345.8,352.0,24,0,0,0.0,0,0,0,0
2025-11-17,WND-01,Wind,2458.4,2777.4,24,0,0,0.0,0,0,0,0
2025-11-17,WND-02,Wind,1151.8,1267.9,24,0,0,0.0,0,0,0,0
2025-11-18,BAT-01,Battery Energy Storage,231.0,226.0,24,0,0,0.0,0,0,0,0
2025-11-18,BAT-02,Battery Energy Storage,148.4,150.7,24,0,0,0.0,0,0,0,0
2025-11-18,GAS-01,Natural Gas,8631.3,8624.6,24,0,0,0.0,0,0,0,0
2025-11-18,GAS-02,Natural Gas,517.6,525.3,24,0,0,0.0,0,0,0,0
2025-11-18,SOL-01,Solar,792.0,802.7,24,0,0,0.0,0,0,0,0
2025-11-18,SOL-02,Solar,416.5,350.2,24,0,0,0.0,0,0,0,0
2025-11-18,WND-01,Wind,1841.9,2351.4,24,0,0,0.0,0,0,0,0
2025-11-18,WND-02,Wind,1212.5,1384.4,24,0,0,0.0,0,0,0,0
2025-11-19,BAT-01,Battery Energy Storage,228.5,227.8,24,0,0,0.0,0,0,0,0
2025-11-19,BAT-02,Battery Energy Storage,160.0,151.8,24,0,0,0.0,0,0,0,0
2025-11-19,GAS-01,Natural Gas,9212.1,9401.2,24,0,0,0.0,0,0,0,0
2025-11-19,GAS-02,Natural Gas,393.6,392.7,24,0,0,0.0,0,0,0,0
2025-11-19,SOL-01,Solar,827.8,798.7,24,0,0,0.0,0,0,0,0
2025-11-19,SOL-02,Solar,385.0,348.4,24,0,0,0.0,0,0,0,0
2025-11-19,WND-01,Wind,2717.5,2493.7,24,0,0,0.0,0,0,0,0
2025-11-19,WND-02,Wind,1116.4,1337.6,24,0,0,0.0,0,0,0,0
2025-11-20,BAT-01,Battery Energy Storage,245.0,229.5,24,0,0,0.0,0,0,0,0
2025-11-20,BAT-02,Battery Energy Storage,163.2,153.0,24,0,0,0.0,0,0,0,0
2025-11-20,GAS-01,Natural Gas,8637.9,8885.3,24,0,0,0.0,0,0,0,0
2025-11-20,GAS-02,Natural Gas,196.7,197.3,24,0,0,0.0,0,0,0,0
2025-11-20,SOL-01,Solar,789.6,794.7,24,0,0,0.0,0,0,0,0
2025-11-20,SOL-02,Solar,344.8,346.7,24,0,0,0.0,0,0,0,0
2025-11-20,WND-01,Wind,4210.3,3163.7,24,0,0,0.0,0,0,0,0
2025-11-20,WND-02,Wind,901.1,1316.9,24,0,0,0.0,0,0,0,0
2025-11-21,BAT-01,Battery Energy Storage,226.8,231.4,24,0,0,0.0,0,0,0,0
2025-11-21,BAT-02,Battery Energy Storage,162.8,154.3,24,0,0,0.0,0,0,0,0
2025-11-21,GAS-01,Natural Gas,9488.8,9395.0,24,0,0,0.0,0,0,0,0
2025-11-21,GAS-02,Natural Gas,448.4,436.7,24,0,0,0.0,0,0,0,0
2025-11-21,SOL-01,Solar,869.6,790.9,24,0,0,0.0,0,0,0,0
2025-11-21,SOL-02,Solar,336.7,345.0,24,0,0,0.0,0,0,0,0
2025-11-21,WND-01,Wind,2550.5,2764.1,24,0,0,0.0,0,0,0,0
2025-11-21,WND-02,Wind,829.7,1292.3,24,0,0,0.0,0,0,0,0
2025-11-22,BAT-01,Battery Energy Storage,139.3,144.7,24,0,0,0.0,0,0,0,0
2025-11-22,BAT-02,Battery Energy Storage,98.4,96.4,24,0,0,0.0,0,0,0,0
2025-11-22,GAS-01,Natural Gas,8996.3,9037.0,24,0,0,0.0,0,0,0,0
2025-11-22,GAS-02,Natural Gas,687.4,701.8,24,0,0,0.0,0,0,0,0
2025-11-22,SOL-01,Solar,725.0,787.2,24,0,0,0.0,0,0,0,0
2025-11-22,SOL-02,Solar,128.8,343.4,24,0,0,0.0,0,0,0,0
2025-11-22,WND-01,Wind,2373.4,2330.2,24,0,0,0.0,0,0,0,0
2025-11-22,WND-02,Wind,1883.8,1221.0,24,0,0,0.0,0,0,0,0
2025-11-23,BAT-01,Battery Energy Storage,157.9,145.9,24,0,0,0.0,0,0,0,0
2025-11-23,BAT-02,Battery Energy Storage,95.7,97.3,24,0,0,0.0,0,0,0,0
2025-11-23,GAS-01,Natural Gas,5403.3,5420.3,15,9,0,34918.78,1,0,0,0
2025-11-23,GAS-02,Natural Gas,402.1,401.3,24,0,0,0.0,0,0,0,0
2025-11-23,SOL-01,Solar,760.0,783.6,24,0,0,0.0,0,0,0,0
2025-11-23,SOL-02,Solar,330.1,341.9,24,0,0,0.0,0,0,0,0
2025-11-23,WND-01,Wind,3335.6,2557.6,24,0,0,0.0,0,0,0,0
2025-11-23,WND-02,Wind,1258.8,1340.7,24,0,0,0.0,0,0,0,0
2025-11-24,BAT-01,Battery Energy Storage,263.5,237.3,24,0,0,0.0,0,0,0,0
2025-11-24,BAT-02,Battery Energy Storage,135.8,158.2,24,0,0,0.0,0,0,0,0
2025-11-24,GAS-01,Natural Gas,8721.8,8635.7,24,0,0,0.0,0,0,0,0
2025-11-24,GAS-02,Natural Gas,576.1,574.9,24,0,0,0.0,0,0,0,0
2025-11-24,SOL-01,Solar,700.4,780.1,24,0,0,0.0,0,0,0,0
2025-11-24,SOL-02,Solar,297.0,340.3,24,0,0,0.0,0,0,0,0
2025-11-24,WND-01,Wind,2201.6,2989.2,24,0,0,0.0,0,0,0,0
2025-11-24,WND-02,Wind,1755.3,1624.9,24,0,0,0.0,0,0,0,0
2025-11-25,BAT-01,Battery Energy Storage,229.4,239.4,24,0,0,0.0,0,0,0,0
2025-11-25,BAT-02,Battery Energy Storage,163.1,159.6,24,0,0,0.0,0,0,0,0
2025-11-25,GAS-01,Natural Gas,9219.6,9067.5,24,0,0,0.0,0,0,0,0
2025-11-25,GAS-02,Natural Gas,616.1,623.8,24,0,0,0.0,0,0,0,0
2025-11-25,SOL-01,Solar,825.4,776.8,24,0,0,0.0,0,0,0,0
2025-11-25,SOL-02,Solar,354.5,338.9,24,0,0,0.0,0,0,0,0
2025-11-25,WND-01,Wind,2725.6,2585.8,24,0,0,0.0,0,0,0,0
2025-11-25,WND-02,Wind,1865.8,1530.5,24,0,0,0.0,0,0,0,0
2025-11-26,BAT-01,Battery Energy Storage,239.9,241.5,24,0,0,0.0,0,0,0,0
2025-11-26,BAT-02,Battery Energy Storage,139.0,161.0,24,0,0,0.0,0,0,0,0
2025-11-26,GAS-01,Natural Gas,9243.9,9184.9,24,0,0,0.0,0,0,0,0
2025-11-26,GAS-02,Natural Gas,479.0,478.5,24,0,0,0.0,0,0,0,0
2025-11-26,SOL-01,Solar,794.7,773.6,24,0,0,0.0,0,0,0,0
2025-11-26,SOL-02,Solar,328.9,337.5,24,0,0,0.0,0,0,0,0
2025-11-26,WND-01,Wind,3585.7,2997.1,24,0,0,0.0,0,0,0,0
2025-11-26,WND-02,Wind,730.9,1189.3,24,0,0,0.0,0,0,0,0
2025-11-27,BAT-01,Battery Energy Storage,259.0,243.7,24,0,0,0.0,0,0,0,0
2025-11-27,BAT-02,Battery Energy Storage,143.7,162.5,24,0,0,0.0,0,0,0,0
2025-11-27,GAS-01,Natural Gas,9479.3,9264.9,24,0,0,0.0,0,0,0,0
2025-11-27,GAS-02,Natural Gas,499.0,494.5,24,0,0,0.0,0,0,0,0
2025-11-27,SOL-01,Solar,782.3,770.4,24,0,0,0.0,0,0,0,0
2025-11-27,SOL-02,Solar,305.1,336.1,24,0,0,0.0,0,0,0,0
2025-11-27,WND-01,Wind,3406.2,2882.0,24,0,0,0.0,0,0,0,0
2025-11-27,WND-02,Wind,1380.0,1535.4,24,0,0,0.0,0,0,0,0
2025-11-28,BAT-01,Battery Energy Storage,244.8,245.9,24,0,0,0.0,0,0,0,0
2025-11-28,BAT-02,Battery Energy Storage,162.4,164.0,24,0,0,0.0,0,0,0,0
2025-11-28,GAS-01,Natural Gas,8746.6,8694.2,24,0,0,0.0,0,0,0,0
2025-11-28,GAS-02,Natural Gas,274.4,274.0,24,0,0,0.0,0,0,0,0
2025-11-28,SOL-01,Solar,826.7,767.5,24,0,0,0.0,0,0,0,0
2025-11-28,SOL-02,Solar,291.4,334.8,24,0,0,0.0,0,0,0,0
2025-11-28,WND-01,Wind,3617.1,3177.3,24,0,0,0.0,0,0,0,0
2025-11-28,WND-02,Wind,504.8,1107.2,24,0,0,0.0,0,0,0,0
2025-11-29,BAT-01,Battery Energy Storage,159.4,153.9,24,0,0,0.0,0,0,0,0
2025-11-29,BAT-02,Battery Energy Storage,104.2,102.6,24,0,0,0.0,0,0,0,0
2025-11-29,GAS-01,Natural Gas,8924.5,8892.3,24,0,0,0.0,0,0,0,0
2025-11-29,GAS-02,Natural Gas,400.6,394.1,24,0,0,0.0,0,0,0,0
2025-11-29,SOL-01,Solar,559.8,764.6,24,0,0,0.0,0,0,0,0
2025-11-29,SOL-02,Solar,389.9,333.6,24,0,0,0.0,0,0,0,0
2025-11-29,WND-01,Wind,4682.9,3834.3,24,0,0,0.0,0,0,0,0
2025-11-29,WND-02,Wind,1300.3,1621.5,24,0,0,0.0,0,0,0,0
2025-11-30,BAT-01,Battery Energy Storage,162.6,155.3,24,0,0,0.0,0,0,0,0
2025-11-30,BAT-02,Battery Energy Storage,100.7,103.5,24,0,0,0.0,0,0,0,0
2025-11-30,GAS-01,Natural Gas,9103.9,9077.7,24,0,0,0.0,0,0,0,0
2025-11-30,GAS-02,Natural Gas,573.5,588.8,24,0,0,0.0,0,0,0,0
2025-11-30,SOL-01,Solar,608.7,761.8,24,0,0,0.0,0,0,0,0
2025-11-30,SOL-02,Solar,303.1,332.4,24,0,0,0.0,0,0,0,0
2025-11-30,WND-01,Wind,5040.0,3857.5,24,0,0,0.0,0,0,0,0
2025-11-30,WND-02,Wind,1021.7,1464.2,24,0,0,0.0,0,0,0,0
2025-12-01,BAT-01,Battery Energy Storage,244.3,252.8,24,0,0,0.0,0,0,0,0
2025-12-01,BAT-02,Battery Energy Storage,184.1,168.5,24,0,0,0.0,0,0,0,0
2025-12-01,GAS-01,Natural Gas,8505.4,8638.6,24,0,0,0.0,0,0,0,0
2025-12-01,GAS-02,Natural Gas,482.4,487.3,24,0,0,0.0,0,0,0,0
2025-12-01,SOL-01,Solar,759.0,759.2,24,0,0,0.0,0,0,0,0
2025-12-01,SOL-02,Solar,236.8,331.2,24,0,0,0.0,0,0,0,0
2025-12-01,WND-01,Wind,4748.8,3076.2,24,0,0,0.0,0,0,0,0
2025-12-01,WND-02,Wind,1213.1,1362.5,24,0,0,0.0,0,0,0,0
2025-12-02,BAT-01,Battery Energy Storage,261.6,255.2,24,0,0,0.0,0,0,0,0
2025-12-02,BAT-02,Battery Energy Storage,174.8,170.1,24,0,0,0.0,0,0,0,0
2025-12-02,GAS-01,Natural Gas,8393.2,8298.0,24,0,0,0.0,0,0,0,0
2025-12-02,GAS-02,Natural Gas,533.4,524.1,24,0,0,0.0,0,0,0,0
2025-12-02,SOL-01,Solar,741.6,756.7,24,0,0,0.0,0,0,0,0
2025-12-02,SOL-02,Solar,309.2,330.1,24,0,0,0.0,0,0,0,0
2025-12-02,WND-01,Wind,3783.0,2804.5,24,0,0,0.0,0,0,0,0
2025-12-02,WND-02,Wind,499.8,1077.9,24,0,0,0.0,0,0,0,0
2025-12-03,BAT-01,Battery Energy Storage,257.5,257.6,24,0,0,0.0,0,0,0,0
2025-12-03,BAT-02,Battery Energy Storage,169.1,171.7,24,0,0,0.0,0,0,0,0
2025-12-03,GAS-01,Natural Gas,8199.2,8447.1,24,0,0,0.0,0,0,0,0
2025-12-03,GAS-02,Natural Gas,501.4,496.0,24,0,0,0.0,0,0,0,0
2025-12-03,SOL-01,Solar,832.8,754.4,24,0,0,0.0,0,0,0,0
2025-12-03,SOL-02,Solar,266.2,329.1,24,0,0,0.0,0,1,0,0
2025-12-03,WND-01,Wind,2860.0,2723.7,24,0,0,0.0,0,0,0,0
2025-12-03,WND-02,Wind,958.9,914.1,24,0,0,0.0,0,0,0,0
2025-12-04,BAT-01,Battery Energy Storage,241.0,260.0,24,0,0,0.0,0,0,0,0
2025-12-04,BAT-02,Battery Energy Storage,187.7,173.3,24,0,0,0.0,0,0,0,0
2025-12-04,GAS-01,Natural Gas,8642.2,8703.5,24,0,0,0.0,0,0,0,0
2025-12-04,GAS-02,Natural Gas,747.9,743.0,24,0,0,0.0,0,0,0,0
2025-12-04,SOL-01,Solar,724.6,752.1,24,0,0,0.0,0,0,0,0
2025-12-04,SOL-02,Solar,193.1,328.1,24,0,0,0.0,0,0,0,0
2025-12-04,WND-01,Wind,3529.3,2985.6,24,0,0,0.0,0,0,0,0
2025-12-04,WND-02,Wind,1852.5,1562.0,24,0,0,0.0,0,0,0,0
2025-12-05,BAT-01,Battery Energy Storage,246.8,262.4,24,0,0,0.0,0,0,0,0
2025-12-05,BAT-02,Battery Energy Storage,191.4,174.9,24,0,0,0.0,0,0,0,0
2025-12-05,GAS-01,Natural Gas,9115.7,9113.2,24,0,0,0.0,0,0,0,0
2025-12-05,GAS-02,Natural Gas,434.7,428.3,24,0,0,0.0,0,0,0,0
2025-12-05,SOL-01,Solar,656.9,750.0,24,0,0,0.0,0,0,0,0
2025-12-05,SOL-02,Solar,201.2,327.2,24,0,0,0.0,0,0,0,0
2025-12-05,WND-01,Wind,2395.7,2279.9,24,0,0,0.0,0,0,0,0
2025-12-05,WND-02,Wind,1117.9,1169.0,24,0,0,0.0,0,0,0,0
2025-12-06,BAT-01,Battery Energy Storage,157.8,164.2,24,0,0,0.0,0,0,0,0
2025-12-06,BAT-02,Battery Energy Storage,112.8,109.5,24,0,0,0.0,0,0,0,0
2025-12-06,GAS-01,Natural Gas,9294.9,9383.9,24,0,0,0.0,0,0,0,0
2025-12-06,GAS-02,Natural Gas,657.2,672.6,24,0,0,0.0,0,0,0,0
2025-12-06,SOL-01,Solar,807.6,748.0,24,0,0,0.0,0,0,0,0
2025-12-06,SOL-02,Solar,258.0,326.3,24,0,0,0.0,0,0,0,0
2025-12-06,WND-01,Wind,2349.8,2831.2,24,0,0,0.0,0,0,0,0
2025-12-06,WND-02,Wind,865.9,1292.0,24,0,0,0.0,0,0,0,0
2025-12-07,BAT-01,Battery Energy Storage,175.0,165.7,24,0,0,0.0,0,0,0,0
2025-12-07,BAT-02,Battery Energy Storage,105.4,110.5,24,0,0,0.0,0,0,0,0
2025-12-07,GAS-01,Natural Gas,8153.3,8197.7,24,0,0,0.0,0,0,0,0
2025-12-07,GAS-02,Natural Gas,500.8,496.0,24,0,0,0.0,0,0,0,0
2025-12-07,SOL-01,Solar,736.8,746.2,24,0,0,0.0,0,0,0,0
2025-12-07,SOL-02,Solar,282.9,325.5,24,0,0,0.0,0,0,0,0
2025-12-07,WND-01,Wind,2550.1,2479.9,24,0,0,0.0,0,0,0,0
2025-12-07,WND-02,Wind,1440.1,1496.4,24,0,0,0.0,0,0,0,0
2025-12-08,BAT-01,Battery Energy Storage,237.8,224.8,20,4,0,2356.74,1,0,0,0
2025-12-08,BAT-02,Battery Energy Storage,173.9,179.9,24,0,0,0.0,0,0,0,0
2025-12-08,GAS-01,Natural Gas,8730.4,8541.8,24,0,0,0.0,0,0,0,0
2025-12-08,GAS-02,Natural Gas,692.0,683.3,24,0,0,0.0,0,0,0,0
2025-12-08,SOL-01,Solar,705.5,744.5,24,0,0,0.0,0,0,0,0
2025-12-08,SOL-02,Solar,226.5,243.6,18,6,0,4445.19,1,0,0,0
2025-12-08,WND-01,Wind,2301.2,2976.0,24,0,0,0.0,0,0,0,0
2025-12-08,WND-02,Wind,1825.7,1712.3,24,0,0,0.0,0,0,0,0
2025-12-09,BAT-01,Battery Energy Storage,284.5,272.2,24,0,0,0.0,0,0,0,0
2025-12-09,BAT-02,Battery Energy Storage,165.7,181.5,24,0,0,0.0,0,0,0,0
2025-12-09,GAS-01,Natural Gas,8765.1,8650.5,24,0,0,0.0,0,0,0,0
2025-12-09,GAS-02,Natural Gas,330.4,333.0,24,0,0,0.0,0,0,0,0
2025-12-09,SOL-01,Solar,639.0,742.9,24,0,0,0.0,0,0,0,0
2025-12-09,SOL-02,Solar,393.2,324.1,24,0,0,0.0,0,0,0,0
2025-12-09,WND-01,Wind,2634.6,3180.0,24,0,0,0.0,0,0,0,0
2025-12-09,WND-02,Wind,183.6,1152.5,24,0,0,0.0,0,0,0,0
2025-12-10,BAT-01,Battery Energy Storage,282.0,274.7,24,0,0,0.0,0,0,0,0
2025-12-10,BAT-02,Battery Energy Storage,182.7,183.1,24,0,0,0.0,0,0,0,0
2025-12-10,GAS-01,Natural Gas,9097.8,9173.3,24,0,0,0.0,0,0,0,0
2025-12-10,GAS-02,Natural Gas,518.0,502.2,24,0,0,0.0,0,0,0,0
2025-12-10,SOL-01,Solar,807.3,741.4,24,0,0,0.0,0,0,0,0
2025-12-10,SOL-02,Solar,374.2,323.4,24,0,0,0.0,0,0,0,0
2025-12-10,WND-01,Wind,2648.1,3348.2,14,0,10,29304.0,1,0,0,0
2025-12-10,WND-02,Wind,2079.0,1695.7,24,0,0,0.0,0,0,0,0
2025-12-11,BAT-01,Battery Energy Storage,284.0,277.2,24,0,0,0.0,0,0,0,0
2025-12-11,BAT-02,Battery Energy Storage,173.1,184.8,24,0,0,0.0,0,0,0,0
2025-12-11,GAS-01,Natural Gas,8524.9,8573.2,24,0,0,0.0,0,0,0,0
2025-12-11,GAS-02,Natural Gas,433.8,432.8,24,0,0,0.0,0,0,0,0
2025-12-11,SOL-01,Solar,679.0,740.0,24,0,0,0.0,0,0,0,0
2025-12-11,SOL-02,Solar,341.6,322.8,24,0,0,0.0,0,0,0,0
2025-12-11,WND-01,Wind,3958.0,3324.3,24,0,0,0.0,0,0,0,0
2025-12-11,WND-02,Wind,2254.6,2108.2,24,0,0,0.0,0,0,0,0
2025-12-12,BAT-01,Battery Energy Storage,284.3,279.6,24,0,0,0.0,0,0,0,0
2025-12-12,BAT-02,Battery Energy Storage,182.7,186.4,24,0,0,0.0,0,0,0,0
2025-12-12,GAS-01,Natural Gas,8485.8,8617.9,24,0,0,0.0,0,0,0,0
2025-12-12,GAS-02,Natural Gas,483.7,496.7,24,0,0,0.0,0,0,0,0
2025-12-12,SOL-01,Solar,652.9,738.8,24,0,0,0.0,0,0,0,0
2025-12-12,SOL-02,Solar,316.1,322.3,24,0,0,0.0,0,0,0,0
2025-12-12,WND-01,Wind,3330.3,2731.6,24,0,0,0.0,0,0,0,0
2025-12-12,WND-02,Wind,2499.4,1877.0,24,0,0,0.0,0,0,0,0
2025-12-13,BAT-01,Battery Energy Storage,179.2,174.9,24,0,0,0.0,0,0,0,0
2025-12-13,BAT-02,Battery Energy Storage,118.4,116.6,24,0,0,0.0,0,0,0,0
2025-12-13,GAS-01,Natural Gas,8241.5,8172.3,24,0,0,0.0,0,0,0,0
2025-12-13,GAS-02,Natural Gas,629.6,626.7,24,0,0,0.0,0,0,0,0
2025-12-13,SOL-01,Solar,804.6,737.8,24,0,0,0.0,0,0,0,0
2025-12-13,SOL-02,Solar,356.2,321.9,24,0,0,0.0,0,0,0,0
2025-12-13,WND-01,Wind,3928.6,3366.3,24,0,0,0.0,0,0,0,0
2025-12-13,WND-02,Wind,1958.4,1476.2,24,0,0,0.0,0,0,0,0
2025-12-14,BAT-01,Battery Energy Storage,181.4,176.4,24,0,0,0.0,0,0,0,0
2025-12-14,BAT-02,Battery Energy Storage,103.6,117.6,24,0,0,0.0,0,0,0,0
2025-12-14,GAS-01,Natural Gas,9005.0,9032.1,24,0,0,0.0,0,0,0,0
2025-12-14,GAS-02,Natural Gas,520.9,525.5,24,0,0,0.0,0,0,0,0
2025-12-14,SOL-01,Solar,728.8,736.8,24,0,0,0.0,0,0,0,0
2025-12-14,SOL-02,Solar,261.6,321.4,24,0,0,0.0,0,0,0,0
2025-12-14,WND-01,Wind,3798.3,3062.4,24,0,0,0.0,0,0,0,0
2025-12-14,WND-02,Wind,525.2,1066.1,24,0,0,0.0,0,0,0,0
2025-12-15,BAT-01,Battery Energy Storage,262.7,286.9,24,0,0,0.0,0,0,0,0
2025-12-15,BAT-02,Battery Energy Storage,176.8,191.3,24,0,0,0.0,0,0,0,0
2025-12-15,GAS-01,Natural Gas,8533.4,8739.6,24,0,0,0.0,0,0,0,0
2025-12-15,GAS-02,Natural Gas,635.2,626.4,24,0,0,0.0,0,0,0,0
2025-12-15,SOL-01,Solar,801.2,736.0,24,0,0,0.0,0,0,0,0
2025-12-15,SOL-02,Solar,324.8,321.1,24,0,0,0.0,0,0,0,0
2025-12-15,WND-01,Wind,4604.3,3189.8,24,0,0,0.0,0,0,0,0
2025-12-15,WND-02,Wind,1371.4,1414.7,24,0,0,0.0,0,0,0,0
2025-12-16,BAT-01,Battery Energy Storage,275.5,289.3,24,0,0,0.0,0,0,0,0
2025-12-16,BAT-02,Battery Energy Storage,187.0,192.8,24,0,0,0.0,0,0,0,0
2025-12-16,GAS-01,Natural Gas,8526.4,8516.1,24,0,0,0.0,0,0,0,0
2025-12-16,GAS-02,Natural Gas,3273.5,3252.2,24,0,0,0.0,0,0,0,0
2025-12-16,SOL-01,Solar,566.8,735.3,24,0,0,0.0,0,0,0,0
2025-12-16,SOL-02,Solar,379.6,320.8,24,0,0,0.0,0,0,0,0
2025-12-16,WND-01,Wind,4224.8,3258.9,24,0,0,0.0,0,0,0,0
2025-12-16,WND-02,Wind,1042.6,1432.6,24,0,0,0.0,0,0,0,0
2025-12-17,BAT-01,Battery Energy Storage,273.6,291.6,24,0,0,0.0,0,0,0,0
2025-12-17,BAT-02,Battery Energy Storage,193.8,194.4,24,0,0,0.0,0,0,0,0
2025-12-17,GAS-01,Natural Gas,8740.9,8695.1,24,0,0,0.0,0,0,0,0
2025-12-17,GAS-02,Natural Gas,378.5,381.3,24,0,0,0.0,0,0,0,0
2025-12-17,SOL-01,Solar,779.6,734.8,24,0,0,0.0,0,0,0,0
2025-12-17,SOL-02,Solar,361.5,320.6,24,0,0,0.0,0,0,0,0
2025-12-17,WND-01,Wind,3656.1,3033.3,24,0,0,0.0,0,0,0,0
2025-12-17,WND-02,Wind,1635.2,1428.4,24,0,0,0.0,0,0,0,0
2025-12-18,BAT-01,Battery Energy Storage,313.4,293.9,24,0,0,0.0,0,0,0,0
2025-12-18,BAT-02,Battery Energy Storage,190.1,195.9,24,0,0,0.0,0,0,0,0
2025-12-18,GAS-01,Natural Gas,9431.8,9324.0,24,0,0,0.0,0,0,0,0
2025-12-18,GAS-02,Natural Gas,490.6,481.9,24,0,0,0.0,0,0,0,0
2025-12-18,SOL-01,Solar,788.0,734.4,24,0,0,0.0,0,0,0,0
2025-12-18,SOL-02,Solar,313.1,320.4,24,0,0,0.0,0,0,0,0
2025-12-18,WND-01,Wind,2231.3,2574.7,24,0,0,0.0,0,0,0,0
2025-12-18,WND-02,Wind,1073.5,1452.0,18,0,6,15465.6,1,0,0,0
2025-12-19,BAT-01,Battery Energy Storage,325.6,296.2,24,0,0,0.0,0,0,0,0
2025-12-19,BAT-02,Battery Energy Storage,194.2,197.5,24,0,0,0.0,0,0,0,0
2025-12-19,GAS-01,Natural Gas,8349.6,8357.0,24,0,0,0.0,0,0,0,0
2025-12-19,GAS-02,Natural Gas,480.7,475.4,24,0,0,0.0,0,0,0,0
2025-12-19,SOL-01,Solar,769.8,734.1,24,0,0,0.0,0,0,0,0
2025-12-19,SOL-02,Solar,313.5,320.2,24,0,0,0.0,0,0,0,0
2025-12-19,WND-01,Wind,1424.3,2551.7,24,0,0,0.0,0,0,0,0
2025-12-19,WND-02,Wind,1651.0,1549.8,24,0,0,0.0,0,0,0,0
2025-12-20,BAT-01,Battery Energy Storage,160.9,185.0,24,0,0,0.0,0,0,0,0
2025-12-20,BAT-02,Battery Energy Storage,118.1,123.3,24,0,0,0.0,0,0,0,0
2025-12-20,GAS-01,Natural Gas,8393.3,8431.0,24,0,0,0.0,0,0,0,0
2025-12-20,GAS-02,Natural Gas,453.1,457.7,24,0,0,0.0,0,0,0,0
2025-12-20,SOL-01,Solar,713.2,733.9,24,0,0,0.0,0,0,0,0
2025-12-20,SOL-02,Solar,331.9,320.2,24,0,0,0.0,0,0,0,0
2025-12-20,WND-01,Wind,800.8,1920.8,24,0,0,0.0,0,0,0,0
2025-12-20,WND-02,Wind,1054.2,1298.8,24,0,0,0.0,0,0,0,0
2025-12-21,BAT-01,Battery Energy Storage,203.9,186.4,24,0,0,0.0,0,0,0,0
2025-12-21,BAT-02,Battery Energy Storage,113.4,124.2,24,0,0,0.0,0,0,0,0
2025-12-21,GAS-01,Natural Gas,9604.4,9380.8,24,0,0,0.0,0,0,0,0
2025-12-21,GAS-02,Natural Gas,364.3,365.0,24,0,0,0.0,0,0,0,0
2025-12-21,SOL-01,Solar,695.8,733.9,24,0,0,0.0,0,0,0,0
2025-12-21,SOL-02,Solar,382.3,320.2,24,0,0,0.0,0,0,0,0
2025-12-21,WND-01,Wind,1534.3,2778.7,24,0,0,0.0,0,0,0,0
2025-12-21,WND-02,Wind,1892.4,1779.4,24,0,0,0.0,0,0,0,0
2025-12-22,BAT-01,Battery Energy Storage,304.3,302.7,24,0,0,0.0,0,0,0,0
2025-12-22,BAT-02,Battery Energy Storage,195.3,201.8,24,0,0,0.0,0,0,0,0
2025-12-22,GAS-01,Natural Gas,8847.9,8847.2,24,0,0,0.0,0,0,0,0
2025-12-22,GAS-02,Natural Gas,2736.2,2719.3,24,0,0,0.0,0,0,0,0
2025-12-22,SOL-01,Solar,618.8,734.0,24,0,0,0.0,0,0,0,0
2025-12-22,SOL-02,Solar,256.6,320.2,16,0,8,10578.6,1,0,0,0
2025-12-22,WND-01,Wind,1115.2,1947.0,24,0,0,0.0,0,0,0,0
2025-12-22,WND-02,Wind,905.0,1397.0,24,0,0,0.0,0,0,0,0
2025-12-23,BAT-01,Battery Energy Storage,323.3,304.8,24,0,0,0.0,0,0,0,0
2025-12-23,BAT-02,Battery Energy Storage,200.6,203.2,24,0,0,0.0,0,0,0,0
2025-12-23,GAS-01,Natural Gas,9195.3,9116.6,24,0,0,0.0,0,0,0,0
2025-12-23,GAS-02,Natural Gas,434.6,436.5,24,0,0,0.0,0,0,0,0
2025-12-23,SOL-01,Solar,747.9,734.3,24,0,0,0.0,0,0,0,0
2025-12-23,SOL-02,Solar,382.7,320.3,24,0,0,0.0,0,0,0,0
2025-12-23,WND-01,Wind,2344.9,3073.5,24,0,0,0.0,0,0,0,0
2025-12-23,WND-02,Wind,2927.2,2182.4,24,0,0,0.0,0,0,0,0
2025-12-24,BAT-01,Battery Energy Storage,316.2,306.8,24,0,0,0.0,0,0,0,0
2025-12-24,BAT-02,Battery Energy Storage,200.7,204.6,24,0,0,0.0,0,0,0,0
2025-12-24,GAS-01,Natural Gas,8936.8,8995.0,24,0,0,0.0,0,0,0,0
2025-12-24,GAS-02,Natural Gas,648.5,651.1,24,0,0,0.0,0,0,0,0
2025-12-24,SOL-01,Solar,778.3,734.7,24,0,0,0.0,0,0,0,0
2025-12-24,SOL-02,Solar,255.1,320.5,24,0,0,0.0,0,0,0,0
2025-12-24,WND-01,Wind,2521.7,2542.3,24,0,0,0.0,0,0,0,0
2025-12-24,WND-02,Wind,3360.0,2380.2,24,0,0,0.0,0,0,0,0
2025-12-25,BAT-01,Battery Energy Storage,335.5,308.8,24,0,0,0.0,0,0,0,0
2025-12-25,BAT-02,Battery Energy Storage,207.2,205.9,24,0,0,0.0,0,0,0,0
2025-12-25,GAS-01,Natural Gas,8869.6,8796.8,24,0,0,0.0,0,0,0,0
2025-12-25,GAS-02,Natural Gas,481.7,481.5,24,0,0,0.0,0,0,0,0
2025-12-25,SOL-01,Solar,758.9,735.2,24,0,0,0.0,0,0,0,0
2025-12-25,SOL-02,Solar,346.1,320.7,24,0,0,0.0,0,0,0,0
2025-12-25,WND-01,Wind,2470.9,2754.3,24,0,0,0.0,0,0,0,0
2025-12-25,WND-02,Wind,3360.0,2715.6,24,0,0,0.0,0,0,0,0
2025-12-26,BAT-01,Battery Energy Storage,314.6,310.7,24,0,0,0.0,0,0,0,0
2025-12-26,BAT-02,Battery Energy Storage,212.3,207.1,24,0,0,0.0,0,0,0,0
2025-12-26,GAS-01,Natural Gas,8503.6,8654.8,24,0,0,0.0,0,0,0,0
2025-12-26,GAS-02,Natural Gas,252.4,255.7,11,13,0,34575.18,1,0,0,0
2025-12-26,SOL-01,Solar,796.3,735.8,24,0,0,0.0,0,0,0,0
2025-12-26,SOL-02,Solar,292.4,321.0,24,0,0,0.0,0,0,0,0
2025-12-26,WND-01,Wind,2053.0,2495.4,24,0,0,0.0,0,0,0,0
2025-12-26,WND-02,Wind,3360.0,2242.2,24,0,0,0.0,0,0,0,0
2025-12-27,BAT-01,Battery Energy Storage,177.9,193.8,24,0,0,0.0,0,0,0,0
2025-12-27,BAT-02,Battery Energy Storage,134.5,129.2,24,0,0,0.0,0,0,0,0
2025-12-27,GAS-01,Natural Gas,9139.0,9190.0,24,0,0,0.0,0,0,0,0
2025-12-27,GAS-02,Natural Gas,532.3,546.9,24,0,0,0.0,0,0,0,0
2025-12-27,SOL-01,Solar,702.9,736.6,24,0,0,0.0,0,0,0,0
2025-12-27,SOL-02,Solar,405.6,321.3,24,0,0,0.0,0,0,0,0
2025-12-27,WND-01,Wind,2697.8,2762.5,24,0,0,0.0,0,0,0,0
2025-12-27,WND-02,Wind,3044.1,1831.5,24,0,0,0.0,0,0,0,0
2025-12-28,BAT-01,Battery Energy Storage,193.6,194.9,24,0,0,0.0,0,0,0,0
2025-12-28,BAT-02,Battery Energy Storage,125.0,129.9,24,0,0,0.0,0,0,0,0
2025-12-28,GAS-01,Natural Gas,9204.6,9340.0,24,0,0,0.0,0,0,0,0
2025-12-28,GAS-02,Natural Gas,382.2,381.1,24,0,0,0.0,0,0,0,0
2025-12-28,SOL-01,Solar,760.7,737.5,24,0,0,0.0,0,0,0,0
2025-12-28,SOL-02,Solar,330.1,321.7,24,0,0,0.0,0,0,0,0
2025-12-28,WND-01,Wind,2235.2,2857.7,24,0,0,0.0,0,0,0,0
2025-12-28,WND-02,Wind,3360.0,1968.2,24,0,0,0.0,0,0,0,0
2025-12-29,BAT-01,Battery Energy Storage,325.7,316.0,24,0,0,0.0,0,0,0,0
2025-12-29,BAT-02,Battery Energy Storage,190.7,210.6,24,0,0,0.0,0,0,0,0
2025-12-29,GAS-01,Natural Gas,9237.0,9304.6,24,0,0,0.0,0,0,0,0
2025-12-29,GAS-02,Natural Gas,511.6,524.1,24,0,0,0.0,0,0,0,0
2025-12-29,SOL-01,Solar,797.3,738.6,24,0,0,0.0,0,0,0,0
2025-12-29,SOL-02,Solar,276.4,322.2,24,0,0,0.0,0,0,0,0
2025-12-29,WND-01,Wind,1807.5,2855.7,24,0,0,0.0,0,0,0,0
2025-12-29,WND-02,Wind,2501.5,1874.4,24,0,0,0.0,0,0,0,0
2025-12-30,BAT-01,Battery Energy Storage,313.4,317.6,24,0,0,0.0,0,0,0,0
2025-12-30,BAT-02,Battery Energy Storage,227.9,211.7,24,0,0,0.0,0,0,0,0
2025-12-30,GAS-01,Natural Gas,8399.2,8275.1,24,0,0,0.0,0,0,0,0
2025-12-30,GAS-02,Natural Gas,702.9,711.4,24,0,0,0.0,0,0,0,0
2025-12-30,SOL-01,Solar,687.4,739.7,24,0,0,0.0,0,0,0,0
2025-12-30,SOL-02,Solar,381.7,322.7,24,0,0,0.0,0,0,0,0
2025-12-30,WND-01,Wind,2888.0,3191.2,24,0,0,0.0,0,0,0,0
2025-12-30,WND-02,Wind,957.7,1508.6,24,0,0,0.0,0,0,0,0
2025-12-31,BAT-01,Battery Energy Storage,331.7,319.1,24,0,0,0.0,0,0,0,0
2025-12-31,BAT-02,Battery Energy Storage,217.6,212.7,24,0,0,0.0,0,0,0,0
2025-12-31,GAS-01,Natural Gas,9335.6,9404.7,24,0,0,0.0,0,0,0,0
2025-12-31,GAS-02,Natural Gas,499.3,510.2,24,0,0,0.0,0,0,0,0
2025-12-31,SOL-01,Solar,685.6,741.0,24,0,0,0.0,0,0,0,0
2025-12-31,SOL-02,Solar,342.2,323.3,24,0,0,0.0,0,0,0,0
2025-12-31,WND-01,Wind,3147.2,2913.7,24,0,0,0.0,0,0,0,0
2025-12-31,WND-02,Wind,2345.8,1734.7,24,0,0,0.0,0,0,0,0
